unityFrame,realtimeSeconds,sourceHostTicks,sentisArrivalHostTicks,ortObservedHostTicks,rowMode,selectedRowMode,workerQueueMs,ortInferenceMs,bridgeToDoneMs,sourceToOrtObservedMs,sourceToSentisArrivalMs,ortMinusSentisObservedMs,landmarkMaeRaw,landmarkMaeNormalized,landmarkMaxAbsRaw,sentisPresenceLogit,ortPresenceLogit,presenceLogitAbsDiff,sentisPresence,ortPresence,presenceAbsDiff,nativeCompleted,nativeFailures,nativeSkipped,nativeReadyReplacements
455,18.579508703911564,268451922,269415132,268875498,1,1,0.0178,19.5193,19.5513,42.3576,96.321,0,1.46787233E-05,7.64516841E-08,0.000106811523,9.25885,9.258861,1.04904175E-05,0.999904752,0.999904752,0,416,0,0,0
457,18.638295703911567,269091711,270002978,269411981,1,1,0.0301,18.7239,18.7719,32.027,91.1267,0,1.390476E-05,7.24206259E-08,9.15527344E-05,13.6655254,13.6655264,9.536743E-07,0.999998868,0.999998868,0,417,0,0,0
458,18.662989003911566,269246303,270249810,269744954,1,1,0.0187,19.9754,20.0154,49.8651,100.3507,0,1.38796968E-05,7.2290085E-08,0.000122070313,11.69987,11.6998844,1.43051147E-05,0.9999917,0.9999917,0,419,0,0,0
459,18.689961703911568,269730724,270519515,269998293,1,1,0.0157,19.5654,19.5956,26.7569,78.8791,0,1.42830486E-05,7.43908757E-08,0.000106811523,11.7280769,11.7280788,1.90734863E-06,0.999991953,0.999991953,0,420,0,0,0
461,18.752128903911565,270212456,271141255,270512290,1,1,1.6488,22.5188,24.1816,29.9834,92.8799,0,1.440846E-05,7.504406E-08,0.000122070313,13.4940071,13.4940147,7.62939453E-06,0.9999986,0.9999986,0,422,0,0,0
462,18.774174903911565,270388162,271362001,270761040,1,1,0.0229,21.5779,21.628,37.2878,97.3839,0,1.38562818E-05,7.21681346E-08,9.15527344E-05,14.7937326,14.7937336,9.536743E-07,0.999999642,0.999999642,0,423,0,0,0
463,18.800637503911567,270709189,271626178,271135443,1,1,0.0238,28.9631,29.0052,42.6254,91.6989,0,1.35551481E-05,7.059973E-08,9.15527344E-05,9.795516,9.795519,2.861023E-06,0.9999443,0.9999443,0,424,0,0,0
464,18.827733303911565,271024996,271897265,271358716,1,1,0.024,17.9802,18.0415,33.372,87.2269,0,1.3644727E-05,7.106629E-08,7.62939453E-05,14.4314079,14.4314041,3.81469727E-06,0.999999464,0.999999464,0,424,0,0,0
465,18.851435703911566,271181151,272134637,271621980,1,1,0.0226,19.8467,19.8879,44.0829,95.3486,0,1.41703167E-05,7.380373E-08,9.15527344E-05,13.3637514,13.3637524,9.536743E-07,0.99999845,0.99999845,0,426,0,0,0
466,18.880586903911567,271492506,272425888,271892941,1,1,0.0168,25.1304,25.167,40.0435,93.3382,0,1.593404E-05,8.298979E-08,9.15527344E-05,9.012946,9.012952,5.722046E-06,0.999878168,0.999878168,0,427,0,0,0
468,18.934829203911566,271974390,272968385,272424098,1,1,23.2298,1.6959,24.9427,44.9708,99.3995,0,1.50008527E-05,7.812944E-08,9.15527344E-05,11.2195692,11.2195578,1.14440918E-05,0.9999866,0.9999866,0,428,0,0,0
469,18.959625703911566,272296579,273216068,272687798,1,1,0.0197,24.7259,24.7583,39.1219,91.9489,0,1.39941112E-05,7.28859959E-08,0.00016784668,10.2395353,10.2395344,9.536743E-07,0.9999643,0.9999643,0,429,0,0,0
470,18.991219603911567,272619729,273532264,272965785,1,1,0.0125,26.4785,26.5047,34.6056,91.2535,0,1.35994469E-05,7.083045E-08,9.15527344E-05,14.3818645,14.3818569,7.62939453E-06,0.9999994,0.9999994,0,430,0,0,0
472,19.037181803911565,273099392,273991823,273527515,1,1,0.0226,28.0125,28.053,42.8123,89.2431,0,1.36567314E-05,7.112881E-08,0.000122070313,11.7029247,11.7029285,3.81469727E-06,0.9999917,0.9999917,0,432,0,0,0
473,19.064746103911567,273410770,274267615,273772726,1,1,0.0126,22.6825,22.7097,36.1956,85.6845,0,1.39585245E-05,7.270065E-08,9.15527344E-05,13.8795195,13.8795261,6.67572E-06,0.999999046,0.999999046,0,432,0,0,0
475,19.118755903911566,273898008,274807374,274263621,1,1,0.0185,18.7508,18.7852,36.5613,90.9366,0,1.36556964E-05,7.112342E-08,0.000122070313,9.183932,9.183925,7.62939453E-06,0.999897361,0.999897361,0,434,0,0,0
477,19.170878503911567,274381481,275328360,274804552,1,1,1.844,25.7451,27.6077,42.3071,94.6879,0,1.34830207E-05,7.022407E-08,9.15527344E-05,10.757184,10.7571774,6.67572E-06,0.9999787,0.9999787,0,436,0,0,0
478,19.196468603911566,274709490,275584715,275320700,1,1,0.0103,27.9792,28.0013,61.121,87.5225,0,1.46618986E-05,7.636405E-08,0.000106811523,12.8122864,12.8122988,1.23977661E-05,0.999997258,0.999997258,0,436,0,0,0
480,19.244524903911564,275170143,276065257,275581123,1,1,0.0175,22.0991,22.1316,41.098,89.5114,0,1.46241046E-05,7.616721E-08,0.000122070313,9.101922,9.101915,6.67572E-06,0.999888539,0.999888539,0,438,0,0,0
481,19.268497103911567,275341084,276305362,276062599,1,1,0.0203,21.8554,21.9021,72.1515,96.4278,0,1.38905889E-05,7.23468148E-08,8.392334E-05,9.997762,9.997756,5.722046E-06,0.9999545,0.9999545,0,440,0,0,0
482,19.291873803911567,275662160,276538983,276303277,1,1,0.0162,27.4407,27.4727,64.1117,87.6823,0,1.38308378E-05,7.203561E-08,0.0001373291,11.1260471,11.12604,6.67572E-06,0.9999853,0.9999853,0,441,0,0,0
484,19.345488103911567,276289534,277075003,276535662,1,1,0.0163,21.5939,21.6235,24.6128,78.5469,0,1.5202867E-05,7.91815964E-08,0.000106811523,10.504467,10.5044756,8.583069E-06,0.9999726,0.9999726,0,443,0,0,0
485,19.370463203911566,276453052,277324711,276812752,1,1,0.0112,25.7484,25.7715,35.97,87.1659,0,1.48713179E-05,7.745478E-08,0.000106811523,8.350641,8.350642,9.536743E-07,0.9997638,0.9997638,0,444,0,0,0
487,19.422925503911564,276957072,277849274,277319904,1,1,0.0163,21.8566,21.8873,36.2832,89.2202,0,1.41205692E-05,7.354463E-08,0.000122070313,5.711378,5.711382,3.81469727E-06,0.9967028,0.9967028,0,445,0,0,0
488,19.447806803911565,277248453,278098309,277590859,1,1,0.0171,23.8044,23.8407,34.2406,84.9856,0,1.48045065E-05,7.71068045E-08,0.000106811523,9.841951,9.841945,6.67572E-06,0.999946833,0.999946833,0,447,0,0,0
489,19.472993803911567,277419033,278350336,278095795,1,1,0.0204,25.1242,25.1608,67.6762,93.1303,0,1.36623639E-05,7.115815E-08,0.000106811523,11.7404966,11.7405014,4.76837158E-06,0.999992,0.999992,0,447,0,0,0
491,19.521740903911567,278046230,278837306,278348305,1,1,0.7688,23.1353,23.9202,30.2075,79.1076,0,1.44231881E-05,7.51207736E-08,0.000106811523,9.743968,9.743982,1.43051147E-05,0.999941349,0.999941349,0,450,0,0,0
492,19.547267503911566,278213458,279092695,278832722,1,1,0.0128,22.4865,22.5097,61.9264,87.9237,0,1.48856179E-05,7.752926E-08,0.000106811523,9.606287,9.606286,9.536743E-07,0.9999327,0.9999327,0,451,0,0,0
494,19.597469603911566,278690132,279594467,279088209,1,1,0.0342,23.445,23.4934,39.8077,90.4335,0,1.43942189E-05,7.496989E-08,0.000122070313,12.4610977,12.4610949,2.861023E-06,0.9999961,0.9999961,0,452,0,0,0
495,19.623069703911565,279006618,279850811,279337433,1,1,0.0137,22.5687,22.5996,33.0815,84.4193,0,1.39766971E-05,7.27952951E-08,0.000106811523,9.634792,9.634788,4.76837158E-06,0.9999346,0.9999346,0,454,0,0,0
496,19.649529403911565,279172845,280115050,279846705,1,1,0.0146,35.9658,35.9965,67.386,94.2205,0,1.3811451E-05,7.193464E-08,0.000106811523,9.030173,9.030171,1.90734863E-06,0.999880254,0.999880254,0,455,0,0,0
498,19.702153003911565,279659056,280640570,280111663,1,1,9.5968,14.1628,23.7728,45.2607,98.1514,0,1.45502463E-05,7.578253E-08,0.000106811523,12.8634977,12.8634834,1.43051147E-05,0.999997437,0.999997437,0,457,0,0,0
499,19.727804703911566,279987284,280898044,280384992,1,1,0.0164,25.6306,25.6634,39.7708,91.076,0,1.33852518E-05,6.971485E-08,0.000122070313,10.1735544,10.1735525,1.90734863E-06,0.999961853,0.999961853,0,457,0,0,0
501,19.777005603911565,280449786,281389972,280895039,1,1,0.0152,23.6309,23.6684,44.5253,94.0186,0,1.49693942E-05,7.79655949E-08,0.000106811523,6.33595371,6.33595753,3.81469727E-06,0.998231649,0.9982317,5.96046448E-08,460,0,0,0
503,19.828262103911566,281106108,281901912,281385162,1,1,0.0093,20.9901,21.0088,27.9054,79.5804,0,1.47693563E-05,7.692373E-08,0.000122070313,8.763493,8.763496,3.81469727E-06,0.999843657,0.9998437,5.96046448E-08,462,0,0,0
504,19.860309403911565,281253144,282222762,281647963,1,1,0.0162,24.0287,24.0618,39.4819,96.9618,0,1.4307604E-05,7.451877E-08,0.000106811523,9.086084,9.086095,1.04904175E-05,0.9998868,0.9998868,0,463,0,0,0
506,19.909858803911565,281887598,282718833,282217647,1,1,0.0268,26.2406,26.2887,33.0049,83.1235,0,1.37457855E-05,7.159263E-08,9.15527344E-05,8.306361,8.306354,7.62939453E-06,0.9997531,0.9997531,0,464,0,0,0
508,19.956824803911566,282376394,283186205,282714946,1,1,0.0144,18.7801,18.8083,33.8552,80.9811,0,1.43203688E-05,7.458525E-08,9.15527344E-05,8.767159,8.767156,3.81469727E-06,0.999844253,0.999844253,0,466,0,0,0
509,19.982138703911566,282529876,283441615,283184348,1,1,0.0156,24.2302,24.2678,65.4472,91.1739,0,1.49172474E-05,7.7694E-08,0.000106811523,8.422803,8.422807,3.81469727E-06,0.999780238,0.999780238,0,467,0,0,0
510,20.007869803911564,282851805,283699080,283437636,1,1,1.3702,21.5129,22.8996,58.5831,84.7275,0,1.39238664E-05,7.252014E-08,0.000122070313,9.340337,9.340334,2.861023E-06,0.9999122,0.9999122,0,468,0,0,0
511,20.033440603911565,283168325,283954106,283695927,1,1,0.0089,23.6783,23.6972,52.7602,78.5781,0,1.39927424E-05,7.287887E-08,9.15527344E-05,14.6416788,14.6416883,9.536743E-06,0.9999996,0.9999996,0,470,0,0,0
512,20.059833003911567,283335877,284218635,283949474,1,1,0.0111,47.9546,47.9805,61.3597,88.2758,0,1.40666234E-05,7.32636636E-08,0.000122070313,11.4989433,11.4989376,5.722046E-06,0.999989867,0.999989867,0,470,0,0,0
514,20.111504403911567,283810386,284734909,284215387,1,1,1.2243,23.6882,24.9202,40.5001,92.4523,0,1.343878E-05,6.99936464E-08,0.000106811523,14.2393732,14.2393818,8.583069E-06,0.999999344,0.999999344,0,473,0,0,0
515,20.135832303911567,283969382,284978409,284731785,1,1,0.0168,25.6333,25.6666,76.2403,100.9027,0,1.4542894E-05,7.574424E-08,0.000106811523,11.77595,11.7759562,5.722046E-06,0.9999923,0.9999923,0,473,0,0,0
517,20.189174803911566,284608105,285511077,284974582,1,1,2.849,19.0185,21.8892,36.6477,90.2972,0,1.47914334E-05,7.703871E-08,9.918213E-05,11.8708429,11.870841,1.90734863E-06,0.999993,0.999993,0,476,0,0,0
518,20.213737003911564,284928737,285757509,285505054,1,1,0.0176,27.0201,27.0534,57.6317,82.8772,0,1.35880882E-05,7.077129E-08,0.000122070313,10.4768505,10.4768362,1.43051147E-05,0.9999718,0.9999718,0,477,0,0,0
520,20.261064803911566,285410918,286230920,285754246,1,1,8.8316,13.9349,22.7802,34.3328,82.0002,0,1.44007981E-05,7.500416E-08,0.000106811523,11.3213,11.3213,0,0.9999879,0.9999879,0,479,0,0,0
521,20.286167003911565,285727138,286481559,285952969,1,1,0.0089,18.2801,18.2987,22.5831,75.4421,0,1.37471916E-05,7.15999562E-08,9.15527344E-05,13.4688644,13.4688625,1.90734863E-06,0.999998569,0.999998569,0,480,0,0,0
522,20.312068503911565,285888250,286740863,286225639,1,1,0.0102,24.0083,24.0285,33.7389,85.2613,0,1.55555354E-05,8.101841E-08,0.000122070313,14.003377,14.0033655,1.14440918E-05,0.999999166,0.999999166,0,481,0,0,0
523,20.333277103911566,286052047,286952771,286475687,1,1,0.0121,22.9704,22.9942,42.364,90.0724,0,1.30535873E-05,6.79874361E-08,0.000106811523,11.4346008,11.4345989,1.90734863E-06,0.9999892,0.9999892,0,481,0,0,0
524,20.364139503911566,286370154,287261235,286737518,1,1,0.0213,23.5633,23.601,36.7364,89.1081,0,1.37268062E-05,7.149378E-08,9.15527344E-05,12.50764,12.5076532,1.335144E-05,0.9999963,0.9999963,0,483,0,0,0
525,20.395271003911567,286687784,287572829,286950581,1,1,0.0131,19.8806,19.9041,26.2797,88.5045,0,1.385614E-05,7.21673956E-08,9.15527344E-05,9.208103,9.208109,5.722046E-06,0.9998998,0.9998998,0,483,0,0,0
527,20.447082203911567,287172094,288090654,287568171,1,1,0.013,27.8372,27.864,39.6077,91.856,0,1.49535463E-05,7.788305E-08,0.000106811523,14.0718594,14.0718622,2.861023E-06,0.9999992,0.9999992,0,486,0,0,0
529,20.498652903911566,287804557,288606071,288086167,1,1,7.2375,16.3695,23.6261,28.161,80.1514,0,1.35193131E-05,7.041309E-08,9.15527344E-05,10.9512177,10.9512234,5.722046E-06,0.9999825,0.9999825,0,487,0,0,0
530,20.520279403911566,287983474,288822543,288337307,1,1,0.0121,22.8197,22.8482,35.3833,83.9069,0,1.38809719E-05,7.229673E-08,0.000106811523,13.0818872,13.0818825,4.76837158E-06,0.9999979,0.9999979,0,489,0,0,0
531,20.551206303911567,288145333,289131201,288817540,1,1,0.0105,25.848,25.8686,67.2207,98.5868,0,1.40428729E-05,7.31399652E-08,9.15527344E-05,12.4888458,12.48885,3.81469727E-06,0.999996245,0.999996245,0,489,0,0,0
533,20.598797703911565,288778639,289608373,289123512,1,1,0.0166,21.7234,21.7512,34.4873,82.9734,0,1.47664723E-05,7.690871E-08,9.15527344E-05,14.5030813,14.503087,5.722046E-06,0.9999995,0.9999995,0,491,0,0,0
534,20.621739803911566,289088455,289837357,289606681,1,1,0.0159,21.3703,21.3999,51.8226,74.8902,0,1.37111574E-05,7.141228E-08,0.00016784668,11.5601406,11.5601425,1.90734863E-06,0.999990463,0.999990463,0,493,0,0,0
535,20.646805103911564,289254921,290088043,289833773,1,1,0.0099,24.2834,24.3024,57.8852,83.3122,0,1.37665611E-05,7.170084E-08,0.000106811523,12.6510029,12.6509914,1.14440918E-05,0.9999968,0.9999968,0,493,0,0,0
537,20.693280103911565,289732114,290552391,290083234,1,1,0.0512,21.8216,21.8818,35.112,82.0277,0,1.439659E-05,7.498224E-08,0.0001373291,11.6052256,11.6052208,4.76837158E-06,0.9999909,0.9999909,0,496,0,0,0
539,20.743956603911567,290210406,291059432,290547312,1,1,2.322,18.1752,20.5154,33.6906,84.9026,0,1.45897548E-05,7.59883036E-08,0.000106811523,9.402361,9.402359,1.90734863E-06,0.9999175,0.9999175,0,498,0,0,0
540,20.770042303911566,290371798,291320363,290792132,1,1,0.0175,20.8399,20.8818,42.0334,94.8565,0,1.419775E-05,7.39466159E-08,9.15527344E-05,13.99809,13.9980869,2.861023E-06,0.999999166,0.999999166,0,499,0,0,0
541,20.789603803911564,290697649,291515952,291054591,1,1,0.0138,20.9914,21.0199,35.6942,81.8303,0,1.40552665E-05,7.320451E-08,0.000122070313,8.120818,8.120817,9.536743E-07,0.9997028,0.9997028,0,500,0,0,0
542,20.814846903911565,291008447,291768796,291316330,1,1,0.0142,24.1886,24.2256,30.7883,76.0349,0,1.42954723E-05,7.44555848E-08,0.000106811523,12.3162785,12.3162746,3.81469727E-06,0.9999955,0.9999955,0,500,0,0,0
543,20.835409003911565,291189137,291974105,291511408,1,1,0.0101,17.7983,17.8213,32.2271,78.4968,0,1.459167E-05,7.599828E-08,9.15527344E-05,9.566458,9.566455,2.861023E-06,0.999929965,0.999929965,0,502,0,0,0
544,20.861649703911567,291484821,292236426,291766185,1,1,0.014,23.3686,23.3974,28.1364,75.1605,0,1.44232545E-05,7.51211147E-08,0.000106811523,12.4861174,12.4861183,9.536743E-07,0.999996245,0.999996245,0,503,0,0,0
546,20.907082203911568,291808208,292690815,292233180,1,1,16.29,8.1124,24.4262,42.4972,88.2607,0,1.37798006E-05,7.17698E-08,0.000106811523,9.624606,9.624603,2.861023E-06,0.9999339,0.9999339,0,505,0,0,0
547,20.930412503911565,292141074,292924341,292445225,1,1,0.0132,19.4313,19.4543,30.4151,78.3267,0,1.47890441E-05,7.702627E-08,0.000122070313,12.4414139,12.4414158,1.90734863E-06,0.999996066,0.999996066,0,505,0,0,0
548,20.950817003911567,292290418,293128045,292688746,1,1,0.0148,22.0308,22.0636,39.8328,83.7627,0,1.39414478E-05,7.26117051E-08,0.000106811523,10.9137039,10.9136992,4.76837158E-06,0.9999818,0.9999818,0,507,0,0,0
549,20.977170103911565,292452062,293391891,292920618,1,1,0.0099,22.1377,22.1563,46.8556,93.9829,0,1.42214076E-05,7.406983E-08,9.15527344E-05,11.4997663,11.4997654,9.536743E-07,0.999989867,0.999989867,0,507,0,0,0
551,21.022137103911565,293089877,293841401,293388887,1,1,0.0123,24.3652,24.3981,29.901,75.1524,0,1.46092752E-05,7.60899752E-08,0.000122070313,8.066031,8.066023,8.583069E-06,0.999686062,0.999686062,0,510,0,0,0
553,21.071854703911566,293579318,294338729,293836724,1,1,0.1054,19.4667,19.5812,25.7406,75.9411,0,1.41330511E-05,7.360964E-08,0.000122070313,11.7838974,11.7838974,0,0.9999924,0.9999924,0,511,0,0,0
554,21.095418403911566,293729316,294574467,294105721,1,1,0.0113,23.3497,23.3761,37.6405,84.5151,0,1.411708E-05,7.352646E-08,0.0001373291,9.344769,9.344769,0,0.99991256,0.99991256,0,513,0,0,0
555,21.121133503911565,294049831,294831410,294571776,1,1,0.0192,24.5992,24.6338,52.1945,78.1579,0,1.40102738E-05,7.29701739E-08,0.000122070313,14.1236916,14.1236744,1.71661377E-05,0.9999993,0.9999993,0,514,0,0,0
556,21.150884303911567,294218654,295128913,294826569,1,1,3.0035,19.5696,22.5868,60.7915,91.0259,0,1.45599042E-05,7.583284E-08,0.000106811523,8.820309,8.820311,1.90734863E-06,0.9998523,0.9998523,0,515,0,0,0
558,21.205144203911566,294696601,295671826,295124206,1,1,0.0188,27.8812,27.9214,42.7605,97.5225,0,1.33949979E-05,6.976561E-08,9.15527344E-05,12.8483334,12.84833,3.81469727E-06,0.9999974,0.9999974,0,516,0,0,0
559,21.232122903911566,295029551,295941160,295416582,1,1,0.0221,27.4527,27.4943,38.7031,91.1609,0,1.40043721E-05,7.29394358E-08,9.15527344E-05,13.9656267,13.9656181,8.583069E-06,0.999999166,0.999999166,0,516,0,0,0
560,21.250691603911566,295343291,296126934,295936888,1,1,0.0114,26.3229,26.3471,59.3597,78.3643,0,1.32603336E-05,6.90642352E-08,8.392334E-05,10.09039,10.0903883,1.90734863E-06,0.9999585,0.9999585,0,518,0,0,0
563,21.318258203911565,295969692,296802939,296367672,1,1,6.3097,16.5168,22.8442,39.798,83.3247,0,1.56977439E-05,8.175908E-08,0.000122070313,14.2176037,14.2175961,7.62939453E-06,0.999999344,0.999999344,0,521,0,0,0
565,21.372725503911568,296456715,297347470,296799934,1,1,1.7962,17.1593,18.9689,34.3219,89.0755,0,1.42081208E-05,7.400063E-08,0.000106811523,9.166698,9.1666975,9.536743E-07,0.9998956,0.9998956,0,523,0,0,0
566,21.393441103911567,296605861,297554607,297076201,1,1,0.0177,21.6848,21.7234,47.034,94.8746,0,1.37790612E-05,7.17659461E-08,7.62939453E-05,10.9047813,10.9047794,1.90734863E-06,0.999981642,0.999981642,0,523,0,0,0
567,21.423172603911567,296776341,297851450,297344985,1,1,0.0159,24.8686,24.9089,56.8644,107.5109,0,1.50991218E-05,7.864126E-08,0.000106811523,12.6094341,12.6094379,3.81469727E-06,0.999996662,0.999996662,0,525,0,0,0
568,21.446893303911565,297262790,298089031,297552671,1,1,0.0099,19.4503,19.4708,28.9881,82.6241,0,1.44999176E-05,7.55204042E-08,0.000122070313,11.7479753,11.7479753,0,0.9999921,0.9999921,0,525,0,0,0
570,21.493298303911565,297730069,298553234,298086750,1,1,18.1927,4.048,22.2563,35.6681,82.3165,0,1.4049625E-05,7.317513E-08,9.15527344E-05,12.2282753,12.2282791,3.81469727E-06,0.9999951,0.9999951,0,527,0,0,0
572,21.540441403911565,298214816,299024803,298550749,1,1,15.1449,9.2454,24.4069,33.5933,80.9987,0,1.48024437E-05,7.709606E-08,0.000122070313,10.4059877,10.4059849,2.861023E-06,0.9999697,0.9999697,0,529,0,0,0
573,21.563452403911565,298529824,299254468,299023236,1,1,0.016,18.5758,18.6064,49.3412,72.4644,0,1.395839E-05,7.269995E-08,9.918213E-05,11.035223,11.0352325,9.536743E-06,0.999983847,0.999983847,0,530,0,0,0
574,21.588456003911567,298695645,299504643,299247151,1,1,0.0094,29.1476,29.1674,55.1506,80.8998,0,1.38071728E-05,7.191236E-08,8.392334E-05,6.40425873,6.404257,1.90734863E-06,0.998348236,0.998348236,0,531,0,0,0
576,21.635953203911566,299172515,299978993,299499311,1,1,0.0221,23.2715,23.3158,32.6796,80.6478,0,1.471426E-05,7.663677E-08,0.0001373291,11.1274252,11.1274252,0,0.9999853,0.9999853,0,533,0,0,0
577,21.661297903911567,299340042,300233035,299745220,1,1,0.0088,22.543,22.5633,40.5178,89.2993,0,1.43367588E-05,7.46706164E-08,0.0001373291,13.9195328,13.9195318,9.536743E-07,0.9999991,0.9999991,0,534,0,0,0
579,21.710804503911564,299812881,300728157,300230524,1,1,19.3784,3.6462,23.0408,41.7643,91.5276,0,1.42329754E-05,7.413008E-08,0.000106811523,10.6949511,10.6949434,7.62939453E-06,0.99997735,0.99997735,0,536,0,0,0
580,21.736073503911566,300140007,300980962,300467684,1,1,0.0081,20.5323,20.5485,32.7677,84.0955,0,1.391787E-05,7.248891E-08,0.000106811523,7.613822,7.61381245,9.536743E-06,0.999506652,0.999506652,0,536,0,0,0
581,21.762930803911566,300286390,301249382,300724487,1,1,0.0153,22.6791,22.7213,43.8097,96.2992,0,1.37742991E-05,7.174114E-08,9.15527344E-05,9.332458,9.332446,1.14440918E-05,0.9999115,0.9999115,0,537,0,0,0
582,21.784742303911568,300615442,301467084,300978257,1,1,0.0089,22.9274,22.9495,36.2815,85.1642,0,1.40960447E-05,7.34169E-08,9.15527344E-05,12.1271858,12.1271858,0,0.9999946,0.9999946,0,538,0,0,0
583,21.814758003911567,300940867,301767804,301462563,1,1,0.0184,26.866,26.9026,52.1696,82.6937,0,1.47019509E-05,7.657266E-08,0.000106811523,12.7441006,12.7441006,0,0.9999971,0.9999971,0,539,0,0,0
585,21.861385803911567,301415166,302233532,301764690,1,1,0.0185,26.5665,26.5976,34.9524,81.8366,0,1.45545328E-05,7.58048557E-08,0.000106811523,9.280442,9.280439,2.861023E-06,0.9999068,0.9999068,0,541,0,0,0
586,21.888496003911566,301727222,302505041,302008740,1,1,0.0136,22.1986,22.2311,28.1518,77.7819,0,1.39724889E-05,7.277338E-08,0.000106811523,7.14772224,7.147729,6.67572E-06,0.999214,0.999214,0,542,0,0,0
588,21.936565503911567,302048195,302985282,302500290,1,1,14.2715,9.7863,24.0887,45.2095,93.7087,0,1.40095635E-05,7.296648E-08,9.15527344E-05,14.593524,14.593523,9.536743E-07,0.9999995,0.9999995,0,544,0,0,0
589,21.956541203911566,302388472,303185259,302728413,1,1,0.0177,20.1582,20.1918,33.9941,79.6787,0,1.30644494E-05,6.804401E-08,9.918213E-05,6.153347,6.15334368,3.33786E-06,0.997878134,0.997878134,0,545,0,0,0
591,22.006747403911564,302860751,303687775,303182354,1,1,0.015,18.2294,18.2631,32.1603,82.7024,0,1.4312307E-05,7.45432658E-08,7.62939453E-05,10.6936188,10.693614,4.76837158E-06,0.9999773,0.9999773,0,546,0,0,0
592,22.030747503911567,303008545,303926978,303455470,1,1,0.0096,24.7219,24.7432,44.6925,91.8433,0,1.44060423E-05,7.503147E-08,0.000106811523,5.60716534,5.607165,4.76837158E-07,0.996341944,0.996341944,0,547,0,0,0
593,22.057583603911567,303330654,304195898,303684965,1,1,0.0119,21.311,21.3369,35.4311,86.5244,0,1.3545714E-05,7.055059E-08,9.15527344E-05,11.9223194,11.9223194,0,0.9999934,0.9999934,0,548,0,0,0
595,22.108370803911566,303805592,304703265,304192607,1,1,0.0199,25.3926,25.4325,38.7015,89.7673,0,1.42157014E-05,7.404011E-08,0.000106811523,6.638689,6.63868952,4.76837158E-07,0.998693,0.998693,0,549,0,0,0
596,22.137404903911566,304126574,304994152,304410998,1,1,0.0078,18.8026,18.8201,28.4424,86.7578,0,1.370491E-05,7.137974E-08,0.000106811523,7.019951,7.01995039,4.76837158E-07,0.999106944,0.999106944,0,550,0,0,0
597,22.161433003911565,304296955,305234312,304694076,1,1,0.0228,23.9902,24.0328,39.7121,93.7357,0,1.405404E-05,7.319812E-08,0.000106811523,11.9323273,11.9323292,1.90734863E-06,0.999993443,0.999993443,0,551,0,0,0
598,22.187862203911564,304612299,305498632,305229616,1,1,0.0184,30.1194,30.1551,61.7317,88.6333,0,1.48863119E-05,7.75328743E-08,0.000122070313,13.9641676,13.9641724,4.76837158E-06,0.999999166,0.999999166,0,553,0,0,0
599,22.210707903911565,304939047,305727202,305493591,1,1,1.7912,42.4477,44.2521,55.4544,78.8155,0,1.42519548E-05,7.422893E-08,0.000122070313,11.47679,11.4767895,9.536743E-07,0.9999896,0.9999896,0,553,0,0,0
601,22.258181703911564,305251908,306201851,305723375,1,1,0.0127,19.3765,19.4138,47.1467,94.9943,0,1.44419737E-05,7.52186153E-08,0.000106811523,10.76036,10.7603569,2.861023E-06,0.9999788,0.9999788,0,556,0,0,0
603,22.303662503911564,305886017,306656396,306197764,1,1,11.1297,13.2239,24.3798,31.1747,77.0379,0,1.39872009E-05,7.285001E-08,9.15527344E-05,6.935174,6.93518162,7.62939453E-06,0.999027967,0.999028,5.96046448E-08,558,0,0,0
604,22.334329803911565,306050426,306963172,306455401,1,1,0.0131,24.0716,24.0968,40.4975,91.2746,0,1.3884719E-05,7.231625E-08,0.000122070313,11.0101728,11.0101633,9.536743E-06,0.9999835,0.9999835,0,558,0,0,0
606,22.379587403911565,306529458,307415892,306957442,1,1,0.0281,24.2716,24.3258,42.7984,88.6434,0,1.36239541E-05,7.09580945E-08,9.15527344E-05,9.66932,9.669319,9.536743E-07,0.9999368,0.9999368,0,561,0,0,0
608,22.504162503911566,307170520,308661979,307411900,1,1,0.0106,20.5359,20.5533,24.138,149.1459,0,1.49276411E-05,7.774813E-08,0.000106811523,10.8709049,10.8709068,1.90734863E-06,0.999981,0.999981,0,563,0,0,0
608,22.504437303911565,307333821,308664908,308563309,1,1,0.0211,22.9841,23.0205,122.9488,133.1087,0,1.39248141E-05,7.25250757E-08,9.15527344E-05,9.47489,9.474902,1.23977661E-05,0.9999232,0.9999232,0,563,0,0,0
610,22.564040803911567,308449167,309260396,308660225,1,1,0.0102,0.5497,0.5693,21.1058,81.1229,0,1.43132875E-05,7.45483746E-08,9.15527344E-05,12.4195356,12.4195347,9.536743E-07,0.999995947,0.999995947,0,565,0,0,0
611,22.585162603911566,308607428,309472007,308958450,1,1,0.0154,22.677,22.7081,35.1022,86.4579,0,1.39870135E-05,7.28490264E-08,9.918213E-05,11.1331568,11.1331491,7.62939453E-06,0.9999854,0.9999854,0,566,0,0,0
612,22.616229703911564,308930114,309782074,309255967,1,1,0.0184,24.6603,24.6943,32.5853,85.196,0,1.41695791E-05,7.379989E-08,0.000106811523,8.688695,8.688704,8.583069E-06,0.999831557,0.999831557,0,567,0,0,0
613,22.636150403911564,309104728,309981927,309470004,1,1,0.0152,18.2179,18.2454,36.5276,87.7199,0,1.40988941E-05,7.343174E-08,0.000106811523,10.0454941,10.045495,9.536743E-07,0.9999566,0.9999566,0,568,0,0,0
614,22.709897803911566,309412315,310718193,309776514,1,1,0.0105,27.08,27.0994,36.4199,130.5878,0,1.45643144E-05,7.58558E-08,0.000106811523,10.5159607,10.5159569,3.81469727E-06,0.9999729,0.9999729,0,569,0,0,0
615,22.739224603911566,309572302,311012287,309980216,1,1,0.019,16.13,16.1725,40.7914,143.9985,0,1.38616961E-05,7.2196336E-08,9.15527344E-05,8.19749,8.197485,4.76837158E-06,0.999724746,0.999724746,0,570,0,0,0
616,22.765331303911566,309888453,311273423,310712904,1,1,0.0107,67.8934,67.9138,82.4451,138.497,0,1.42026656E-05,7.397222E-08,0.000122070313,11.3539791,11.3539867,7.62939453E-06,0.999988258,0.999988258,0,571,0,0,0
617,22.787632103911566,310534539,311496349,311006808,1,1,0.0075,22.6663,22.6869,47.2269,96.181,0,1.42157487E-05,7.404036E-08,9.15527344E-05,6.06987,6.0698657,4.29153442E-06,0.997693837,0.997693837,0,572,0,0,0
618,22.817677603911566,310858228,311796820,311268908,1,1,0.0194,20.405,20.4478,41.068,93.8592,0,1.45260428E-05,7.565647E-08,0.000106811523,10.7698,10.7697983,1.90734863E-06,0.99997896,0.99997896,0,573,0,0,0
619,22.842493903911567,311174188,312045066,311493717,1,1,0.0147,19.1124,19.1396,31.9529,87.0878,0,1.4040218E-05,7.312614E-08,9.15527344E-05,9.790894,9.790894,0,0.999944031,0.999944031,0,574,0,0,0
620,22.859534303911566,311348656,312215667,311790376,1,1,0.0158,24.6297,24.6655,44.172,86.7011,0,1.4524273E-05,7.564726E-08,0.000106811523,9.751251,9.751242,9.536743E-06,0.999941766,0.999941766,0,575,0,0,0
621,22.891226603911566,311650104,312532349,312041560,1,1,0.0213,21.295,21.3406,39.1456,88.2245,0,1.4699709E-05,7.656099E-08,0.000106811523,9.4155035,9.415504,9.536743E-07,0.9999186,0.9999186,0,576,0,0,0
622,22.913875303911567,311975246,312758530,312213246,1,1,0.0101,12.3574,12.3765,23.8,78.3284,0,1.34354032E-05,6.997606E-08,0.000106811523,9.810034,9.810028,5.722046E-06,0.9999451,0.9999451,0,577,0,0,0
623,22.932650903911565,312154365,312946594,312527149,1,1,0.0141,25.3261,25.3527,37.2784,79.2229,0,1.41411219E-05,7.365168E-08,0.000122070313,10.6442719,10.6442833,1.14440918E-05,0.999976158,0.999976158,0,578,0,0,0
624,22.964863603911567,312447082,313268783,312754285,1,1,0.0173,20.8581,20.8934,30.7203,82.1701,0,1.4216238E-05,7.404291E-08,0.000122070313,12.2577629,12.2577686,5.722046E-06,0.999995232,0.999995232,0,579,0,0,0
625,22.989343503911563,312616725,313513473,312942430,1,1,0.0148,14.7873,14.8164,32.5705,89.6748,0,1.41175924E-05,7.352913E-08,0.000122070313,15.4856,15.4855995,9.536743E-07,0.9999998,0.9999998,0,580,0,0,0
626,23.011601603911565,312765956,313735746,313263379,1,1,0.0214,26.9147,26.9477,49.7423,96.979,0,1.5106818E-05,7.86813459E-08,9.15527344E-05,11.3442888,11.34428,8.583069E-06,0.999988139,0.999988139,0,581,0,0,0
627,23.035862903911561,313107622,313978848,313508927,1,1,0.0096,19.0484,19.07,40.1305,87.1226,0,1.45787353E-05,7.593091E-08,9.918213E-05,12.03312,12.0331192,9.536743E-07,0.99999404,0.99999404,0,582,0,0,0
628,23.063060503911561,313411492,314250578,313733134,1,1,0.0186,19.3559,19.3916,32.1642,83.9086,0,1.41631872E-05,7.37666E-08,8.392334E-05,9.945163,9.945163,0,0.999952,0.999952,0,583,0,0,0
629,23.092414503911559,313575543,314544099,313975573,1,1,0.0113,20.7393,20.7603,40.003,96.8556,0,1.36663548E-05,7.117893E-08,0.000106811523,10.7883892,10.7883816,7.62939453E-06,0.9999794,0.9999794,0,584,0,0,0
630,23.11367470391156,313728005,314755636,314246181,1,1,0.0162,21.8623,21.8966,51.8176,102.7631,0,1.39398271E-05,7.26032638E-08,0.0001373291,8.979753,8.97976,7.62939453E-06,0.999874055,0.999874055,0,585,0,0,0
631,23.139295403911564,314206286,315012473,314538156,1,1,0.0267,23.1868,23.2439,33.187,80.6187,0,1.39827062E-05,7.28265945E-08,9.15527344E-05,11.7964134,11.7964125,9.536743E-07,0.9999925,0.9999925,0,586,0,0,0
632,23.166550503911562,314378429,315285760,314751436,1,1,0.0191,17.879,17.9228,37.3007,90.7331,0,1.43706948E-05,7.484737E-08,0.0001373291,10.7250891,10.7250891,0,0.999978,0.999978,0,587,0,0,0
633,23.192104203911565,314702515,315540950,315004430,1,1,0.0085,20.9694,20.9879,30.1915,83.8435,0,1.41767059E-05,7.383701E-08,0.000106811523,13.4866858,13.486681,4.76837158E-06,0.9999986,0.9999986,0,588,0,0,0
634,23.224950003911562,314854361,315869537,315282763,1,1,0.0213,24.2225,24.2704,42.8402,101.5176,0,1.404868E-05,7.31702059E-08,0.0001373291,9.5127,9.512694,5.722046E-06,0.9999261,0.9999261,0,589,0,0,0
635,23.244059703911564,315171071,316061018,315535772,1,1,0.017,20.9935,21.0286,36.4701,88.9947,0,1.44747364E-05,7.538925E-08,0.000106811523,13.4392643,13.4392529,1.14440918E-05,0.999998569,0.999998569,0,590,0,0,0
636,23.269311403911562,315486721,316311422,315865032,1,1,0.0149,22.2998,22.3318,37.8311,82.4701,0,1.43921152E-05,7.495893E-08,0.000122070313,10.6274557,10.6274452,1.04904175E-05,0.999975741,0.999975741,0,591,0,0,0
637,23.294568003911561,315814166,316565748,316059071,1,1,0.0168,17.5595,17.5971,24.4905,75.1582,0,1.420095E-05,7.39632853E-08,0.000106811523,12.584341,12.584343,1.90734863E-06,0.9999966,0.9999966,0,592,0,0,0
638,23.318221503911563,315981213,316802525,316303830,1,1,0.0091,20.1612,20.1791,32.2617,82.1312,0,1.41930532E-05,7.392215E-08,0.000106811523,10.4176931,10.4176941,9.536743E-07,0.9999701,0.9999701,0,593,0,0,0
639,23.371951503911564,316127862,317339624,316562614,1,1,0.0112,21.5177,21.5392,43.4752,121.1762,0,1.35264481E-05,7.045025E-08,9.15527344E-05,10.5572538,10.5572481,5.722046E-06,0.999974,0.999974,0,594,0,0,0
640,23.378087003911563,316612794,317401183,317335282,1,1,0.0226,24.2657,24.3093,72.2488,78.8389,0,1.41058172E-05,7.34677954E-08,9.918213E-05,10.5606546,10.5606537,9.536743E-07,0.9999741,0.9999741,0,594,0,0,0
640,23.37836460391156,316452327,317404154,316798847,1,1,0.0152,20.156,20.1862,34.652,95.1827,0,1.48104273E-05,7.713764E-08,0.000122070313,9.792261,9.792261,0,0.99994415,0.99994415,0,594,0,0,0
642,23.432949803911566,317247666,317949825,317399210,1,1,0.0162,1.07,1.1059,15.1544,70.2159,0,1.40215207E-05,7.302875E-08,0.000122070313,8.340872,8.340878,5.722046E-06,0.9997615,0.9997615,0,596,0,0,0
644,23.483178403911563,317575582,318451601,317947021,1,1,0.0234,24.3381,24.3778,37.1439,87.6019,0,1.37999714E-05,7.187485E-08,9.15527344E-05,8.206265,8.206269,3.81469727E-06,0.99972713,0.99972713,0,598,0,0,0
645,23.513189803911562,317895418,318751764,318170478,1,1,0.0113,18.1881,18.2103,27.506,85.6346,0,1.44162323E-05,7.508454E-08,0.000122070313,8.179541,8.179542,9.536743E-07,0.999719739,0.999719739,0,599,0,0,0
647,23.56473000391156,318381994,319267297,318748426,1,1,0.01,28.1088,28.1362,36.6432,88.5303,0,1.46768853E-05,7.644211E-08,0.000122070313,9.898496,9.898494,1.90734863E-06,0.999949753,0.999949753,0,601,0,0,0
648,23.590251303911561,318694752,319522538,318927295,1,1,0.0151,16.4672,16.4963,23.2543,82.7786,0,1.4570478E-05,7.5887904E-08,0.000152587891,9.790674,9.790667,7.62939453E-06,0.999944031,0.999944031,0,602,0,0,0
649,23.612825603911563,318858984,319748491,319263571,1,1,0.0185,27.9522,27.9842,40.4587,88.9507,0,1.29042037E-05,6.720939E-08,0.000122070313,7.621483,7.62148666,3.81469727E-06,0.9995104,0.9995104,0,603,0,0,0
650,23.641562603911563,319183023,320035764,319519725,1,1,0.0156,22.4042,22.4384,33.6702,85.2741,0,1.45180284E-05,7.561473E-08,0.000122070313,8.015071,8.01506,1.04904175E-05,0.9996697,0.9996697,0,604,0,0,0
651,23.665843403911563,319484678,320278158,319745666,1,1,0.0106,20.3159,20.337,26.0988,79.348,0,1.53869314E-05,8.014027E-08,9.15527344E-05,8.675694,8.675699,4.76837158E-06,0.999829352,0.999829352,0,605,0,0,0
652,23.693403603911559,319661815,320554069,320033392,1,1,0.0166,24.0936,24.1277,37.1577,89.2254,0,1.40845568E-05,7.33570644E-08,0.000106811523,11.3679771,11.3679714,5.722046E-06,0.999988437,0.999988437,0,606,0,0,0
653,23.714675803911565,319979087,320766766,320271193,1,1,0.0149,19.1565,19.1869,29.2106,78.7679,0,1.39792646E-05,7.280867E-08,9.15527344E-05,7.41391468,7.413922,7.15255737E-06,0.9993976,0.9993976,0,606,0,0,0
654,23.74626710391156,320146480,321082347,320551001,1,1,0.0183,23.1174,23.1579,40.4521,93.5867,0,1.51356962E-05,7.88317536E-08,0.0001373291,11.2794981,11.2795105,1.23977661E-05,0.999987364,0.999987364,0,608,0,0,0
655,23.769694403911561,320458444,321316721,320763207,1,1,0.0158,19.5387,19.5702,30.4763,85.8277,0,1.38502419E-05,7.213668E-08,0.000122070313,7.628415,7.62841225,2.861023E-06,0.9995138,0.9995138,0,609,0,0,0
657,23.816032203911565,320948474,321780378,321311168,1,1,12.7352,8.4448,21.2091,36.2694,83.1904,0,1.376205E-05,7.167734E-08,9.15527344E-05,10.3387308,10.3387318,9.536743E-07,0.999967635,0.999967635,0,611,0,0,0
658,23.84115900391156,321256179,322031650,321560676,1,1,0.0135,21.895,21.9284,30.4497,77.5471,0,1.41171786E-05,7.352697E-08,0.000122070313,7.660327,7.66032362,3.33786E-06,0.999529064,0.999529064,0,612,0,0,0
659,23.86638290391156,321419786,322283993,321776469,1,1,0.017,20.0413,20.0733,35.6683,86.4207,0,1.42337558E-05,7.413414E-08,0.000106811523,10.9680424,10.9680443,1.90734863E-06,0.9999828,0.9999828,0,613,0,0,0
660,23.891401703911566,321732906,322534327,322026799,1,1,0.0215,22.6756,22.7187,29.3893,80.1421,0,1.36572835E-05,7.113169E-08,0.0001373291,11.1189957,11.1190071,1.14440918E-05,0.999985158,0.999985158,0,614,0,0,0
661,23.910003303911562,321919289,322720175,322279513,1,1,0.0175,20.7404,20.7732,36.0224,80.0886,0,1.39590684E-05,7.270348E-08,0.000122070313,5.62578869,5.62579536,6.67572E-06,0.996409237,0.996409237,0,614,0,0,0
662,23.936163103911564,322208270,322980950,322531753,1,1,0.0168,22.0621,22.102,32.3483,77.268,0,1.371338E-05,7.14238553E-08,0.000106811523,9.610501,9.610502,9.536743E-07,0.999933,0.999933,0,614,0,0,0
663,23.959616603911559,322386130,323216000,322716873,1,1,0.0124,17.0919,17.1152,33.0743,82.987,0,1.42778808E-05,7.436396E-08,9.15527344E-05,11.2463694,11.2463608,8.583069E-06,0.999986947,0.999986947,0,615,0,0,0
665,24.009532903911559,322863764,323715528,323487266,1,1,0.0148,28.3838,28.4128,62.3502,85.1764,0,1.37022689E-05,7.136598E-08,0.000106811523,11.5903187,11.590313,5.722046E-06,0.999990761,0.999990761,0,618,0,0,0
666,24.03863970391156,323010154,324006572,323713458,1,1,4.8808,22.0434,26.9401,70.3304,99.6418,0,1.41346745E-05,7.36181E-08,0.000106811523,13.1713152,13.1713123,2.861023E-06,0.9999981,0.9999981,0,619,0,0,0
668,24.089284803911564,323650714,324512753,324003652,1,1,0.0175,23.3965,23.4339,35.2938,86.2039,0,1.37453462E-05,7.159034E-08,0.000106811523,11.1675034,11.1675,3.81469727E-06,0.9999859,0.9999859,0,620,0,0,0
669,24.114152903911563,323969772,324761317,324200749,1,1,0.0123,18.2592,18.2824,23.0977,79.1545,0,1.407749E-05,7.332026E-08,0.000106811523,12.6619883,12.6619978,9.536743E-06,0.999996841,0.999996841,0,622,0,0,0
670,24.140323903911561,324149812,325022746,324510294,1,1,0.0154,28.5884,28.6226,36.0482,87.2934,0,1.38642463E-05,7.22096161E-08,0.000106811523,10.363409,10.3633995,9.536743E-06,0.9999684,0.9999684,0,623,0,0,0
672,24.191421103911562,324607843,325533963,325017204,1,1,4.8899,18.317,23.22,40.9361,92.612,0,1.51956292E-05,7.91439E-08,9.15527344E-05,11.1045923,11.1045866,5.722046E-06,0.999985,0.999985,0,625,0,0,0
673,24.21616750391156,324934978,325781572,325288582,1,1,0.0239,24.5007,24.5431,35.3604,84.6594,0,1.42638419E-05,7.42908455E-08,0.000106811523,9.409576,9.40957451,1.90734863E-06,0.999918044,0.999918044,0,626,0,0,0
675,24.263919203911559,325420305,326259468,325778911,1,1,0.7651,22.4727,23.2647,35.8606,83.9163,0,1.42056024E-05,7.39875148E-08,0.000122070313,10.630415,10.6304092,5.722046E-06,0.99997586,0.99997586,0,628,0,0,0
676,24.283081503911564,325732735,326450934,326007116,1,1,0.0214,20.2701,20.307,27.4381,71.8199,0,1.40758875E-05,7.331192E-08,8.392334E-05,9.999098,9.999104,5.722046E-06,0.9999546,0.9999546,0,629,0,0,0
677,24.305886003911564,325887879,326679199,326257247,1,1,0.0171,21.1216,21.1604,36.9368,79.132,0,1.32438563E-05,6.89784159E-08,9.15527344E-05,12.1292744,12.129282,7.62939453E-06,0.9999946,0.9999946,0,629,0,0,0
678,24.329912803911565,326209777,326919248,326449830,1,1,0.0113,18.2375,18.2575,24.0053,70.9471,0,1.40632892E-05,7.32463E-08,9.15527344E-05,11.8125286,11.8125305,1.90734863E-06,0.9999926,0.9999926,0,631,0,0,0
679,24.350148203911562,326370870,327121890,326674895,1,1,0.01,20.6397,20.659,30.4025,75.102,0,1.46203738E-05,7.614778E-08,0.000122070313,7.36729145,7.36729336,1.90734863E-06,0.999368846,0.999368846,0,631,0,0,0
681,24.397838003911563,326866546,327598518,327119751,1,1,0.0128,18.9659,18.9911,25.3205,73.1972,0,1.47348474E-05,7.67439943E-08,0.000122070313,12.129571,12.1295624,8.583069E-06,0.9999946,0.9999946,0,633,0,0,0
683,24.44379830391156,327337805,328058062,327595652,1,1,0.0141,17.8667,17.8915,25.7847,72.0257,0,1.44875967E-05,7.5456235E-08,0.000106811523,13.2726727,13.272686,1.335144E-05,0.9999983,0.9999983,0,636,0,0,0
685,24.492951503911559,327807864,328549582,328056856,1,1,0.008,18.746,18.766,24.8992,74.1718,0,1.39082276E-05,7.243869E-08,0.0001373291,10.3775826,10.3776016,1.90734863E-05,0.9999689,0.9999689,0,638,0,0,0
686,24.520887103911566,327971776,328828649,328336117,1,1,0.0139,25.5202,25.5471,36.4341,85.6873,0,1.34570391E-05,7.00887455E-08,9.15527344E-05,9.062419,9.06242,9.536743E-07,0.999884069,0.999884069,0,639,0,0,0
688,24.56611390391156,328459145,329281113,328822827,1,1,0.0244,19.8022,19.8491,36.3682,82.1968,0,1.37841462E-05,7.179243E-08,0.000106811523,14.8195505,14.8195534,2.861023E-06,0.999999642,0.999999642,0,640,0,0,0
689,24.596197003911559,328764649,329582357,329066499,1,1,0.0159,22.523,22.5588,30.185,81.7708,0,1.46646025E-05,7.63781358E-08,0.000122070313,14.3751249,14.3751183,6.67572E-06,0.9999994,0.9999994,0,641,0,0,0
690,24.615383203911559,328942908,329773741,329278101,1,1,0.0097,19.1725,19.1942,33.5193,83.0833,0,1.43743746E-05,7.48665343E-08,9.15527344E-05,10.6965237,10.696538,1.43051147E-05,0.99997735,0.99997735,0,641,0,0,0
692,24.665214903911565,329414395,330272010,329768075,1,1,0.0141,16.8947,16.9218,35.368,85.7615,0,1.34070224E-05,6.982824E-08,0.000122070313,13.0712624,13.07127,7.62939453E-06,0.9999979,0.9999979,0,644,0,0,0
694,24.71272430391156,329903758,330747180,330266954,1,1,0.7989,19.7073,20.519,36.3196,84.3422,0,1.42842464E-05,7.43971142E-08,0.000106811523,17.36334,17.36334,0,1,1,0,646,0,0,0
695,24.73750730391156,330207144,330995106,330519275,1,1,0.0164,22.3443,22.3798,31.2131,78.7962,0,1.37266125E-05,7.149277E-08,0.000106811523,9.564285,9.564285,0,0.9999298,0.9999298,0,647,0,0,0
696,24.762766403911559,330389407,331247812,330743142,1,1,0.013,19.1695,19.1951,35.3735,85.8405,0,1.35957334E-05,7.081111E-08,9.15527344E-05,12.01904,12.0190325,7.62939453E-06,0.999994,0.999994,0,648,0,0,0
697,24.789496703911563,330531355,331514833,330989585,1,1,0.012,20.6475,20.678,45.823,98.3478,0,1.38137111E-05,7.194641E-08,0.000106811523,12.4811687,12.4811735,4.76837158E-06,0.9999962,0.9999962,0,649,0,0,0
698,24.812065403911564,330867043,331740339,331244237,1,1,0.0124,20.492,20.5133,37.7194,87.3296,0,1.42342442E-05,7.41366861E-08,9.15527344E-05,8.378964,8.378963,9.536743E-07,0.9997704,0.9997704,0,650,0,0,0
699,24.838614003911562,331165054,332006097,331512260,1,1,0.016,25.4018,25.4344,34.7206,84.1043,0,1.41238779E-05,7.35618642E-08,9.15527344E-05,9.58845,9.588452,1.90734863E-06,0.9999315,0.9999315,0,651,0,0,0
701,24.89331830391156,331650985,332553211,332001075,1,1,0.0196,20.824,20.858,35.009,90.2226,0,1.38883761E-05,7.233529E-08,0.000106811523,11.4925728,11.4925652,7.62939453E-06,0.9999898,0.9999898,0,652,0,0,0
702,24.91699360391156,331968796,332789996,332251573,1,1,0.0339,20.7267,20.7819,28.2777,82.12,0,1.39501126E-05,7.265684E-08,0.000122070313,12.458746,12.458745,9.536743E-07,0.9999961,0.9999961,0,654,0,0,0
703,24.942885103911561,332139449,333048869,332551089,1,1,0.0197,24.9085,24.9423,41.164,90.942,0,1.36313238E-05,7.099648E-08,0.000152587891,13.4205971,13.4205952,1.90734863E-06,0.9999985,0.9999985,0,655,0,0,0
705,24.988575403911565,332624996,333506017,333043771,1,1,0.0132,20.5445,20.5704,41.8775,88.1021,0,1.33098411E-05,6.932209E-08,9.918213E-05,12.0150671,12.0150719,4.76837158E-06,0.9999939,0.9999939,0,657,0,0,0
706,25.014093403911563,332929367,333760955,333293521,1,1,0.0197,21.7574,21.8011,36.4154,83.1588,0,1.51148079E-05,7.87229553E-08,0.000106811523,16.3279037,16.3279018,1.90734863E-06,0.99999994,0.99999994,0,658,0,0,0
707,25.038628003911565,333243206,334006633,333503222,1,1,0.0091,19.5563,19.578,26.0016,76.3427,0,1.41939945E-05,7.39270547E-08,8.392334E-05,11.9012651,11.9012709,5.722046E-06,0.9999932,0.9999932,0,659,0,0,0
708,25.060274503911561,333410926,334222763,333757247,1,1,0.0138,21.8746,21.8968,34.6321,81.1837,0,1.43492689E-05,7.473577E-08,0.000122070313,10.3104744,10.3104763,1.90734863E-06,0.999966741,0.999966741,0,660,0,0,0
709,25.090053403911565,333569639,334520497,334004045,1,1,0.0104,23.0714,23.1033,43.4406,95.0858,0,1.38656842E-05,7.22171052E-08,9.15527344E-05,13.0313749,13.0313721,2.861023E-06,0.9999978,0.9999978,0,661,0,0,0
710,25.115334503911566,333896652,334773358,334217958,1,1,0.0296,19.0918,19.1375,32.1306,87.6706,0,1.31516572E-05,6.849822E-08,0.000106811523,9.356572,9.356575,2.861023E-06,0.999913633,0.999913633,0,662,0,0,0
711,25.141418003911564,334050722,335034109,334515823,1,1,0.023,26.9705,27.0148,46.5101,98.3387,0,1.33509429E-05,6.953616E-08,0.000106811523,12.2071629,12.20716,2.861023E-06,0.999995,0.999995,0,663,0,0,0
713,25.191533103911564,334715429,335535582,335029512,1,1,0.0105,24.361,24.3813,31.4083,82.0153,0,1.53492238E-05,7.99438737E-08,0.000106811523,9.77389,9.773892,2.861023E-06,0.9999431,0.9999431,0,665,0,0,0
714,25.210282903911565,334848926,335723083,335280036,1,1,0.0119,22.0945,22.1189,43.111,87.4157,0,1.36442632E-05,7.106387E-08,9.15527344E-05,9.614512,9.614514,1.90734863E-06,0.999933243,0.999933243,0,666,0,0,0
715,25.234432903911564,335169645,335964694,335533334,1,1,0.0189,22.0528,22.0918,36.3689,79.5049,0,1.31878487E-05,6.868671E-08,9.15527344E-05,11.9217291,11.9217348,5.722046E-06,0.9999934,0.9999934,0,667,0,0,0
717,25.28592060391156,335649635,336478436,335962360,1,1,0.0088,22.5115,22.5312,31.2725,82.8801,0,1.35411938E-05,7.052705E-08,0.000106811523,8.772802,8.772803,9.536743E-07,0.999845147,0.999845147,0,668,0,0,0
718,25.310019303911563,335815213,336720286,336179268,1,1,0.0127,20.4484,20.4777,36.4055,90.5073,0,1.41367655E-05,7.362899E-08,0.000106811523,11.5569563,11.5569563,0,0.9999904,0.9999904,0,670,0,0,0
719,25.332575803911563,336131364,336945752,336469584,1,1,0.0154,23.4044,23.4388,33.822,81.4388,0,1.35848413E-05,7.075438E-08,9.15527344E-05,8.708436,8.708433,2.861023E-06,0.999834836,0.999834836,0,671,0,0,0
721,25.381823503911566,336621988,337438383,336939884,1,1,0.1203,20.4125,20.5441,31.7896,81.6395,0,1.39544463E-05,7.26794056E-08,9.15527344E-05,8.233586,8.233582,4.76837158E-06,0.999734461,0.999734461,0,673,0,0,0
722,25.410650303911563,336770000,337726688,337208455,1,1,0.0171,22.8032,22.8364,43.8455,95.6688,0,1.36556409E-05,7.112313E-08,9.15527344E-05,9.182843,9.182844,9.536743E-07,0.999897242,0.999897242,0,674,0,0,0
723,25.440348003911563,337101348,338023185,337435604,1,1,0.0383,19.7448,19.798,33.4256,92.1837,0,1.3654646E-05,7.11179453E-08,0.000122070313,9.108652,9.108647,4.76837158E-06,0.9998893,0.9998893,0,675,0,0,0
724,25.463275303911562,337267592,338252813,337723675,1,1,0.0184,22.6043,22.6382,45.6083,98.5221,0,1.44987052E-05,7.551409E-08,0.000122070313,13.1625824,13.1625738,8.583069E-06,0.9999981,0.9999981,0,675,0,0,0
725,25.492534803911564,337583602,338545369,338019342,1,1,0.0246,27.9348,27.9795,43.574,96.1767,0,1.48292447E-05,7.723565E-08,0.000122070313,14.1672974,14.1673021,4.76837158E-06,0.9999993,0.9999993,0,676,0,0,0
726,25.512060003911561,337895134,338740707,338251072,1,1,0.0128,21.3038,21.3351,35.5938,84.5573,0,1.37016978E-05,7.136301E-08,9.15527344E-05,13.591424,13.5914211,2.861023E-06,0.999998748,0.999998748,0,677,0,0,0
728,25.574936703911565,338372032,339369340,338735365,1,1,0.0177,16.8435,16.8745,36.3333,99.7308,0,1.32289942E-05,6.890101E-08,0.000106811523,16.36259,16.3625927,1.90734863E-06,0.99999994,0.99999994,0,679,0,0,0
729,25.598701203911563,338696703,339607232,339075468,1,1,0.0155,27.8564,27.8865,37.8765,91.0529,0,1.42958861E-05,7.445774E-08,8.392334E-05,15.7249212,15.7249155,5.722046E-06,0.9999999,0.9999999,0,679,0,0,0
730,25.625229703911561,339015145,339872334,339367570,1,1,0.0096,27.2261,27.2508,35.2425,85.7189,0,1.47469082E-05,7.680681E-08,0.000106811523,13.3277664,13.3277693,2.861023E-06,0.9999984,0.9999984,0,679,0,0,0
731,25.657121503911565,339328739,340190979,339604474,1,1,0.0135,18.7927,18.8218,27.5735,86.224,0,1.408982E-05,7.338448E-08,0.000122070313,11.9043188,11.9043217,2.861023E-06,0.999993265,0.999993265,0,681,0,0,0
734,25.749156103911563,340152532,341111068,340487465,1,1,0.0114,26.2989,26.3215,33.4933,95.8536,0,1.4181549E-05,7.386223E-08,0.0001373291,14.7685642,14.76856,3.81469727E-06,0.999999642,0.999999642,0,684,0,0,0
735,25.789273003911564,340318524,341512553,340844985,1,1,0.0197,25.8633,25.8984,52.6461,119.4029,0,1.47524015E-05,7.683543E-08,0.000106811523,14.1028337,14.1028252,8.583069E-06,0.9999992,0.9999992,0,685,0,0,0
736,25.817908603911565,340782149,341799078,341107007,1,1,0.0218,22.1143,22.1703,32.4858,101.6929,0,1.41553492E-05,7.372578E-08,0.000114440918,13.3120775,13.3120842,6.67572E-06,0.999998331,0.999998331,0,686,0,0,0
737,25.848402103911564,340964652,342104208,341508569,1,1,0.0227,29.807,29.8466,54.3917,113.9556,0,1.41443807E-05,7.366865E-08,0.000106811523,12.2215662,12.2215748,8.583069E-06,0.999995053,0.999995053,0,687,0,0,0
738,25.870747603911564,341425590,342327508,341797099,1,1,0.0125,22.4159,22.4415,37.1509,90.1918,0,1.389194E-05,7.23538562E-08,9.15527344E-05,7.55756855,7.55757427,5.722046E-06,0.9994781,0.999478161,5.96046448E-08,687,0,0,0
739,25.901188803911563,341747480,342631911,342100217,1,1,0.0216,25.455,25.4934,35.2737,88.4431,0,1.395822E-05,7.269906E-08,0.000114440918,10.3949137,10.3949156,1.90734863E-06,0.9999694,0.9999694,0,689,0,0,0
740,25.923938103911564,342061801,342859756,342325751,1,1,0.0181,19.3164,19.3558,26.395,79.7955,0,1.37037368E-05,7.137363E-08,0.000106811523,8.244105,8.244102,3.81469727E-06,0.999737263,0.999737263,0,690,0,0,0
742,25.974487503911565,342540976,343365226,342856782,1,1,20.1372,1.0127,21.171,31.5806,82.425,0,1.5319134E-05,7.97871564E-08,9.15527344E-05,6.493017,6.49302,2.861023E-06,0.9984883,0.9984883,0,692,0,0,0
743,25.997283303911562,342705157,343592771,343093456,1,1,0.0084,19.7288,19.7451,38.8299,88.7614,0,1.43766147E-05,7.48782E-08,0.000106811523,9.27004,9.27004,0,0.9999058,0.9999058,0,692,0,0,0
744,26.022679403911564,343009057,343847018,343363436,1,1,0.0166,22.9147,22.9542,35.4379,83.7961,0,1.37496008E-05,7.16125044E-08,9.15527344E-05,8.008634,8.00864,6.67572E-06,0.9996675,0.9996675,0,694,0,0,0
745,26.042754903911561,343350202,344047883,343587910,1,1,0.0111,19.6891,19.7123,23.7708,69.7681,0,1.39319382E-05,7.256218E-08,9.15527344E-05,9.578257,9.578264,7.62939453E-06,0.9999308,0.9999308,0,695,0,0,0
747,26.090670603911565,343654526,344526723,344044050,1,1,2.4046,16.3439,18.7602,38.9524,87.2197,0,1.37963734E-05,7.18561139E-08,0.000122070313,7.488166,7.488163,2.861023E-06,0.99944067,0.99944067,0,697,0,0,0
748,26.11519600391156,343977756,344771991,344321565,1,1,0.0196,22.8071,22.8453,34.3809,79.4235,0,1.4963869E-05,7.793682E-08,9.15527344E-05,9.542075,9.542084,8.583069E-06,0.999928236,0.999928236,0,698,0,0,0
750,26.170358503911562,344448992,345323463,344770377,1,1,0.0112,21.1224,21.1435,32.1385,87.4471,0,1.483957E-05,7.728943E-08,0.000122070313,13.4036674,13.4036751,7.62939453E-06,0.9999985,0.9999985,0,700,0,0,0
751,26.192761103911561,344609658,345547563,345070632,1,1,0.0187,27.5999,27.6454,46.0974,93.7905,0,1.48840645E-05,7.752117E-08,0.000106811523,9.864145,9.86414,5.722046E-06,0.999948,0.999948,0,701,0,0,0
752,26.221295303911564,344956908,345833285,345320940,1,1,0.0122,23.2827,23.3095,36.4032,87.6377,0,1.41162927E-05,7.352236E-08,0.000122070313,11.4100418,11.4100485,6.67572E-06,0.9999889,0.9999889,0,702,0,0,0
753,26.245888403911561,345261893,346079187,345545517,1,1,0.0142,20.0106,20.036,28.3624,81.7294,0,1.41206674E-05,7.35451451E-08,0.000122070313,10.0879955,10.0879793,1.62124634E-05,0.999958456,0.9999584,5.96046448E-08,702,0,0,0
754,26.272439403911559,345421320,346344242,345830112,1,1,0.0165,24.1683,24.1997,40.8792,92.2922,0,1.37893912E-05,7.181975E-08,0.000122070313,10.8968029,10.8968029,0,0.999981463,0.999981463,0,703,0,0,0
755,26.295527803911565,345747741,346575180,346076180,1,1,0.0125,22.9994,23.0221,32.8439,82.7439,0,1.38211244E-05,7.198502E-08,0.000152587891,10.8268337,10.8268347,9.536743E-07,0.999980152,0.999980152,0,705,0,0,0
756,26.315292103911563,346058324,346772748,346571399,1,1,0.0117,23.4236,23.4456,51.3075,71.4424,0,1.37050283E-05,7.13803558E-08,9.15527344E-05,13.2167406,13.2167377,2.861023E-06,0.999998152,0.999998152,0,706,0,0,0
758,26.383395503911562,346529292,347453572,346769606,1,1,1.076,17.0634,18.1526,24.0314,92.428,0,1.35005157E-05,7.031519E-08,9.15527344E-05,16.751564,16.7515583,5.722046E-06,0.99999994,0.99999994,0,707,0,0,0
759,26.415592503911565,346688942,347775292,347032389,1,1,0.0342,22.7207,22.7739,34.3447,108.635,0,1.33271888E-05,6.94124438E-08,0.000106811523,15.4211283,15.4211159,1.23977661E-05,0.9999998,0.9999998,0,709,0,0,0
760,26.442819303911559,346891920,348048165,347448655,1,1,0.0228,28.572,28.6119,55.6735,115.6245,0,1.30842918E-05,6.814735E-08,7.62939453E-05,13.41753,13.4175253,4.76837158E-06,0.9999985,0.9999985,0,710,0,0,0
762,26.499582803911562,347658139,348615770,348042336,1,1,0.0238,24.5811,24.6227,38.4197,95.7631,0,1.26482628E-05,6.587637E-08,9.15527344E-05,9.935666,9.935671,4.76837158E-06,0.9999516,0.9999516,0,712,0,0,0
763,26.518798503911565,347838825,348807949,348330268,1,1,0.0177,21.3912,21.4182,49.1443,96.9124,0,1.32782716E-05,6.91576645E-08,0.000106811523,9.510784,9.510783,9.536743E-07,0.999926,0.999926,0,713,0,0,0
764,26.547535903911562,348305213,349095388,348611723,1,1,0.0181,23.3674,23.4004,30.651,79.0175,0,1.40088032E-05,7.29625143E-08,9.15527344E-05,4.236189,4.23619461,5.722046E-06,0.9857436,0.985743642,5.96046448E-08,714,0,0,0
765,26.568969903911562,348454952,349309738,348805429,1,1,0.0102,16.1791,16.2037,35.0477,85.4786,0,1.34494858E-05,7.00494E-08,9.15527344E-05,6.4035387,6.40354252,3.81469727E-06,0.998347044,0.998347044,0,715,0,0,0
766,26.59058740391156,348775022,349525748,349088833,1,1,0.0235,15.1382,15.1783,31.3811,75.0726,0,1.378808E-05,7.181291E-08,9.15527344E-05,4.85291958,4.852921,1.43051147E-06,0.9922549,0.9922549,0,716,0,0,0
767,26.617798603911563,348933093,349798353,349307163,1,1,0.0141,20.1586,20.1848,37.407,86.526,0,1.32913792E-05,6.922593E-08,0.000114440918,5.077594,5.077593,9.536743E-07,0.99380374,0.99380374,0,716,0,0,0
768,26.644336603911565,349249309,350063601,349521202,1,1,0.0092,19.1756,19.1937,27.1893,81.4292,0,1.32323721E-05,6.89186E-08,0.000106811523,8.287926,8.287929,2.861023E-06,0.9997485,0.9997485,0,717,0,0,0
769,26.665232503911565,349408352,350272434,349796566,1,1,0.0182,24.2046,24.2439,38.8214,86.4082,0,1.3023393E-05,6.783017E-08,9.15527344E-05,8.354496,8.354492,3.81469727E-06,0.99976474,0.99976474,0,719,0,0,0
770,26.69083720391156,349753466,350528576,350268216,1,1,0.0232,31.1372,31.183,51.475,77.511,0,1.362214E-05,7.09486443E-08,0.000122070313,1.12517869,1.12517142,7.27176666E-06,0.754948,0.7549467,1.31130219E-06,720,0,0,0
772,26.739023403911563,350208975,351010076,350525275,1,1,5.0555,17.529,22.6056,31.63,80.1101,0,1.386088E-05,7.219209E-08,9.15527344E-05,5.81679726,5.81679344,3.81469727E-06,0.9970317,0.9970317,0,722,0,0,0
773,26.771566303911559,350372021,351335801,350720214,1,1,0.016,17.9905,18.0364,34.8193,96.378,0,1.39814028E-05,7.281981E-08,0.000106811523,5.46645164,5.466446,5.722046E-06,0.995791554,0.995791554,0,723,0,0,0
774,26.792640203911564,350690758,351546434,351005370,1,1,0.0253,24.1102,24.1696,31.4612,85.5676,0,1.3288909E-05,6.92130655E-08,7.62939453E-05,4.22193432,4.22193432,0,0.9855419,0.9855419,0,723,0,0,0
775,26.814426103911561,350872979,351764398,351331759,1,1,0.0173,27.2733,27.3059,45.878,89.1419,0,1.35130012E-05,7.038022E-08,0.000122070313,6.28866673,6.288666,9.536743E-07,0.998146236,0.998146236,0,725,0,0,0
776,26.842852603911563,351176399,352048857,351542405,1,1,0.0182,18.0396,18.0815,36.6006,87.2458,0,1.31359729E-05,6.84165258E-08,9.15527344E-05,4.98835468,4.98835039,4.29153442E-06,0.99322927,0.99322927,0,726,0,0,0
778,26.889128703911563,351657378,352511369,352046280,1,1,0.0756,22.383,22.516,38.8902,85.3991,0,1.46791563E-05,7.645394E-08,0.000122070313,1.8835001,1.883496,4.053116E-06,0.8680126,0.8680122,4.172325E-07,727,0,0,0
779,26.91197490391156,351967508,352739606,352267300,1,1,0.0113,18.967,18.9934,29.9792,77.2098,0,1.26281611E-05,6.577167E-08,8.392334E-05,7.79266262,7.79265547,7.15255737E-06,0.9995874,0.9995874,0,729,0,0,0
780,26.935211703911559,352138375,352972075,352507610,1,1,0.0189,18.8368,18.8696,36.9235,83.37,0,1.33671219E-05,6.962043E-08,0.000114440918,3.15368867,3.15368938,7.15255737E-07,0.9590538,0.9590539,5.96046448E-08,730,0,0,0
782,26.984693903911559,352609298,353467216,352969054,1,1,0.011,21.3368,21.3592,35.9756,85.7918,0,1.38477317E-05,7.21236049E-08,0.000106811523,3.08068848,3.08068967,1.1920929E-06,0.9560891,0.956089139,5.96046448E-08,732,0,0,0
783,27.004195903911562,352926578,353661989,353180059,1,1,0.0098,18.249,18.2715,25.3481,73.5411,0,1.359576E-05,7.081125E-08,0.000106811523,5.60308552,5.60308552,0,0.996327043,0.996327043,0,733,0,0,0
784,27.030614303911559,353101748,353926428,353464647,1,1,0.0166,20.6011,20.6342,36.2899,82.468,0,1.373462E-05,7.153448E-08,9.918213E-05,5.759987,5.75999355,6.67572E-06,0.9968587,0.9968588,5.96046448E-08,734,0,0,0
785,27.050758403911562,353411045,354127592,353659637,1,1,0.011,18.1594,18.181,24.8592,71.6547,0,1.33953745E-05,6.976757E-08,0.000106811523,4.784423,4.78442669,3.81469727E-06,0.991710365,0.991710365,0,735,0,0,0
786,27.07651960391156,353569071,354384937,353923674,1,1,0.0165,24.1048,24.1335,35.4603,81.5866,0,1.36222907E-05,7.094943E-08,0.000106811523,2.62092471,2.62091923,5.48362732E-06,0.9321962,0.932195842,3.57627869E-07,736,0,0,0
787,27.096449503911561,353882748,354584722,354122945,1,1,0.0094,18.2234,18.2441,24.0197,70.1974,0,1.303112E-05,6.787042E-08,0.000106811523,5.53156662,5.531562,4.76837158E-06,0.996055841,0.996055841,0,737,0,0,0
788,27.11990700391156,354049121,354819179,354375956,1,1,0.0167,21.939,21.9694,32.6835,77.0058,0,1.41655464E-05,7.37788852E-08,0.000122070313,1.25952852,1.25953126,2.74181366E-06,0.778944969,0.7789454,4.172325E-07,738,0,0,0
790,27.169100803911565,354537039,355310900,354815574,1,1,0.0084,22.1145,22.1315,27.8535,77.3861,0,1.40828533E-05,7.33482E-08,0.000106811523,1.55689144,1.55689573,4.29153442E-06,0.8259069,0.825907469,5.96046448E-07,739,0,0,0
791,27.189736603911559,354706714,355516958,355028240,1,1,0.0112,19.4577,19.4801,32.1526,81.0244,0,1.37221678E-05,7.146962E-08,9.15527344E-05,3.8356297,3.83562565,4.053116E-06,0.9788684,0.978868365,5.96046448E-08,741,0,0,0
792,27.21477570391156,354845867,355768073,355306656,1,1,0.0135,24.6504,24.6807,46.0789,92.2206,0,1.4958614E-05,7.790945E-08,0.000122070313,3.87491155,3.874916,4.529953E-06,0.9796659,0.979666,1.1920929E-07,742,0,0,0
793,27.241704903911565,355194363,356037251,355765456,1,1,0.0172,22.2742,22.3065,57.1093,84.2888,0,1.50095184E-05,7.817457E-08,0.000106811523,2.720383,2.72036958,1.335144E-05,0.9382187,0.938217938,7.748604E-07,743,0,0,0
795,27.288917503911559,355674087,356509424,356033853,1,1,0.0086,25.5263,25.5437,35.9766,83.5337,0,1.3667589E-05,7.118536E-08,0.000106811523,7.837328,7.837324,3.81469727E-06,0.9996054,0.9996054,0,745,0,0,0
796,27.310506903911563,355978585,356725372,356301605,1,1,0.0241,25.1798,25.2246,32.302,74.6787,0,1.35091441E-05,7.036012E-08,0.000106811523,4.40808964,4.408084,5.722046E-06,0.9879681,0.987968,5.96046448E-08,745,0,0,0
798,27.358739503911561,356448565,357207361,356722650,1,1,0.0103,19.2163,19.2401,27.4085,75.8796,0,1.33530375E-05,6.954707E-08,7.62939453E-05,5.77783,5.77782536,4.76837158E-06,0.996914148,0.9969141,5.96046448E-08,747,0,0,0
800,27.412194903911566,356929967,357741716,357205260,1,1,0.0206,18.6286,18.667,27.5293,81.1749,0,1.35515074E-05,7.058077E-08,9.15527344E-05,2.83816886,2.83816671,2.14576721E-06,0.9447039,0.944703758,1.1920929E-07,749,0,0,0
801,27.439787503911564,357108416,358017911,357470029,1,1,0.0174,21.7906,21.8234,36.1613,90.9495,0,1.34026868E-05,6.980566E-08,0.000106811523,6.32076931,6.3207674,1.90734863E-06,0.998204648,0.998204648,0,750,0,0,0
802,27.467534103911564,357406361,358294915,357737065,1,1,0.017,24.9092,24.9519,33.0704,88.8554,0,1.32211135E-05,6.885997E-08,9.15527344E-05,3.9806416,3.98063636,5.24520874E-06,0.981668651,0.9816686,5.96046448E-08,751,0,0,0
803,27.491548703911565,357581010,358535649,358014060,1,1,0.0199,24.3765,24.4114,43.305,95.4639,0,1.34476422E-05,7.00398E-08,9.15527344E-05,5.39613628,5.39613056,5.722046E-06,0.9954864,0.9954864,0,752,0,0,0
804,27.520391603911559,357892322,358823644,358287396,1,1,0.0177,25.2809,25.3174,39.5074,93.1322,0,1.35285563E-05,7.046123E-08,0.000122070313,4.4187,4.41869974,4.76837158E-07,0.9880936,0.988093555,5.96046448E-08,753,0,0,0
805,27.544549903911562,358210387,359065654,358532265,1,1,0.0159,21.4191,21.4542,32.1878,85.5267,0,1.40931579E-05,7.34018641E-08,0.000106811523,4.370105,4.370099,5.722046E-06,0.9875081,0.987508059,5.96046448E-08,754,0,0,0
806,27.569903303911563,358386582,359319243,358819736,1,1,0.0152,22.9622,22.9887,43.3154,93.2661,0,1.33347266E-05,6.94517E-08,0.000106811523,4.009595,4.0095973,2.38418579E-06,0.9821825,0.9821825,0,755,0,0,0
807,27.597004403911566,358701274,359589752,359060564,1,1,0.0184,22.6798,22.7181,35.929,88.8478,0,1.46461116E-05,7.628183E-08,9.918213E-05,4.381509,4.3815074,1.43051147E-06,0.987648,0.987648,0,756,0,0,0
808,27.619156003911559,359011760,359811020,359316371,1,1,0.014,24.2417,24.2674,30.4611,79.926,0,1.34105476E-05,6.98466E-08,0.000122070313,5.201086,5.20107937,6.67572E-06,0.994519651,0.9945196,5.96046448E-08,757,0,0,0
809,27.641912703911562,359178635,360039225,359584098,1,1,0.0127,20.1784,20.2019,40.5463,86.059,0,1.37788775E-05,7.176499E-08,0.000106811523,3.53549361,3.535489,4.529953E-06,0.971681,0.9716808,1.78813934E-07,758,0,0,0
810,27.667966503911561,359488899,360299666,359809264,1,1,0.019,20.5126,20.5573,32.0365,81.0767,0,1.5102677E-05,7.86597738E-08,9.918213E-05,3.74491382,3.74490738,6.43730164E-06,0.976908147,0.976908,1.1920929E-07,759,0,0,0
811,27.688672503911565,359652928,360507013,360034818,1,1,0.0118,20.1464,20.1677,38.189,85.4085,0,1.3295281E-05,6.9246255E-08,9.15527344E-05,3.60100865,3.60100365,5.00679E-06,0.9734291,0.973428965,1.1920929E-07,760,0,0,0
812,27.709571003911559,359975715,360715828,360294804,1,1,0.0087,20.9541,20.9815,31.9089,74.0113,0,1.37655688E-05,7.169567E-08,0.000106811523,2.21787286,2.21787643,3.57627869E-06,0.9018431,0.901843369,2.98023224E-07,760,0,0,0
813,27.743351503911565,360148808,361053218,360504049,1,1,0.0157,18.7763,18.813,35.5241,90.441,0,1.41176706E-05,7.35295345E-08,9.15527344E-05,4.645891,4.64588928,1.90734863E-06,0.9904903,0.9904903,0,762,0,0,0
814,27.76446950391156,360448809,361264248,360712196,1,1,0.0122,19.0798,19.1023,26.3387,81.5439,0,1.29871605E-05,6.764146E-08,9.15527344E-05,7.223873,7.223874,9.536743E-07,0.9992716,0.9992716,0,763,0,0,0
816,27.814114903911562,360788931,361760969,361258305,1,1,0.0177,18.7867,18.8263,46.9374,97.2038,0,1.38965106E-05,7.237766E-08,0.0001373291,4.12655354,4.12654734,6.198883E-06,0.9841179,0.9841178,1.1920929E-07,765,0,0,0
817,27.840874003911562,361088382,362028969,361520497,1,1,0.0158,23.3073,23.3434,43.2115,94.0587,0,1.3631925E-05,7.099961E-08,0.000106811523,3.92287612,3.9228797,3.57627869E-06,0.9805997,0.980599761,5.96046448E-08,766,0,0,0
818,27.86769920391156,361424033,362297133,361756060,1,1,0.0118,19.9849,20.0112,33.2027,87.31,0,1.37086863E-05,7.13994055E-08,0.000122070313,2.59083271,2.590837,4.29153442E-06,0.930269241,0.930269539,2.98023224E-07,766,0,0,0
819,27.897387503911563,361566321,362594192,362026432,1,1,0.0185,24.21,24.2539,46.0111,102.7871,0,1.48771524E-05,7.748517E-08,8.392334E-05,6.81428051,6.81428576,5.24520874E-06,0.9989032,0.9989032,0,767,0,0,0
820,27.922262003911559,361897172,362842363,362291848,1,1,0.0166,23.3879,23.4231,39.4676,94.5191,0,1.38739815E-05,7.226032E-08,9.918213E-05,5.396695,5.396698,2.861023E-06,0.9954889,0.995488942,5.96046448E-08,768,0,0,0
821,27.947963703911565,362226241,363099942,362836560,1,1,0.0219,27.5345,27.5744,61.0319,87.3701,0,1.51764043E-05,7.904377E-08,0.0001373291,4.26802349,4.26802158,1.90734863E-06,0.9861841,0.986184061,5.96046448E-08,769,0,0,0
822,27.972475903911562,362542666,363344875,363097870,1,1,0.014,21.9239,21.951,55.5204,80.2209,0,1.374694E-05,7.159864E-08,0.000106811523,8.65113449,8.651133,1.90734863E-06,0.9998251,0.9998251,0,771,0,0,0
823,27.996864403911562,362705518,363588792,363341928,1,1,0.0145,24.6594,24.6972,63.641,88.3274,0,1.490036E-05,7.760604E-08,9.15527344E-05,6.299202,6.29919052,1.14440918E-05,0.9981656,0.9981656,0,772,0,0,0
825,28.044291603911564,363185834,364063061,363585835,1,1,4.1709,18.1883,22.375,40.0001,87.7227,0,1.43846019E-05,7.49198037E-08,0.000106811523,4.50984669,4.509853,6.198883E-06,0.9891195,0.9891196,5.96046448E-08,774,0,0,0
826,28.066502003911562,363493339,364285203,363789456,1,1,0.0117,18.8922,18.9163,29.6117,79.1864,0,1.4831674E-05,7.72483E-08,0.0001373291,5.124017,5.12401867,1.90734863E-06,0.994083166,0.994083166,0,775,0,0,0
827,28.088414703911564,363651230,364503848,364059652,1,1,0.0218,23.7808,23.8218,40.8422,85.2618,0,1.33864169E-05,6.972092E-08,0.000122070313,2.36128,2.36128473,4.76837158E-06,0.913826644,0.913827,3.57627869E-07,775,0,0,0
828,28.118357003911566,363970262,364803396,364280860,1,1,0.0213,20.1114,20.1493,31.0598,83.3134,0,1.49292418E-05,7.775647E-08,0.000106811523,4.119277,4.119277,0,0.9840038,0.9840038,0,777,0,0,0
829,28.147619103911563,364138225,365095997,364497343,1,1,0.0127,19.5212,19.5551,35.9118,95.7772,0,1.37716233E-05,7.172721E-08,0.000122070313,6.82125,6.82124949,4.76837158E-07,0.998910844,0.998910844,0,778,0,0,0
830,28.168941903911563,364285841,365309695,365061951,1,1,0.0176,21.9238,21.9552,77.611,102.3854,0,1.42159306E-05,7.40413E-08,0.000122070313,4.7885,4.788498,1.90734863E-06,0.9917438,0.9917438,0,779,0,0,0
831,28.198473003911563,364763885,365604615,365091898,1,1,0.0177,24.643,24.6845,32.8013,84.073,0,1.43236193E-05,7.4602184E-08,9.15527344E-05,2.539349,2.539348,1.1920929E-06,0.9268547,0.9268546,1.1920929E-07,780,0,0,0
832,28.223947103911559,364963855,365859421,365307241,1,1,0.0111,19.9456,19.9664,34.3386,89.5566,0,1.28476768E-05,6.69149856E-08,9.15527344E-05,4.68232727,4.682321,6.198883E-06,0.990827441,0.990827441,0,781,0,0,0
833,28.249769003911563,365261313,366117631,365599834,1,1,0.0178,24.6574,24.6903,33.8521,85.6318,0,1.34999254E-05,7.031211E-08,0.000106811523,2.3033607,2.30335855,2.14576721E-06,0.909155,0.909154832,1.78813934E-07,782,0,0,0
834,28.278087703911563,365570232,366400936,365854701,1,1,0.0152,23.1593,23.1904,28.4469,83.0704,0,1.34502816E-05,7.005355E-08,7.62939453E-05,8.018473,8.018472,9.536743E-07,0.9996708,0.9996708,0,783,0,0,0
835,28.30163320391156,365736016,366636473,366112751,1,1,0.0165,23.7613,23.7919,37.6735,90.0457,0,1.37653415E-05,7.169449E-08,0.000122070313,6.22464275,6.224639,3.81469727E-06,0.998023868,0.998023868,0,783,0,0,0
836,28.330894203911566,366050311,366928223,366396811,1,1,0.0215,26.4858,26.521,34.65,87.7912,0,1.35400942E-05,7.05213239E-08,9.918213E-05,2.86802816,2.868023,5.24520874E-06,0.9462431,0.946242869,2.38418579E-07,785,0,0,0
837,28.35439320391156,366223688,367164255,366632266,1,1,0.0116,21.4765,21.5042,40.8578,94.0567,0,1.36639683E-05,7.11665038E-08,9.15527344E-05,2.50893188,2.50893641,4.529953E-06,0.9247656,0.924765944,3.57627869E-07,786,0,0,0
839,28.407039403911565,366863301,367689974,367162155,1,1,0.0153,22.021,22.0532,29.8854,82.6673,0,1.499038E-05,7.80749E-08,0.000106811523,4.00324535,4.00324249,2.861023E-06,0.982071042,0.982071,5.96046448E-08,787,0,0,0
840,28.430463603911566,367030855,367924860,367422532,1,1,0.0125,23.9845,24.0071,39.1677,89.4005,0,1.39066624E-05,7.243053E-08,0.000106811523,2.15674233,2.15673685,5.48362732E-06,0.896297157,0.8962966,5.364418E-07,789,0,0,0
841,28.456494103911563,367328491,368185093,367683649,1,1,0.0151,23.923,23.9537,35.5158,85.6602,0,1.41605287E-05,7.375275E-08,0.000106811523,4.88507557,4.88507271,2.861023E-06,0.992498159,0.9924981,5.96046448E-08,790,0,0,0
843,28.503954103911564,367812537,368659410,368179953,1,1,0.0134,20.668,20.6969,36.7416,84.6873,0,1.30932385E-05,6.819395E-08,0.000122070313,2.354342,2.3543396,2.38418579E-06,0.913278759,0.9132785,2.38418579E-07,792,0,0,0
844,28.524034503911562,368124712,368860381,368421257,1,1,0.0198,21.9839,22.0252,29.6545,73.5669,0,1.38777368E-05,7.227988E-08,0.000106811523,2.75270772,2.75270581,1.90734863E-06,0.9400661,0.940066,1.1920929E-07,793,0,0,0
845,28.550006203911561,368292899,369119927,368656880,1,1,0.0184,21.8174,21.8558,36.3981,82.7028,0,1.36217732E-05,7.094673E-08,0.000106811523,2.54666162,2.54666138,2.38418579E-07,0.9273489,0.9273489,0,794,0,0,0
846,28.573997103911562,368606775,369359961,368858532,1,1,0.0101,18.2543,18.2755,25.1757,75.3186,0,1.49081816E-05,7.764678E-08,0.0001373291,3.89991021,3.8999095,7.15255737E-07,0.980158,0.9801579,5.96046448E-08,795,0,0,0
847,28.593398603911563,368775822,369554327,369117122,1,1,0.019,21.4473,21.4859,34.13,77.8505,0,1.425118E-05,7.422489E-08,9.15527344E-05,3.77077413,3.77076674,7.390976E-06,0.9774844,0.9774842,1.78813934E-07,795,0,0,0
848,28.621368403911564,369102432,369833579,369357054,1,1,0.0178,21.1405,21.1702,25.4622,73.1147,0,1.37297829E-05,7.15092838E-08,0.000122070313,3.04770041,3.04769945,9.536743E-07,0.9546831,0.9546831,0,796,0,0,0
849,28.640759803911561,369260639,370027736,369553057,1,1,0.0094,18.3747,18.3953,29.2418,76.7097,0,1.34462989E-05,7.00328044E-08,0.000106811523,3.53007436,3.530068,6.43730164E-06,0.971531451,0.9715313,1.78813934E-07,797,0,0,0
851,28.69977640391156,369737512,370617888,370022630,1,1,0.0172,17.1763,17.2145,28.5118,88.0376,0,1.44966434E-05,7.550335E-08,9.15527344E-05,3.29582834,3.29582882,4.76837158E-07,0.964285433,0.964285433,0,799,0,0,0
852,28.724752603911565,369888245,370867483,370314866,1,1,0.0182,26.9061,26.9388,42.6621,97.9238,0,1.26602145E-05,6.59386146E-08,9.15527344E-05,4.10459328,4.10459,3.33786E-06,0.983771,0.983770967,5.96046448E-08,800,0,0,0
853,28.756793903911561,370245189,371187370,370615093,1,1,0.0199,23.768,23.8089,36.9904,94.2181,0,1.35135106E-05,7.038287E-08,9.15527344E-05,3.14826679,3.14826,6.67572E-06,0.95884037,0.958840132,2.38418579E-07,800,0,0,0
854,28.788678303911563,370545370,371506598,370862742,1,1,0.0187,22.981,23.0144,31.7372,96.1228,0,1.35355413E-05,7.049761E-08,0.000122070313,5.77854729,5.778546,1.43051147E-06,0.996916354,0.996916354,0,802,0,0,0
855,28.811625803911564,370704259,371736419,371181154,1,1,0.0133,26.2757,26.3035,47.6895,103.216,0,1.34383026E-05,6.999116E-08,0.0001373291,4.17945671,4.179454,2.861023E-06,0.984923959,0.9849239,5.96046448E-08,803,0,0,0
857,28.868686603911559,371356339,372306951,371732538,1,1,11.741,9.4639,21.2249,37.6199,95.0612,0,1.36170638E-05,7.0922205E-08,0.0001373291,0.968415141,0.968414664,4.76837158E-07,0.7248035,0.7248034,1.1920929E-07,805,0,0,0
858,28.890499803911563,371664152,372525057,372060350,1,1,0.0146,30.6708,30.6963,39.6198,86.0905,0,1.29917189E-05,6.7665205E-08,0.000106811523,1.37298059,1.37298429,3.695488E-06,0.7978613,0.7978619,5.96046448E-07,806,0,0,0
859,28.918136103911561,371993472,372801470,372304796,1,1,0.0188,22.2211,22.257,31.1324,80.7998,0,1.2933062E-05,6.73597E-08,9.15527344E-05,3.45866823,3.45867062,2.38418579E-06,0.9694886,0.9694887,5.96046448E-08,807,0,0,0
860,28.942552903911565,372136804,373045842,372520659,1,1,0.0184,18.4733,18.5089,38.3855,90.9038,0,1.42796689E-05,7.43732755E-08,0.000106811523,4.88691139,4.886908,3.33786E-06,0.9925118,0.9925118,0,808,0,0,0
861,28.964725403911562,372451690,373267433,372798842,1,1,0.0176,25.0364,25.0687,34.7152,81.5743,0,1.29669088E-05,6.75359857E-08,9.15527344E-05,2.72467041,2.72466946,9.536743E-07,0.9384668,0.9384667,5.96046448E-08,809,0,0,0
862,28.996578803911564,372774522,373586093,373043323,1,1,0.0181,20.9929,21.0253,26.8801,81.1571,0,1.43109537E-05,7.453622E-08,0.000106811523,0.4404266,0.440424979,1.60932541E-06,0.608360648,0.6083603,3.57627869E-07,810,0,0,0
863,29.023738503911563,372938806,373857448,373261605,1,1,0.0099,20.444,20.4668,32.2799,91.8642,0,1.33847752E-05,6.971237E-08,9.15527344E-05,3.84998345,3.84998369,2.38418579E-07,0.9791633,0.979163349,5.96046448E-08,811,0,0,0
864,29.049406403911565,373088205,374114077,373584073,1,1,0.0216,28.9131,28.9517,49.5868,102.5872,0,1.35567416E-05,7.060803E-08,9.15527344E-05,0.409780324,0.409779549,7.748604E-07,0.6010352,0.601035,1.78813934E-07,812,0,0,0
865,29.076726203911566,373466947,374387639,373855541,1,1,0.0199,19.9378,19.9786,38.8594,92.0692,0,1.41772316E-05,7.383975E-08,0.000122070313,3.31767,3.3176775,7.390976E-06,0.9650301,0.9650303,2.38418579E-07,813,0,0,0
866,29.096616503911559,373598755,374585848,374111579,1,1,0.0169,21.1453,21.1736,51.2824,98.7093,0,1.43843436E-05,7.49184537E-08,0.000106811523,0.87079823,0.870796,2.20537186E-06,0.704911768,0.7049113,4.76837158E-07,814,0,0,0
867,29.124818803911563,374054843,374868534,374384899,1,1,0.0158,23.4702,23.5006,33.0056,81.3691,0,1.45186023E-05,7.561772E-08,0.000106811523,0.6067531,0.606755257,2.14576721E-06,0.6471998,0.6472003,4.76837158E-07,815,0,0,0
868,29.144364203911561,374216107,375063602,374581416,1,1,0.0113,18.054,18.0782,36.5309,84.7495,0,1.39599015E-05,7.270782E-08,0.000106811523,3.83893371,3.83892775,5.96046448E-06,0.9789367,0.978936553,1.1920929E-07,815,0,0,0
869,29.171497603911565,374534278,375335105,374865571,1,1,0.0303,18.1729,18.2283,33.1293,80.0827,0,1.401278E-05,7.29832337E-08,0.000122070313,3.196702,3.1967032,1.1920929E-06,0.96071,0.960710049,5.96046448E-08,816,0,0,0
870,29.190179603911563,374842584,375521805,375060638,1,1,0.0087,17.8789,17.8989,21.8054,67.9221,0,1.37213929E-05,7.14655854E-08,0.000106811523,1.9811995,1.98119712,2.38418579E-06,0.878809,0.878808737,2.38418579E-07,816,0,0,0
872,29.239846103911564,375188209,376018655,375518818,1,1,0.0191,16.6821,16.7176,33.0609,83.0446,0,1.23821828E-05,6.44905356E-08,9.15527344E-05,1.49783945,1.49784064,1.1920929E-06,0.81725204,0.8172522,1.78813934E-07,819,0,0,0
874,29.289779003911566,375651640,376517786,376015847,1,1,0.0092,19.0704,19.0929,36.4207,86.6146,0,1.4146477E-05,7.36795656E-08,9.918213E-05,0.44801724,0.448017,2.38418579E-07,0.610167742,0.6101676,1.1920929E-07,819,0,0,0
875,29.313875003911566,375977028,376759099,376300929,1,1,0.0201,24.0017,24.0381,32.3901,78.2071,0,1.36232484E-05,7.095442E-08,0.000106811523,1.72179008,1.72179115,1.07288361E-06,0.8483593,0.8483594,1.1920929E-07,820,0,0,0
877,29.358780303911562,376448847,377207688,376983375,1,1,0.0187,23.0505,23.0912,53.4528,75.8841,0,1.45900358E-05,7.598977E-08,0.000122070313,1.41351545,1.41351569,2.38418579E-07,0.8043198,0.804319859,5.96046448E-08,823,0,0,0
878,29.386158303911561,376621650,377481605,377205527,1,1,0.0196,21.5438,21.5808,58.3877,85.9955,0,1.33240474E-05,6.939608E-08,9.15527344E-05,6.35691166,6.356906,5.722046E-06,0.9982683,0.9982683,0,824,0,0,0
880,29.431266103911565,377100989,377932729,377478660,1,1,0.0152,19.2968,19.329,37.7671,83.174,0,1.42560384E-05,7.42502E-08,9.15527344E-05,-1.8555423,-1.855546,3.695488E-06,0.135223478,0.135223046,4.32133675E-07,825,0,0,0
881,29.455278803911565,377406302,378172755,377675728,1,1,0.0135,18.2018,18.2272,26.9426,76.6453,0,1.37629168E-05,7.168186E-08,0.000122070313,5.03581047,5.0358057,4.76837158E-06,0.993541062,0.993541,5.96046448E-08,827,0,0,0
882,29.475495403911562,377581970,378375267,377929510,1,1,0.0227,20.358,20.3972,34.754,79.3297,0,1.3625061E-05,7.096386E-08,8.392334E-05,1.71346045,1.71346259,2.14576721E-06,0.847284555,0.847284853,2.98023224E-07,828,0,0,0
884,29.525739303911561,378052992,378877381,378373263,1,1,1.3062,17.7644,19.08,32.0271,82.4389,0,1.30856151E-05,6.815424E-08,0.000122070313,1.9782002,1.97820032,1.1920929E-07,0.8784892,0.8784892,0,830,0,0,0
885,29.54923150391156,378210939,379112339,378645168,1,1,0.0154,25.1621,25.1978,43.4229,90.14,0,1.44922551E-05,7.548049E-08,0.000106811523,2.79235935,2.79236245,3.09944153E-06,0.9422615,0.9422617,1.78813934E-07,830,0,0,0
886,29.571315303911565,378544880,379333491,378875049,1,1,0.0169,21.6219,21.6555,33.0169,78.8611,0,1.33956373E-05,6.97689444E-08,9.918213E-05,0.526668668,0.5266762,7.51018524E-06,0.6287058,0.6287075,1.7285347E-06,831,0,0,0
887,29.599365603911561,378699035,379613606,379109463,1,1,0.0151,19.1692,19.1985,41.0428,91.4571,0,1.36773488E-05,7.12361938E-08,0.000106811523,4.994316,4.994309,7.15255737E-06,0.993269265,0.9932692,5.96046448E-08,833,0,0,0
888,29.623737703911562,379014411,379857110,379609411,1,1,0.0151,20.107,20.1403,59.5,84.2699,0,1.26318209E-05,6.57907364E-08,0.000114440918,7.11393452,7.11392975,4.76837158E-06,0.999187,0.999187,0,834,0,0,0
890,29.671471703911561,379490380,380334789,379854273,1,1,0.0149,22.5485,22.5794,36.3893,84.4409,0,1.43531015E-05,7.475574E-08,9.15527344E-05,7.16264057,7.162642,1.43051147E-06,0.9992256,0.9992256,0,835,0,0,0
891,29.69597140391156,379805038,380579629,380052290,1,1,0.0105,18.1897,18.2109,24.7252,77.4591,0,1.31500838E-05,6.849002E-08,8.392334E-05,5.00950527,5.00950766,2.38418579E-06,0.993370056,0.993370056,0,837,0,0,0
892,29.721551603911561,379967582,380835826,380330865,1,1,0.0132,24.9937,25.0194,36.3283,86.8244,0,1.45757022E-05,7.591512E-08,0.000152587891,1.619262,1.61925936,2.62260437E-06,0.8346933,0.834692955,3.57627869E-07,838,0,0,0
894,29.775399103911564,380466414,381374072,380833534,1,1,2.3825,22.063,24.4637,36.712,90.7658,0,1.41900236E-05,7.390637E-08,0.000122070313,5.21986961,5.219869,4.76837158E-07,0.994621038,0.994621038,0,840,0,0,0
895,29.797341203911561,380781357,381593783,381071765,1,1,0.009,21.7883,21.8086,29.0408,81.2426,0,1.42292874E-05,7.411087E-08,9.15527344E-05,0.0372687,0.0372661948,2.503395E-06,0.5093161,0.5093155,5.96046448E-07,840,0,0,0
896,29.81805890391156,380945618,381800801,381369336,1,1,0.0138,23.9796,24.0119,42.3718,85.5183,0,1.39969025E-05,7.29005336E-08,9.15527344E-05,1.74274969,1.74274313,6.556511E-06,0.851036,0.8510352,8.34465E-07,842,0,0,0
897,29.84092250391156,381265469,382029337,381591243,1,1,0.0185,20.1382,20.1707,32.5774,76.3868,0,1.31581946E-05,6.85322661E-08,9.918213E-05,0.575475335,0.575476,6.556511E-07,0.6400256,0.640025735,1.1920929E-07,843,0,0,0
899,29.89116410391156,381728361,382531733,382024400,1,1,0.2799,19.5697,19.8591,29.6039,80.3372,0,1.2653978E-05,6.59061357E-08,9.15527344E-05,2.51401019,2.51401043,2.38418579E-07,0.925118148,0.9251182,5.96046448E-08,844,0,0,0
900,29.911089803911562,381909108,382730824,382279665,1,1,0.016,22.5036,22.5322,37.0557,82.1716,0,1.31229172E-05,6.834853E-08,0.0001373291,1.48887181,1.48887217,3.57627869E-07,0.815908849,0.8159089,5.96046448E-08,846,0,0,0
901,29.934555903911562,382053193,382965752,382727231,1,1,0.0117,24.9133,24.9416,67.4038,91.2559,0,1.28008987E-05,6.667135E-08,9.15527344E-05,4.805889,4.805893,3.81469727E-06,0.991884947,0.991885,5.96046448E-08,846,0,0,0
903,29.982568503911562,382686093,383445902,382963268,1,1,4.9781,16.4251,21.4263,27.7175,75.9809,0,1.38435844E-05,7.21020044E-08,0.000106811523,-2.33073854,-2.33074212,3.57627869E-06,0.088609,0.08860871,2.90572643E-07,849,0,0,0
905,30.030522803911563,383170159,383925361,383443387,1,1,4.4033,16.8911,21.3096,27.3228,75.5202,0,1.38772984E-05,7.22775937E-08,7.62939453E-05,3.91932321,3.91932154,1.66893E-06,0.980532,0.980532,0,851,0,0,0
906,30.052992203911561,383327293,384150338,383650735,1,1,0.0087,19.3881,19.406,32.3442,82.3045,0,1.34745014E-05,7.01796949E-08,9.15527344E-05,1.32550538,1.3254925,1.28746033E-05,0.7900962,0.7900941,2.14576721E-06,851,0,0,0
907,30.07361080391156,383484879,384356341,383922028,1,1,0.0178,23.9291,23.966,43.7149,87.1462,0,1.31314282E-05,6.839286E-08,0.000106811523,0.5514722,0.551471233,9.536743E-07,0.6344771,0.63447684,2.38418579E-07,853,0,0,0
908,30.095123503911562,383814111,384571181,384148544,1,1,0.0181,19.5231,19.557,33.4433,75.707,0,1.3149418E-05,6.848655E-08,0.000152587891,1.63171148,1.63171148,0,0.836403966,0.836403966,0,854,0,0,0
910,30.14234670391156,384288649,385043834,384567006,1,1,9.8016,8.9433,18.8041,27.8357,75.5185,0,1.34073625E-05,6.98300155E-08,0.0001373291,3.754369,3.754365,4.053116E-06,0.9771205,0.9771204,1.1920929E-07,855,0,0,0
911,30.16526010391156,384448165,385272650,384815741,1,1,0.0152,23.1526,23.1895,36.7576,82.4485,0,1.34563406E-05,7.008511E-08,9.15527344E-05,3.21204138,3.21204114,2.38418579E-07,0.961284935,0.9612849,5.96046448E-08,857,0,0,0
912,30.186242903911559,384767174,385481783,385269817,1,1,0.0216,21.2936,21.3348,50.2643,71.4609,0,1.38482364E-05,7.21262339E-08,9.918213E-05,4.634404,4.63439941,4.76837158E-06,0.990381539,0.9903815,5.96046448E-08,858,0,0,0
913,30.220132103911563,384930571,385820329,385479725,1,1,0.016,20.0928,20.1212,54.9154,88.9758,0,1.34188722E-05,6.988996E-08,0.000106811523,1.73676372,1.73676682,3.09944153E-06,0.8502755,0.850275934,4.172325E-07,859,0,0,0
914,30.241112803911559,385242745,386030956,385479810,1,1,0.0098,19.9963,20.0169,23.7065,78.8211,0,1.35546761E-05,7.05972738E-08,9.15527344E-05,6.143504,6.14350557,1.43051147E-06,0.9978572,0.9978572,0,860,0,0,0
915,30.266909203911563,385424162,386289200,385817794,1,1,0.0204,21.1302,21.1653,39.3632,86.5038,0,1.31599436E-05,6.85413752E-08,0.000106811523,4.513356,4.51334763,8.583069E-06,0.989157259,0.98915714,1.1920929E-07,861,0,0,0
916,30.284958303911562,385731444,386469579,386026020,1,1,0.0152,19.2139,19.2403,29.4576,73.8135,0,1.578243E-05,8.220016E-08,9.15527344E-05,2.16636086,2.16636252,1.66893E-06,0.897187769,0.897187948,1.78813934E-07,861,0,0,0
917,30.310943303911561,385889445,386729370,386287082,1,1,0.0139,22.6184,22.6552,39.7637,83.9925,0,1.32488194E-05,6.90042654E-08,0.000106811523,5.295429,5.29542732,1.90734863E-06,0.995010555,0.995010555,0,863,0,0,0
918,30.335684703911564,386220807,386976863,386465870,1,1,0.0286,8.1266,8.1857,24.5063,75.6056,0,1.68998031E-05,8.801981E-08,0.0001373291,-0.382803649,-0.382800221,3.427267E-06,0.405450881,0.405451715,8.34465E-07,864,0,0,0
920,30.383820203911565,386684695,387458455,386974941,1,1,6.5877,15.495,22.1077,29.0246,77.376,0,1.44024434E-05,7.501273E-08,0.0001373291,3.31690264,3.316904,1.43051147E-06,0.965004146,0.9650042,5.96046448E-08,866,0,0,0
921,30.40613180391156,386869439,387681567,387197154,1,1,0.0103,18.6242,18.6445,32.7715,81.2128,0,1.43046746E-05,7.450351E-08,0.000106811523,4.087122,4.08712339,1.43051147E-06,0.9834897,0.9834897,0,867,0,0,0
922,30.433083603911559,387169293,387950868,387455562,1,1,0.0196,22.6328,22.6712,28.6269,78.1575,0,1.70521271E-05,8.881316E-08,0.000122070313,0.6640612,0.6640634,2.20537186E-06,0.6601721,0.6601726,4.76837158E-07,868,0,0,0
923,30.458163003911562,387322892,388201649,387677803,1,1,0.0162,17.6157,17.6554,35.4911,87.8757,0,1.34731627E-05,7.01727245E-08,0.000106811523,3.12571764,3.12571955,1.90734863E-06,0.9579412,0.9579413,1.1920929E-07,869,0,0,0
924,30.478093703911565,387653866,388400860,387946372,1,1,0.0156,23.5895,23.6201,29.2506,74.6994,0,1.29362934E-05,6.73765257E-08,0.000106811523,6.012146,6.01215267,6.67572E-06,0.997557163,0.997557163,0,870,0,0,0
925,30.50332870391156,387812984,388653399,388199041,1,1,0.0164,22.0158,22.0615,38.6057,84.0415,0,1.35031687E-05,7.0329E-08,0.000106811523,4.39172935,4.391735,5.722046E-06,0.987772048,0.987772167,1.1920929E-07,870,0,0,0
926,30.52483940391156,388126379,388868742,388395656,1,1,0.0108,17.0111,17.036,26.9277,74.2363,0,1.31937259E-05,6.871732E-08,0.000106811523,3.813484,3.81348872,4.76837158E-06,0.9784055,0.9784056,1.1920929E-07,872,0,0,0
927,30.548362503911566,388288099,389103600,388649127,1,1,0.0144,22.6962,22.7256,36.1028,81.5501,0,1.33619133E-05,6.95933E-08,0.000122070313,3.50273156,3.502733,1.43051147E-06,0.9707654,0.9707654,0,873,0,0,0
929,30.597470203911559,388773527,389594671,389098558,1,1,0.0147,19.6665,19.6931,32.5031,82.1144,0,1.29202808E-05,6.729313E-08,0.000114440918,3.360773,3.36076951,3.57627869E-06,0.9664559,0.966455758,1.1920929E-07,875,0,0,0
930,30.62047670391156,388925716,389824874,389303494,1,1,0.0107,18.9474,18.971,37.7778,89.9158,0,1.34830962E-05,7.022446E-08,9.15527344E-05,3.115968,3.11596942,1.43051147E-06,0.957546651,0.9575467,5.96046448E-08,876,0,0,0
931,30.642114003911562,389260197,390040928,389590885,1,1,0.0204,21.3443,21.3806,33.0688,78.0731,0,1.39675067E-05,7.274743E-08,9.15527344E-05,2.11537337,2.11537361,2.38418579E-07,0.892388463,0.892388463,0,877,0,0,0
932,30.669334403911559,389410988,390313566,389821919,1,1,0.0123,21.2871,21.4794,41.0931,90.2578,0,1.38525929E-05,7.214892E-08,0.000122070313,2.83927774,2.8392725,5.24520874E-06,0.944761753,0.9447615,2.38418579E-07,878,0,0,0
933,30.69204230391156,389729434,390540497,390035869,1,1,0.0091,19.0663,19.0872,30.6435,81.1063,0,1.49235238E-05,7.772669E-08,0.000122070313,1.11264133,1.1126399,1.43051147E-06,0.752621233,0.752620935,2.98023224E-07,879,0,0,0
934,30.711793503911561,389893088,390738107,390309681,1,1,0.0151,24.2304,24.2757,41.6593,84.5019,0,1.3957686E-05,7.269628E-08,9.15527344E-05,3.33957148,3.33956718,4.29153442E-06,0.965761662,0.965761542,1.1920929E-07,880,0,0,0
935,30.733087303911564,390212009,390951196,390538092,1,1,0.0159,21.1673,21.197,32.6083,73.9187,0,1.52122921E-05,7.923069E-08,0.000122070313,1.93790174,1.93790352,1.78813934E-06,0.8741214,0.874121666,2.38418579E-07,881,0,0,0
936,30.765543803911559,390370111,391275301,390733233,1,1,0.0092,18.0364,18.057,36.3122,90.519,0,1.37260495E-05,7.148984E-08,0.0001373291,0.9328538,0.932850957,2.861023E-06,0.71765393,0.717653334,5.96046448E-07,882,0,0,0
937,30.789479303911559,390523583,391515191,390948158,1,1,0.0143,18.101,18.1309,42.4575,99.1608,0,1.39863951E-05,7.284581E-08,9.918213E-05,2.83707261,2.83707619,3.57627869E-06,0.9446466,0.9446468,1.78813934E-07,883,0,0,0
938,30.807789203911565,390846108,391698315,391270637,1,1,0.0171,24.1068,24.1406,42.4529,85.2207,0,1.391791E-05,7.24891152E-08,9.15527344E-05,4.11533546,4.115333,2.38418579E-06,0.9839416,0.983941555,5.96046448E-08,883,0,0,0
939,30.832938703911562,391171815,391949743,391511828,1,1,0.0132,21.9187,21.943,34.0013,77.7928,0,1.3820757E-05,7.198311E-08,0.000106811523,2.25996137,2.25996256,1.1920929E-06,0.9055063,0.905506432,1.1920929E-07,884,0,0,0
940,30.85788150391156,391325668,392199011,391696761,1,1,0.0095,16.5083,16.5302,37.1093,87.3343,0,1.75435835E-05,9.137283E-08,0.000106811523,1.91941714,1.91942143,4.29153442E-06,0.8720734,0.8720739,4.76837158E-07,886,0,0,0
941,30.882759603911563,391657237,392447757,392194962,1,1,0.0106,24.72,24.7415,53.7725,79.052,0,1.38923251E-05,7.235586E-08,0.000106811523,2.16028976,2.160286,3.81469727E-06,0.8966264,0.896626055,3.57627869E-07,887,0,0,0
943,30.928822603911559,392127161,392908095,392444588,1,1,0.106,23.078,23.1987,31.7427,78.0934,0,1.51862814E-05,7.90952157E-08,0.000106811523,1.70998955,1.709996,6.43730164E-06,0.8468349,0.846835732,8.34465E-07,889,0,0,0
944,30.952661803911564,392299889,393146832,392639403,1,1,0.0122,18.0472,18.0751,33.9514,84.6943,0,1.38051428E-05,7.190179E-08,0.000106811523,-1.1598531,-1.15985274,3.57627869E-07,0.238693982,0.238694042,5.96046448E-08,890,0,0,0
946,30.999276303911561,392783130,393612682,393144767,1,1,7.6567,14.6924,22.3707,36.1637,82.9552,0,1.39432013E-05,7.262084E-08,9.15527344E-05,2.95185542,2.95185542,0,0.9503511,0.9503511,0,892,0,0,0
947,31.021135803911559,393090685,393831670,393359016,1,1,0.012,20.2836,20.3037,26.8331,74.0985,0,1.30631788E-05,6.803739E-08,0.0001373291,5.020458,5.02045965,1.43051147E-06,0.9934418,0.9934418,0,893,0,0,0
948,31.044686003911561,393256644,394066897,393610419,1,1,0.0285,21.6778,21.7313,35.3775,81.0253,0,1.39867143E-05,7.284747E-08,0.000122070313,2.466317,2.466316,9.536743E-07,0.9217465,0.921746433,5.96046448E-08,893,0,0,0
949,31.066381503911561,393571546,394283730,393829400,1,1,0.0143,20.5261,20.5505,25.7854,71.2184,0,1.31300885E-05,6.838588E-08,0.000106811523,1.44541657,1.44541812,1.54972076E-06,0.809292,0.809292257,2.38418579E-07,894,0,0,0
950,31.090830203911562,393737195,394528415,394065431,1,1,0.0106,21.8252,21.8459,32.8236,79.122,0,1.49852431E-05,7.804814E-08,9.15527344E-05,1.078328,1.07832086,7.15255737E-06,0.746177435,0.746176064,1.37090683E-06,894,0,0,0
952,31.135584103911565,394208573,394976062,394524051,1,1,0.0236,22.0913,22.1311,31.5478,76.7489,0,1.41129385E-05,7.35048857E-08,0.000106811523,2.71254182,2.7125392,2.62260437E-06,0.9377627,0.9377625,1.78813934E-07,897,0,0,0
953,31.156185803911566,394380051,395181873,394973987,1,1,0.0155,25.6658,25.6983,59.3936,80.1822,0,1.613362E-05,8.402927E-08,9.918213E-05,1.92604446,1.926039,5.48362732E-06,0.87281096,0.872810364,5.96046448E-07,897,0,0,0
955,31.202836903911564,394849896,395648668,395178251,1,1,2.8557,14.9511,17.8167,32.8355,79.8772,0,1.38101368E-05,7.192779E-08,0.000122070313,3.99403358,3.994029,4.529953E-06,0.9819081,0.981908,5.96046448E-08,898,0,0,0
957,31.24499330391156,395339131,396070025,395646268,1,1,0.0371,19.974,20.0272,30.7137,73.0894,0,1.36137205E-05,7.09048E-08,0.000152587891,2.9433012,2.94330263,1.43051147E-06,0.9499459,0.949946,5.96046448E-08,901,0,0,0
959,31.292722103911562,395807287,396547451,396065931,1,1,2.7493,16.3842,19.144,25.8644,74.0164,0,1.276511E-05,6.648495E-08,0.000106811523,4.355298,4.35529041,7.62939453E-06,0.9873241,0.987324059,5.96046448E-08,903,0,0,0
960,31.313913803911564,395970247,396759139,396319132,1,1,0.0122,23.284,23.3137,34.8885,78.8892,0,1.33775548E-05,6.967476E-08,0.0001373291,0.779692769,0.779684067,8.702278E-06,0.6856139,0.685612,1.847744E-06,904,0,0,0
962,31.360802103911563,396448119,397227866,396755370,1,1,0.0079,19.7896,19.8073,30.7251,77.9747,0,1.41290684E-05,7.35889E-08,0.000106811523,1.89480472,1.89480519,4.76837158E-07,0.8693024,0.869302452,5.96046448E-08,906,0,0,0
963,31.388037203911562,396607887,397500725,396982056,1,1,0.0114,19.5994,19.6219,37.4169,89.2838,0,1.30884537E-05,6.816903E-08,0.000122070313,2.329762,2.329763,9.536743E-07,0.9113121,0.911312163,5.96046448E-08,907,0,0,0
964,31.409785703911563,396931691,397717744,397225824,1,1,0.0096,19.6645,19.685,29.4133,78.6053,0,1.3192277E-05,6.87097739E-08,9.15527344E-05,5.110175,5.11018,4.76837158E-06,0.99400115,0.9940012,5.96046448E-08,907,0,0,0
965,31.437748003911562,397098734,397997715,397497852,1,1,0.0167,25.2391,25.2695,39.9118,89.8981,0,1.31056877E-05,6.825879E-08,9.15527344E-05,5.056881,5.056885,3.81469727E-06,0.9936749,0.9936749,0,908,0,0,0
966,31.460454603911561,397408585,398224776,397712279,1,1,0.0086,19.8013,19.8208,30.3694,81.6191,0,1.6492555E-05,8.58987264E-08,9.15527344E-05,0.6027763,0.6027781,1.78813934E-06,0.6462912,0.6462916,4.172325E-07,909,0,0,0
967,31.48267900391156,397567336,398446840,398222074,1,1,0.0159,35.033,35.0657,65.4738,87.9504,0,1.40554621E-05,7.32055341E-08,9.15527344E-05,0.9045681,0.9045656,2.503395E-06,0.71188736,0.7118868,5.364418E-07,911,0,0,0
968,31.508841603911559,397903833,398708325,398441248,1,1,6.514,14.4171,20.9447,53.7415,80.4492,0,1.37603229E-05,7.16683459E-08,9.15527344E-05,3.07702255,3.07702446,1.90734863E-06,0.955934942,0.955935,5.96046448E-08,911,0,0,0
970,31.553354703911562,398374719,399153369,398702120,1,1,0.0158,22.9409,22.9756,32.7401,77.865,0,1.32383366E-05,6.894967E-08,0.000106811523,3.344232,3.34423065,1.43051147E-06,0.965915442,0.9659154,5.96046448E-08,914,0,0,0
971,31.574185503911561,398536614,399361372,399150206,1,1,0.0159,19.4258,19.4592,61.3592,82.4758,0,1.2919063E-05,6.72867841E-08,9.15527344E-05,3.929231,3.9292326,1.66893E-06,0.9807202,0.9807203,5.96046448E-08,915,0,0,0
973,31.624208503911564,399008632,399861950,399356929,1,1,0.0128,17.8039,17.8291,34.8297,85.3318,0,1.636105E-05,8.52138E-08,0.000106811523,0.15726918,0.1572712,2.026558E-06,0.5392365,0.539236963,4.76837158E-07,917,0,0,0
974,31.644240203911561,399163894,400062310,399625512,1,1,0.0125,20.0654,20.0873,46.1618,89.8416,0,1.46389048E-05,7.62443E-08,0.000106811523,3.02768946,3.02768946,0,0.9538095,0.9538095,0,918,0,0,0
975,31.671287003911562,399502787,400333019,399858960,1,1,0.0144,21.3075,21.3335,35.6173,83.0232,0,1.33230342E-05,6.93908E-08,0.000106811523,3.70765328,3.70764875,4.529953E-06,0.9760525,0.9760524,1.1920929E-07,918,0,0,0
976,31.69582120391156,399803758,400578079,400058910,1,1,0.0142,17.9956,18.0224,25.5152,77.4321,0,1.49834768E-05,7.80389442E-08,0.000106811523,1.81683135,1.81682992,1.43051147E-06,0.8601855,0.8601853,1.78813934E-07,920,0,0,0
977,31.716828803911564,399967444,400788580,400328657,1,1,0.013,23.8853,23.9102,36.1213,82.1136,0,1.452288E-05,7.56399956E-08,0.000114440918,3.042365,3.04236054,4.529953E-06,0.95445174,0.954451561,1.78813934E-07,921,0,0,0
979,31.766335903911564,400450842,401283449,400786208,1,1,0.5677,18.8815,19.4616,33.5366,83.2607,0,1.46520551E-05,7.631279E-08,0.000122070313,1.35124254,1.35123873,3.81469727E-06,0.7943327,0.7943321,5.96046448E-07,922,0,0,0
980,31.786467403911562,400603611,401484889,401008466,1,1,0.0145,19.7047,19.7304,40.4855,88.1278,0,1.44677988E-05,7.535312E-08,9.15527344E-05,1.66410708,1.6641103,3.21865082E-06,0.840788543,0.840789,4.76837158E-07,924,0,0,0
981,31.807600603911563,400947498,401696047,401280122,1,1,0.0217,21.5025,21.5457,33.2624,74.8549,0,1.31192974E-05,6.83296761E-08,9.15527344E-05,3.23154259,3.231544,1.43051147E-06,0.9620042,0.962004244,5.96046448E-08,925,0,0,0
983,31.859151303911563,401415765,402211386,401692503,1,1,0.0081,18.0983,18.1169,27.6738,79.5621,0,1.46794191E-05,7.645531E-08,0.000122070313,0.136074185,0.1360699,4.29153442E-06,0.5339661,0.5339651,1.013279E-06,927,0,0,0
984,31.88627740391156,401573954,402483083,401982942,1,1,0.0132,27.6504,27.6838,40.8988,90.9129,0,1.4281105E-05,7.438076E-08,9.15527344E-05,1.82932091,1.82932436,3.4570694E-06,0.8616808,0.8616812,4.172325E-07,928,0,0,0
985,31.906699003911559,401906128,402686396,402209520,1,1,0.0091,21.2223,21.2433,30.3392,78.0268,0,1.41325017E-05,7.360678E-08,9.15527344E-05,3.16617823,3.1661768,1.43051147E-06,0.9595415,0.95954144,5.96046448E-08,929,0,0,0
986,31.931517503911561,402056065,402935260,402480296,1,1,0.0151,21.8432,21.8739,42.4231,87.9195,0,1.431715E-05,7.456849E-08,9.15527344E-05,1.73302889,1.73302662,2.2649765E-06,0.849799454,0.849799156,2.98023224E-07,930,0,0,0
987,31.951873203911564,402382070,403138878,402681273,1,1,0.0092,18.7418,18.7615,29.9203,75.6808,0,1.38257064E-05,7.200889E-08,9.15527344E-05,2.14541173,2.14540672,5.00679E-06,0.895239234,0.895238757,4.76837158E-07,931,0,0,0
988,31.981631903911559,402529195,403436536,402933263,1,1,0.0148,21.7593,21.8,40.4068,90.7341,0,1.38500709E-05,7.21357836E-08,9.15527344E-05,2.24404383,2.244042,1.90734863E-06,0.9041355,0.904135346,1.78813934E-07,932,0,0,0
989,32.002210303911568,402854651,403642030,403136334,1,1,0.0105,18.7752,18.796,28.1683,78.7379,0,1.49719235E-05,7.797877E-08,0.000106811523,5.666561,5.66656256,1.43051147E-06,0.996552169,0.996552169,0,932,0,0,0
990,32.027069103911558,403010183,403890787,403433830,1,1,0.0197,25.9731,26.014,42.3647,88.0604,0,1.50706192E-05,7.849281E-08,9.15527344E-05,1.0064255,1.00642908,3.57627869E-06,0.73232,0.7323207,7.15255737E-07,933,0,0,0
991,32.052632703911556,403329544,404146667,403638453,1,1,0.0076,18.9271,18.9445,30.8909,81.7123,0,1.30369908E-05,6.790099E-08,0.000106811523,2.99084139,2.990842,7.15255737E-07,0.95215863,0.9521587,5.96046448E-08,935,0,0,0
992,32.073313703911566,403484811,404352857,404144070,1,1,0.0111,24.0982,24.1266,65.9259,86.8046,0,1.41831088E-05,7.387036E-08,0.000106811523,5.528818,5.52881241,5.722046E-06,0.996045053,0.996045,5.96046448E-08,936,0,0,0
994,32.121589703911567,404125167,404836234,404347895,1,1,0.0099,18.7833,18.8046,22.2728,71.1067,0,1.36979443E-05,7.134346E-08,0.000114440918,4.00842476,4.00842237,2.38418579E-06,0.982162,0.982161939,5.96046448E-08,938,0,0,0
995,32.144973503911558,404291965,405069613,404601987,1,1,0.0139,22.3956,22.4261,31.0022,77.7648,0,1.36753E-05,7.122552E-08,0.000106811523,4.811495,4.81150436,9.536743E-06,0.991929948,0.991930068,1.1920929E-07,938,0,0,0
997,32.192398703911564,404782619,405543656,405065860,1,1,0.016,20.1312,20.163,28.3241,76.1037,0,1.33184067E-05,6.93667E-08,9.15527344E-05,5.4672966,5.46729851,1.90734863E-06,0.995795131,0.995795131,0,941,0,0,0
999,32.236292403911563,405085033,405982954,405539645,1,1,8.8946,13.9164,22.8334,45.4612,89.7921,0,1.36620829E-05,7.11566841E-08,0.000106811523,5.66743851,5.66743326,5.24520874E-06,0.9965552,0.9965552,0,943,0,0,0
1000,32.261343703911564,405415597,406233844,405785198,1,1,0.015,22.8029,22.8332,36.9601,81.8247,0,1.39504054E-05,7.265836E-08,0.000183105469,0.9167545,0.9167594,4.887581E-06,0.7143803,0.714381337,1.013279E-06,944,0,0,0
1002,32.309673003911556,405888646,406717014,406231799,1,1,7.5305,14.9781,22.5526,34.3153,82.8368,0,1.40678067E-05,7.3269824E-08,0.000106811523,5.32146645,5.32146168,4.76837158E-06,0.995138168,0.995138168,0,945,0,0,0
1003,32.330194803911567,406206592,406921642,406457786,1,1,0.0097,19.3219,19.3402,25.1194,71.505,0,1.4183468E-05,7.387223E-08,0.000106811523,4.371851,4.37185574,4.76837158E-06,0.987529635,0.9875297,5.96046448E-08,947,0,0,0
1004,32.355540703911558,406388144,407175737,406714222,1,1,0.0152,23.8528,23.8813,32.6078,78.7593,0,1.34800111E-05,7.02083938E-08,0.000106811523,4.14769745,4.147689,8.583069E-06,0.984445035,0.9844449,1.1920929E-07,948,0,0,0
1006,32.404881203911557,406860811,407669134,407172597,1,1,0.011,22.6166,22.6397,31.1786,80.8323,0,1.40186494E-05,7.30138E-08,9.15527344E-05,3.53948,3.53947878,1.1920929E-06,0.971790433,0.971790433,0,949,0,0,0
1007,32.422816003911564,407020619,407848442,407380380,1,1,0.0151,19.0582,19.0917,35.9761,82.7823,0,1.44277392E-05,7.514448E-08,0.000106811523,3.56653285,3.5665307,2.14576721E-06,0.9725227,0.9725226,5.96046448E-08,950,0,0,0
1009,32.471265103911563,407503693,408332719,407845062,1,1,0.0137,15.396,15.424,34.1369,82.9026,0,1.32686573E-05,6.910759E-08,0.000152587891,4.51730728,4.517315,7.62939453E-06,0.9891995,0.989199638,1.1920929E-07,951,0,0,0
1010,32.496176903911561,407644568,408581854,408064953,1,1,0.0133,19.1322,19.1552,42.0385,93.7286,0,1.33835892E-05,6.97061964E-08,9.15527344E-05,1.07755589,1.07755518,7.15255737E-07,0.746031165,0.746031046,1.1920929E-07,953,0,0,0
1011,32.516467703911559,407981465,408784538,408329786,1,1,0.0205,23.5969,23.636,34.8321,80.3073,0,1.40531256E-05,7.319336E-08,9.15527344E-05,2.045791,2.04578781,3.09944153E-06,0.88552165,0.8855213,3.57627869E-07,953,0,0,0
1013,32.56955500391156,408461242,409315676,408779220,1,1,0.0086,18.611,18.6296,31.7978,85.4434,0,1.40464563E-05,7.3158624E-08,0.0001373291,-0.8782357,-0.878234267,1.43051147E-06,0.293543518,0.293543816,2.98023224E-07,955,0,0,0
1015,32.612177503911568,408954084,409741747,409312423,1,1,0.0239,24.3213,24.3683,35.8339,78.7663,0,1.365295E-05,7.110911E-08,9.15527344E-05,4.220357,4.220354,2.861023E-06,0.98551935,0.98551935,0,957,0,0,0
1017,32.663849203911568,409412388,410258790,409739970,1,1,0.0123,18.894,18.9216,32.7582,84.6402,0,1.399617E-05,7.289672E-08,0.000122070313,-0.647119462,-0.647121549,2.08616257E-06,0.343638957,0.34363848,4.76837158E-07,960,0,0,0
1019,32.714962303911562,409893564,410769587,410256585,1,1,0.052,22.9951,23.0662,36.3021,87.6023,0,1.357265E-05,7.069088E-08,0.000106811523,2.922595,2.92259717,2.14576721E-06,0.948952138,0.948952258,1.1920929E-07,962,0,0,0
1020,32.741846103911556,410208911,411038619,410518321,1,1,0.0098,24.889,24.9095,30.941,82.9708,0,1.33622789E-05,6.95952E-08,7.62939453E-05,3.47897029,3.47896743,2.861023E-06,0.9700835,0.970083356,1.1920929E-07,963,0,0,0
1022,32.796612103911556,410700577,411586309,411035020,1,1,11.8026,11.4397,23.2887,33.4443,88.5732,0,1.35274231E-05,7.045533E-08,9.15527344E-05,5.62703133,5.62703,1.43051147E-06,0.996413648,0.996413648,0,965,0,0,0
1023,32.828113503911567,410867963,411901418,411324624,1,1,0.0249,24.1816,24.2313,45.6661,103.3455,0,1.33659541E-05,6.96143445E-08,0.000106811523,3.63317418,3.63318,5.722046E-06,0.9742485,0.974248648,1.1920929E-07,965,0,0,0
1025,32.869638803911556,411505550,412316320,411897459,1,1,0.0154,20.4834,20.5256,39.1909,81.077,0,1.36395583E-05,7.10393664E-08,0.000122070313,4.762826,4.762822,3.81469727E-06,0.9915309,0.9915309,0,967,0,0,0
1027,32.920193703911565,411972109,412821966,412312860,1,1,3.2893,14.8366,18.1407,34.0751,84.9857,0,1.3794418E-05,7.18459248E-08,9.15527344E-05,4.1905117,4.19051456,2.861023E-06,0.9850872,0.9850873,5.96046448E-08,968,0,0,0
1029,32.964896803911557,412453648,413269270,413022316,1,1,0.0228,23.69,23.7314,56.8668,81.5622,0,1.26703508E-05,6.599141E-08,8.392334E-05,3.760823,3.760822,9.536743E-07,0.977264345,0.977264345,0,970,0,0,0
1030,32.987906303911558,412773087,413499261,413267710,1,1,0.0145,27.0696,27.1007,49.4623,72.6174,0,1.34270449E-05,6.99325255E-08,0.000106811523,5.96562862,5.96562862,0,0.9974411,0.9974411,0,970,0,0,0
1031,33.010668603911569,412931178,413726747,413495862,1,1,8.4011,18.8912,27.3404,56.4684,79.5569,0,1.37935986E-05,7.184166E-08,0.000106811523,4.04450226,4.0444994,2.861023E-06,0.9827832,0.982783139,5.96046448E-08,971,0,0,0
1033,33.053800303911558,413433576,414157967,413937381,1,1,0.0192,21.7675,21.8047,50.3805,72.4391,0,1.557493E-05,8.11194241E-08,9.15527344E-05,1.766629,1.76662982,8.34465E-07,0.854037941,0.85403806,1.1920929E-07,973,0,0,0
1035,33.104002903911564,413887428,414659885,414154370,1,1,0.0104,17.7621,17.7891,26.6942,77.2457,0,1.47667561E-05,7.691019E-08,0.000106811523,1.201807,1.20180523,1.78813934E-06,0.7688461,0.768845737,3.57627869E-07,975,0,0,0
1036,33.124282203911562,414062080,414863146,414657104,1,1,0.0206,22.373,22.4135,59.5024,80.1066,0,1.38168734E-05,7.196288E-08,0.000106811523,2.472564,2.4725666,2.62260437E-06,0.9221959,0.9221961,1.78813934E-07,976,0,0,0
1037,33.147296603911556,414379444,415093069,414860769,1,1,0.0119,22.0893,22.115,48.1325,71.3625,0,1.42599865E-05,7.42707655E-08,0.000106811523,1.85622668,1.85622323,3.4570694E-06,0.864856541,0.8648561,4.172325E-07,978,0,0,0
1038,33.172060503911567,414534364,415340629,415091586,1,1,0.0121,22.1548,22.1824,55.7222,80.6265,0,1.34821266E-05,7.021941E-08,0.000106811523,3.85019565,3.85019135,4.29153442E-06,0.97916764,0.9791676,5.96046448E-08,978,0,0,0
1040,33.218973103911566,415014077,415809629,415336167,1,1,0.0115,21.703,21.7267,32.209,79.5552,0,1.3357042E-05,6.95679248E-08,0.000152587891,0.0363859534,0.03639078,4.827976E-06,0.5090955,0.5090967,1.1920929E-06,981,0,0,0
1042,33.270515803911564,415490023,416325434,415804845,1,1,2.3943,17.271,19.6772,31.4822,83.5411,0,1.29940781E-05,6.767749E-08,0.000122070313,1.74360538,1.743606,5.96046448E-07,0.851144433,0.8511445,5.96046448E-08,982,0,0,0
1043,33.289579003911555,415645089,416515807,416073229,1,1,0.0167,23.172,23.208,42.814,87.0718,0,1.47856517E-05,7.70086E-08,0.0001373291,1.86406851,1.86406684,1.66893E-06,0.865770459,0.8657703,1.78813934E-07,983,0,0,0
1044,33.31632760391156,415970345,416782675,416323131,1,1,0.0144,23.4203,23.4542,35.2786,81.233,0,1.32477426E-05,6.899866E-08,7.62939453E-05,2.84526372,2.84525776,5.96046448E-06,0.945073366,0.945073,3.57627869E-07,983,0,0,0
1045,33.334195203911563,416284848,416961698,416777353,1,1,0.0103,40.1627,40.1882,49.2505,67.685,0,1.43674652E-05,7.48305453E-08,0.000183105469,2.7802546,2.78026,5.48362732E-06,0.9415994,0.9415997,2.98023224E-07,985,0,0,0
1048,33.411474003911565,416766457,417735046,417239374,1,1,0.0139,20.1609,20.1854,47.2917,96.8589,0,1.49649131E-05,7.794225E-08,0.0001373291,3.673828,3.67382669,1.1920929E-06,0.975249,0.975249,0,988,0,0,0
1050,33.462058503911564,417417327,418240480,417731314,1,1,0.0135,16.7093,16.7441,31.3987,82.3153,0,1.38276782E-05,7.20191551E-08,9.15527344E-05,2.95634,2.95633769,2.38418579E-06,0.9505623,0.9505622,1.1920929E-07,990,0,0,0
1051,33.487010903911568,417569062,418490053,417985177,1,1,0.0146,19.2438,19.2688,41.6115,92.0991,0,1.46607808E-05,7.635823E-08,0.000114440918,4.751852,4.75185776,5.722046E-06,0.99143827,0.99143827,0,991,0,0,0
1052,33.507078903911562,417886599,418690856,418236066,1,1,0.0131,21.3218,21.3519,34.9467,80.4257,0,1.71633765E-05,8.93925858E-08,0.000106811523,2.02029943,2.020299,4.76837158E-07,0.882912,0.8829119,5.96046448E-08,991,0,0,0
1053,33.530339703911565,418208494,418923763,418487405,1,1,0.0156,23.3845,23.4148,27.8911,71.5269,0,1.42926338E-05,7.44408E-08,0.000122070313,4.02016449,4.020161,3.33786E-06,0.9823665,0.982366443,5.96046448E-08,993,0,0,0
1054,33.553375103911563,418386958,419153880,418686962,1,1,0.0121,18.3623,18.3845,30.0004,76.6922,0,1.42788786E-05,7.436916E-08,0.000106811523,4.498358,4.498352,5.722046E-06,0.9889952,0.988995135,5.96046448E-08,993,0,0,0
1056,33.599521803911557,418861137,419615262,419149747,1,1,0.0144,20.7874,20.8141,28.861,75.4125,0,1.48510435E-05,7.73491848E-08,0.000106811523,5.360532,5.360532,0,0.995323539,0.995323539,0,996,0,0,0
1058,33.64528560391156,419329491,420072654,419609052,1,1,0.0103,18.7283,18.7474,27.9561,74.3163,0,1.424223E-05,7.417828E-08,9.15527344E-05,3.473191,3.47319,9.536743E-07,0.9699153,0.9699153,0,998,0,0,0
1059,33.67186720391156,419495966,420338575,419869672,1,1,0.01,22.712,22.7356,37.3706,84.2609,0,1.45416361E-05,7.573769E-08,9.15527344E-05,8.331454,8.331454,0,0.999759257,0.999759257,0,999,0,0,0
1060,33.690986703911562,419807174,420529861,420068629,1,1,0.0193,16.1157,16.1668,26.1455,72.2687,0,1.45346048E-05,7.570107E-08,0.000106811523,6.77026939,6.770263,6.198883E-06,0.9988539,0.9988539,0,1000,0,0,0
1061,33.718142603911559,419982605,420801421,420335441,1,1,0.0168,19.4229,19.457,35.2836,81.8816,0,1.46368966E-05,7.623384E-08,0.000122070313,8.698532,8.698538,5.722046E-06,0.9998332,0.9998332,0,1001,0,0,0
1062,33.746171903911559,420281941,421081716,420524235,1,1,0.0317,16.727,16.7726,24.2294,79.9775,0,1.54063382E-05,8.024134E-08,0.000114440918,8.166669,8.166663,5.722046E-06,0.9997161,0.9997161,0,1001,0,0,0
1063,33.765960903911562,420448465,421279659,420799019,1,1,0.0189,25.7741,25.8078,35.0554,83.1194,0,1.427491E-05,7.434849E-08,0.000122070313,7.55552864,7.55552626,2.38418579E-06,0.9994771,0.9994771,0,1002,0,0,0
1064,33.787802303911562,420773881,421498262,421076705,1,1,0.0217,21.9732,22.0136,30.2824,72.4381,0,1.47675228E-05,7.691418E-08,0.0001373291,7.048113,7.04810333,9.536743E-06,0.9991317,0.9991317,0,1003,0,0,0
1065,33.813155703911562,420936467,421751902,421494061,1,1,0.0163,21.4752,21.5069,55.7594,81.5435,0,1.49115831E-05,7.76644953E-08,0.0001373291,10.170681,10.1706753,5.722046E-06,0.999961734,0.999961734,0,1004,0,0,0
1067,33.85732970391156,421406722,422189564,421748979,1,1,0.0253,23.0243,23.0699,34.2257,78.2842,0,1.36612316E-05,7.115225E-08,9.15527344E-05,6.31150341,6.311503,4.76837158E-07,0.998187959,0.998187959,0,1005,0,0,0
1068,33.882073303911568,421580717,422440754,421983170,1,1,0.0104,21.9475,21.9729,40.2453,86.0037,0,1.3197191E-05,6.873537E-08,0.000152587891,7.951604,7.951599,4.76837158E-06,0.999648035,0.999648035,0,1007,0,0,0
1069,33.907068603911569,421889888,422690688,422185221,1,1,0.0099,18.6991,18.7192,29.5333,80.08,0,1.38048881E-05,7.190046E-08,0.000106811523,7.446534,7.446535,9.536743E-07,0.9994169,0.9994169,0,1008,0,0,0
1071,33.955994603911563,422380714,423180326,422685973,1,1,0.013,20.9186,20.9421,30.5259,79.9612,0,1.51142485E-05,7.872004E-08,0.000106811523,3.553231,3.55322623,4.76837158E-06,0.972165,0.972164869,1.1920929E-07,1010,0,0,0
1072,33.980213103911566,422527526,423422543,422920497,1,1,0.0125,21.3907,21.4192,39.2971,89.5017,0,1.33815111E-05,6.969537E-08,9.918213E-05,6.83427429,6.834275,4.76837158E-07,0.9989249,0.9989249,0,1011,0,0,0
1073,34.010585403911563,422847967,423725723,423178210,1,1,0.0126,23.8446,23.8715,33.0243,87.7756,0,1.38854266E-05,7.231993E-08,9.15527344E-05,7.28523731,7.28523731,0,0.9993149,0.9993149,0,1011,0,0,0
1074,34.032548503911556,423013148,423945501,423420425,1,1,0.0118,22.7371,22.7618,40.7277,93.2353,0,1.41024566E-05,7.34502947E-08,9.15527344E-05,5.701291,5.70129251,1.43051147E-06,0.9966695,0.9966695,0,1012,0,0,0
1075,34.056828603911569,423329391,424188483,423722867,1,1,0.0191,27.7868,27.8256,39.3476,85.9092,0,1.32462992E-05,6.899114E-08,0.000106811523,6.345581,6.34558773,6.67572E-06,0.9982486,0.9982486,0,1014,0,0,0
1076,34.084740403911567,423647500,424467427,424186062,1,1,0.015,36.0089,36.0421,53.8562,81.9927,0,1.46535831E-05,7.63207453E-08,9.918213E-05,3.42500925,3.42500544,3.81469727E-06,0.9684771,0.968476951,1.1920929E-07,1014,0,0,0
1078,34.135392103911556,424148846,424973906,424463590,1,1,10.8205,14.6755,25.5139,31.4744,82.506,0,1.3550839E-05,7.05772862E-08,0.000106811523,5.194865,5.19487,4.76837158E-06,0.9944856,0.9944856,0,1017,0,0,0
1080,34.187305203911563,424619814,425492907,424969994,1,1,0.0105,20.4746,20.4979,35.018,87.3093,0,1.38362266E-05,7.206368E-08,8.392334E-05,7.21071243,7.21070433,8.106232E-06,0.9992619,0.9992619,0,1019,0,0,0
1081,34.211865803911564,424765001,425738873,425254606,1,1,0.0159,24.8832,24.9133,48.9605,97.3872,0,1.47109513E-05,7.66195356E-08,0.000106811523,4.532159,4.53215075,8.106232E-06,0.989357054,0.989357,5.96046448E-08,1019,0,0,0
1082,34.233148003911566,425092403,425951410,425489508,1,1,0.0239,21.7402,21.7806,39.7105,85.9007,0,1.38793566E-05,7.22883158E-08,0.000122070313,6.41665,6.416649,9.536743E-07,0.998368561,0.998368561,0,1020,0,0,0
1083,34.258518703911562,425414773,426204891,425737097,1,1,0.0188,22.2048,22.2367,32.2324,79.0118,0,1.42695244E-05,7.432044E-08,8.392334E-05,5.30556965,5.30556536,4.29153442E-06,0.9950606,0.9950606,0,1020,0,0,0
1085,34.301242003911568,425906971,426632837,426198626,1,1,0.0175,21.6599,21.6909,29.1655,72.5866,0,1.39665381E-05,7.274239E-08,0.0001373291,3.74612832,3.74612331,5.00679E-06,0.976935565,0.976935446,1.1920929E-07,1022,0,0,0
1087,34.356329203911557,426380335,427183209,426631056,1,1,0.0117,19.8731,19.8943,25.0721,80.2874,0,1.36998588E-05,7.135343E-08,9.15527344E-05,2.07624578,2.07625031,4.529953E-06,0.8885729,0.8885733,4.172325E-07,1024,0,0,0
1088,34.380341503911566,426534754,427423575,427178406,1,1,0.0111,27.6029,27.6275,64.3652,88.8821,0,1.40702623E-05,7.32826138E-08,0.000106811523,4.012746,4.012754,8.106232E-06,0.9822375,0.9822377,1.78813934E-07,1024,0,0,0
1090,34.432875503911561,427023889,427948491,427419090,1,1,0.0241,21.7983,21.8451,39.5201,92.4602,0,1.43679245E-05,7.483294E-08,0.000106811523,2.817405,2.817407,1.90734863E-06,0.9436091,0.943609238,1.1920929E-07,1027,0,0,0
1091,34.461844003911565,427338753,428238430,427943491,1,1,0.0261,45.0538,45.096,60.4738,89.9677,0,1.34790371E-05,7.020332E-08,0.000106811523,1.98794079,1.98794138,5.96046448E-07,0.8795251,0.8795252,5.96046448E-08,1028,0,0,0
1093,34.508744503911558,427819148,428707383,428233890,1,1,23.4001,1.8443,25.2538,41.4742,88.8235,0,1.34519651E-05,7.006232E-08,8.392334E-05,0.8541697,0.854172,2.2649765E-06,0.7014411,0.7014416,4.76837158E-07,1029,0,0,0
1094,34.526341503911567,428133176,428883686,428457480,1,1,0.0114,20.878,20.9038,32.4304,75.051,0,1.29099508E-05,6.723933E-08,9.918213E-05,3.99885774,3.99886274,5.00679E-06,0.9819936,0.9819937,5.96046448E-08,1029,0,0,0
1096,34.578501603911562,428613975,429404926,428881339,1,1,0.0149,16.3484,16.375,26.7364,79.0951,0,1.24933922E-05,6.506975E-08,7.62939453E-05,7.18785572,7.187851,4.76837158E-06,0.999244869,0.999244869,0,1031,0,0,0
1098,34.62790460391156,429096783,429898697,429401449,1,1,0.0124,19.9792,20.0015,30.4666,80.1914,0,1.655008E-05,8.61983338E-08,0.000106811523,-1.58882987,-1.58883452,4.64916229E-06,0.169548586,0.16954793,6.556511E-07,1032,0,0,0
1100,34.679044603911564,429571402,430410636,429894272,1,1,0.0147,18.9178,18.9448,32.287,83.9234,0,1.465024E-05,7.630333E-08,0.000106811523,-2.783798,-2.78380251,4.529953E-06,0.0582060069,0.05820576,2.4586916E-07,1035,0,0,0
1102,34.729582803911569,430065096,430915976,430407640,1,1,0.0165,18.4994,18.5313,34.2544,85.088,0,1.44301957E-05,7.515727E-08,0.000106811523,-3.04389882,-3.043901,2.14576721E-06,0.04548161,0.0454815179,9.313226E-08,1036,0,0,0
1103,34.765493903911562,430207524,431275096,430689264,1,1,0.0102,25.5553,25.5741,48.174,106.7572,0,1.3666363E-05,7.11789738E-08,9.15527344E-05,7.14046574,7.14047432,8.583069E-06,0.9992083,0.9992083,0,1036,0,0,0
1104,34.78957940391156,430545710,431515787,430912146,1,1,0.0183,20.1845,20.216,36.6436,97.0077,0,1.32722889E-05,6.912651E-08,9.15527344E-05,7.62476826,7.62477064,2.38418579E-06,0.999512,0.999512,0,1037,0,0,0
1107,34.856300403911561,431336567,432182724,431757035,1,1,0.0168,21.914,21.9452,42.0468,84.6157,0,1.38307005E-05,7.20349E-08,7.62939453E-05,7.12690735,7.12690258,4.76837158E-06,0.9991974,0.9991974,0,1039,0,0,0
1108,34.88594330391156,431658184,432479598,431957058,1,1,0.0322,18.8958,18.9487,29.8874,82.1414,0,1.63926143E-05,8.53782E-08,9.15527344E-05,3.51701665,3.51701617,4.76837158E-07,0.9711681,0.9711681,0,1040,0,0,0
1109,34.909465103911558,431809887,432714730,432476338,1,1,0.0117,21.5886,21.61,66.6451,90.4843,0,1.50098949E-05,7.81765337E-08,9.15527344E-05,4.50865459,4.508651,3.81469727E-06,0.9891067,0.989106655,5.96046448E-08,1041,0,0,0
1110,34.932235503911556,432127673,432942722,432709690,1,1,0.0134,34.7589,34.7908,58.2017,81.5049,0,1.5419937E-05,8.031217E-08,9.15527344E-05,2.34504557,2.34505081,5.24520874E-06,0.9125396,0.91254,4.172325E-07,1042,0,0,0
1112,34.981526503911567,432606620,433435573,432940616,1,1,0.0202,21.1285,21.1662,33.3996,82.8953,0,1.52057046E-05,7.91963757E-08,0.000122070313,2.65863466,2.65863228,2.38418579E-06,0.934541166,0.934541047,1.1920929E-07,1044,0,0,0
1113,35.002184503911565,432771988,433641715,433184522,1,1,0.0111,23.0016,23.0248,41.2534,86.9727,0,1.63470031E-05,8.514064E-08,9.15527344E-05,-0.731618047,-0.731616,2.026558E-06,0.324839741,0.3248402,4.47034836E-07,1045,0,0,0
1114,35.032353503911565,433095238,433943601,433433072,1,1,0.0221,21.7052,21.7438,33.7834,84.8363,0,1.46908624E-05,7.651491E-08,9.15527344E-05,-2.05705523,-2.05705261,2.62260437E-06,0.113341428,0.113341689,2.60770321E-07,1046,0,0,0
1115,35.056260003911561,433255495,434182687,433637184,1,1,0.0108,18.1047,18.1293,38.1689,92.7192,0,1.36158233E-05,7.09157462E-08,9.15527344E-05,3.960283,3.96028638,3.33786E-06,0.9812987,0.981298745,5.96046448E-08,1047,0,0,0
1116,35.075563203911557,433569180,434375586,433939578,1,1,0.009,24.1604,24.1774,37.0398,80.6406,0,1.4470289E-05,7.536609E-08,9.15527344E-05,1.311188,1.311186,2.026558E-06,0.787711859,0.787711561,2.98023224E-07,1048,0,0,0
1117,35.105239403911568,433882518,434672459,434178401,1,1,0.02,22.1887,22.2653,29.5883,78.9941,0,1.48905528E-05,7.75549651E-08,0.000122070313,4.775429,4.775431,2.38418579E-06,0.9916361,0.9916361,0,1048,0,0,0
1118,35.128996503911566,434060523,434910026,434371461,1,1,0.0131,17.7511,17.779,31.0938,84.9503,0,1.55223424E-05,8.084553E-08,0.000106811523,-2.23395777,-2.233955,2.861023E-06,0.09674224,0.0967424959,2.5331974E-07,1050,0,0,0
1119,35.153865403911567,434206269,435158643,434667382,1,1,0.0186,26.6044,26.6392,46.1113,95.2374,0,1.43547313E-05,7.476422E-08,0.000106811523,0.057274878,0.0572724342,2.44379044E-06,0.51431483,0.5143142,6.556511E-07,1050,0,0,0
1121,35.206672103911558,434847547,435686760,435154202,1,1,15.2949,8.1966,23.5078,30.6655,83.9213,0,1.34828169E-05,7.0223E-08,9.15527344E-05,-1.22396517,-1.223963,2.14576721E-06,0.2272394,0.227239773,3.7252903E-07,1053,0,0,0
1122,35.227421603911566,435017687,435893591,435683587,1,1,0.0171,32.2607,32.2933,66.59,87.5904,0,1.46978227E-05,7.655116E-08,0.000106811523,-1.21873891,-1.218738,9.536743E-07,0.228158459,0.228158623,1.63912773E-07,1053,0,0,0
1124,35.276308603911559,435644825,436383469,435890382,1,1,1.6047,17.1423,18.7563,24.5557,73.8644,0,1.65440251E-05,8.61668E-08,0.000106811523,-2.206408,-2.206415,6.914139E-06,0.09917652,0.0991759,6.183982E-07,1055,0,0,0
1126,35.326697103911556,435978613,436887318,436382045,1,1,12.8091,7.6637,20.4986,40.3432,90.8705,0,1.34112788E-05,6.985041E-08,0.000106811523,7.74103165,7.74102974,1.90734863E-06,0.999565542,0.999565542,0,1056,0,0,0
1129,35.403512203911561,436788068,437655256,437161431,1,1,0.0216,22.2751,22.3163,37.3363,86.7188,0,1.34788233E-05,7.02022049E-08,0.000106811523,7.966243,7.96623755,5.24520874E-06,0.999653161,0.999653161,0,1058,0,0,0
1130,35.426422003911568,437088635,437884203,437391681,1,1,0.0192,21.4483,21.4812,30.3046,79.5568,0,1.322574E-05,6.888406E-08,9.15527344E-05,8.094583,8.094592,9.536743E-06,0.9996949,0.9996949,0,1059,0,0,0
1131,35.451029803911567,437251378,438130385,437880561,1,1,0.0151,25.5768,25.6053,62.9183,87.9007,0,1.41255978E-05,7.35708241E-08,0.000106811523,7.71406841,7.71407557,7.15255737E-06,0.9995537,0.9995537,0,1060,0,0,0
1132,35.474779203911567,437567692,438367767,438125217,1,1,0.0138,32.541,32.5687,55.7525,80.0075,0,1.32678088E-05,6.910317E-08,0.000106811523,12.7182055,12.7182217,1.62124634E-05,0.999997,0.999997,0,1061,0,0,0
1134,35.524242203911555,438046319,438861882,438363518,1,1,0.0347,21.6012,21.6617,31.7199,81.5563,0,1.49520274E-05,7.787514E-08,9.15527344E-05,9.805276,9.805265,1.04904175E-05,0.999944866,0.999944866,0,1063,0,0,0
1135,35.549755003911557,438216470,439117663,438603112,1,1,0.0199,21.9428,21.9875,38.6642,90.1193,0,1.35199634E-05,7.04164762E-08,0.000114440918,1.46991289,1.46991563,2.74181366E-06,0.813044131,0.813044548,4.172325E-07,1064,0,0,0
1136,35.573863303911565,438530158,439358889,438857362,1,1,0.012,23.272,23.3078,32.7204,82.8731,0,1.37804909E-05,7.177339E-08,0.000106811523,3.64684653,3.64684153,5.00679E-06,0.9745893,0.974589169,1.1920929E-07,1064,0,0,0
1137,35.598787303911564,438711280,439608190,439113919,1,1,0.0336,23.0242,23.0751,40.2639,89.691,0,1.44730338E-05,7.53803846E-08,0.000106811523,7.462824,7.46282673,2.861023E-06,0.9994263,0.9994263,0,1065,0,0,0
1138,35.621254503911558,439029432,439832431,439356628,1,1,0.0117,22.6249,22.6459,32.7196,80.2999,0,1.42749095E-05,7.43484847E-08,9.918213E-05,-1.7888689,-1.788869,1.1920929E-07,0.143211454,0.143211439,1.49011612E-08,1066,0,0,0
1140,35.668205803911562,439483834,440302294,439827198,1,1,0.0244,20.4316,20.4717,34.3364,81.846,0,1.36674416E-05,7.11845942E-08,9.15527344E-05,5.96795,5.96795,0,0.9974471,0.9974471,0,1068,0,0,0
1141,35.693580903911567,439806200,440556186,440064118,1,1,0.0211,21.364,21.4047,25.7918,74.9986,0,1.39419044E-05,7.26140854E-08,0.000106811523,3.001173,3.0011735,4.76837158E-07,0.952627063,0.9526271,5.96046448E-08,1069,0,0,0
1143,35.749708303911561,440130320,441116849,440554142,1,1,8.227,16.2792,24.5342,42.3822,98.6529,0,1.30302642E-05,6.786596E-08,8.392334E-05,3.57110429,3.571107,2.62260437E-06,0.972644567,0.9726446,5.96046448E-08,1070,0,0,0
1144,35.777096003911566,440471762,441390874,440820390,1,1,0.0109,25.1656,25.1876,34.8628,91.9112,0,1.29367763E-05,6.737904E-08,0.000106811523,5.018382,5.01837444,7.62939453E-06,0.99342823,0.99342823,0,1072,0,0,0
1145,35.802771603911566,440777918,441647660,441112504,1,1,0.0179,26.494,26.5338,33.4586,86.9742,0,1.24197195E-05,6.468604E-08,0.000106811523,5.117893,5.117894,9.536743E-07,0.994047046,0.994047046,0,1073,0,0,0
1147,35.848067403911557,441266220,442100945,441643672,1,1,1.9896,20.8672,22.8752,37.7452,83.4725,0,1.4054106E-05,7.319847E-08,9.15527344E-05,2.33431673,2.33430862,8.106232E-06,0.911679566,0.9116789,6.556511E-07,1075,0,0,0
1148,35.877039503911561,441573923,442390542,441891833,1,1,0.012,22.0648,22.0949,31.791,81.6619,0,1.52655848E-05,7.95082542E-08,9.15527344E-05,1.64048362,1.64047408,9.536743E-06,0.8376007,0.837599456,1.25169754E-06,1075,0,0,0
1149,35.896139703911558,441737936,442581582,442097168,1,1,0.023,17.8302,17.8823,35.9232,84.3646,0,1.610555E-05,8.388307E-08,9.15527344E-05,2.993972,2.99396944,2.62260437E-06,0.9523011,0.952300966,1.1920929E-07,1077,0,0,0
1150,35.924357803911562,441882889,442863464,442386567,1,1,0.0184,27.2767,27.3095,50.3678,98.0575,0,1.374273E-05,7.15767143E-08,0.000106811523,1.11967957,1.11968172,2.14576721E-06,0.753929257,0.7539297,4.172325E-07,1077,0,0,0
1152,35.969199703911556,442531661,443312227,442856815,1,1,0.0134,19.73,19.7547,32.5154,78.0566,0,1.42031149E-05,7.39745545E-08,0.000122070313,2.549832,2.54983282,7.15255737E-07,0.927562237,0.9275623,5.96046448E-08,1080,0,0,0
1154,36.015443403911561,443010003,443774713,443309951,1,1,0.9634,19.059,20.0331,29.9948,76.471,0,1.47577412E-05,7.686324E-08,0.000106811523,4.96026134,4.96025753,3.81469727E-06,0.9930377,0.9930377,0,1082,0,0,0
1155,36.045564903911568,443176551,444075729,443574371,1,1,0.0155,19.5714,19.6026,39.782,89.9178,0,1.38497044E-05,7.213388E-08,7.62939453E-05,4.515008,4.515006,1.90734863E-06,0.989174962,0.9891749,5.96046448E-08,1082,0,0,0
1156,36.070236203911563,443483841,444322381,443772652,1,1,0.0095,17.7613,17.7821,28.8811,83.854,0,1.41328892E-05,7.36087955E-08,9.15527344E-05,5.512884,5.51288128,2.861023E-06,0.995981753,0.995981753,0,1083,0,0,0
1157,36.094490103911568,443666297,444564899,444071642,1,1,0.0184,22.9962,23.0322,40.5345,89.8602,0,1.3836795E-05,7.206664E-08,0.000114440918,6.1643486,6.1643486,0,0.9979013,0.9979013,0,1085,0,0,0
1158,36.120010903911563,443968162,444819720,444560988,1,1,0.0167,24.3355,24.3678,59.2826,85.1558,0,1.44689111E-05,7.535891E-08,0.000106811523,5.43492126,5.43492031,9.536743E-07,0.9956574,0.9956574,0,1085,0,0,0
1160,36.170436303911558,444450481,445324616,444814490,1,1,12.2598,10.3181,22.5979,36.4009,87.4135,0,1.29274795E-05,6.73306246E-08,9.15527344E-05,4.334322,4.33431673,5.24520874E-06,0.9870589,0.9870588,5.96046448E-08,1088,0,0,0
1161,36.190986603911568,444764723,445529869,445322235,1,1,0.0137,21.514,21.5462,55.7512,76.5146,0,1.20561417E-05,6.27924E-08,9.15527344E-05,7.771865,7.771853,1.1920929E-05,0.9995788,0.9995788,0,1089,0,0,0
1163,36.245831203911564,445263807,446078685,445527324,1,1,0.0079,19.2448,19.2617,26.3517,81.4878,0,1.31934894E-05,6.871609E-08,0.000106811523,7.14382458,7.14380932,1.52587891E-05,0.9992109,0.9992109,0,1090,0,0,0
1164,36.266196103911568,445420298,446282234,445782700,1,1,0.0186,22.7444,22.782,36.2402,86.1936,0,1.32866189E-05,6.920114E-08,8.392334E-05,1.20549524,1.20549822,2.98023224E-06,0.7695009,0.769501448,5.364418E-07,1091,0,0,0
1165,36.286054303911556,445585430,446480421,446279637,1,1,0.022,27.5257,27.5628,69.4207,89.4991,0,1.4094644E-05,7.34096E-08,0.000106811523,-0.9710566,-0.9710555,1.07288361E-06,0.274669975,0.274670154,1.78813934E-07,1092,0,0,0
1167,36.331127303911558,446049416,446931226,446476772,1,1,0.013,18.4554,18.4809,42.7356,88.181,0,1.33686926E-05,6.96286051E-08,0.000106811523,2.04981327,2.04981852,5.24520874E-06,0.88592875,0.8859293,5.364418E-07,1093,0,0,0
1168,36.358314603911566,446373524,447203414,446707019,1,1,0.0146,21.6098,21.6387,33.3495,82.989,0,1.5215046E-05,7.92450336E-08,0.000122070313,-0.07923794,-0.0792351961,2.74181366E-06,0.480200857,0.480201572,7.15255737E-07,1095,0,0,0
1169,36.379332103911565,446686476,447413151,447200459,1,1,0.0293,21.6501,21.7014,51.3983,72.6675,0,1.38451824E-05,7.21103248E-08,9.15527344E-05,0.775833249,0.7758347,1.43051147E-06,0.6847814,0.6847817,2.98023224E-07,1096,0,0,0
1170,36.404824003911557,446855868,447668116,447410432,1,1,0.0135,28.4674,28.4937,55.4564,81.2248,0,1.51217146E-05,7.875893E-08,9.15527344E-05,-1.84212255,-1.8421191,3.4570694E-06,0.136800453,0.136800855,4.02331352E-07,1096,0,0,0
1172,36.452897603911566,447333504,448148721,447664950,1,1,0.0134,23.5609,23.5896,33.1446,81.5217,0,1.2168528E-05,6.337775E-08,7.62939453E-05,3.18749166,3.18748713,4.529953E-06,0.9603608,0.960360646,1.78813934E-07,1099,0,0,0
1173,36.478446003911557,447642318,448404576,448144119,1,1,0.0148,26.9039,26.9316,50.1801,76.2258,0,1.56097667E-05,8.130087E-08,9.15527344E-05,2.11139154,2.111388,3.57627869E-06,0.892005444,0.8920051,3.57627869E-07,1099,0,0,0
1175,36.526388403911568,447970947,448884099,448400078,1,1,6.1696,17.3367,23.533,42.9131,91.3152,0,1.39586682E-05,7.27014E-08,0.0001373291,0.495433569,0.495429933,3.63588333E-06,0.6213856,0.62138474,8.34465E-07,1102,0,0,0
1177,36.572192403911558,448603139,449341738,448882024,1,1,0.2308,22.0707,22.3162,27.8885,73.8599,0,1.30435656E-05,6.793524E-08,8.392334E-05,2.98138046,2.98138118,7.15255737E-07,0.951725841,0.951725841,0,1104,0,0,0
1178,36.596213503911557,448772345,449581694,449094345,1,1,0.0085,20.2932,20.3114,32.2,80.9349,0,1.33602571E-05,6.958467E-08,0.000152587891,3.76718926,3.76719236,3.09944153E-06,0.977405369,0.9774054,5.96046448E-08,1104,0,0,0
1179,36.620214103911565,448924602,449822300,449339062,1,1,0.0132,18.8438,18.868,41.446,89.7698,0,1.359527E-05,7.08086958E-08,9.15527344E-05,5.36331654,5.36331654,0,0.995336533,0.995336533,0,1105,0,0,0
1180,36.643779703911562,449246156,450058081,449579738,1,1,0.0202,22.2488,22.2899,33.3582,81.1925,0,1.29523969E-05,6.74604E-08,0.000106811523,0.976569533,0.9765748,5.24520874E-06,0.726427,0.726428032,1.013279E-06,1106,0,0,0
1183,36.716895903911563,450047265,450788988,450309922,1,1,0.0125,23.4237,23.4487,26.2657,74.1723,0,1.40873444E-05,7.337159E-08,0.000106811523,0.326891124,0.3268959,4.76837158E-06,0.5810028,0.5810039,1.13248825E-06,1109,0,0,0
1184,36.742421603911566,450212437,451044327,450541524,1,1,0.0121,21.8003,21.8258,32.9087,83.189,0,1.34903757E-05,7.02623737E-08,9.15527344E-05,0.058339715,0.0583438873,4.172325E-06,0.5145808,0.5145818,1.013279E-06,1110,0,0,0
1185,36.772095103911568,450375160,451340853,451039958,1,1,0.0131,26.8606,26.8915,66.4798,96.5693,0,1.60101554E-05,8.33862259E-08,9.15527344E-05,0.0125055909,0.012509048,3.4570694E-06,0.5031264,0.5031272,8.34465E-07,1111,0,0,0
1187,36.821143103911567,451014175,451831169,451335815,1,1,0.0145,23.3772,23.4019,32.164,81.6994,0,1.57685336E-05,8.212778E-08,9.918213E-05,5.717593,5.71758747,5.722046E-06,0.9967232,0.9967231,5.96046448E-08,1113,0,0,0
1188,36.845818403911565,451178178,452077875,451578254,1,1,0.0222,22.1218,22.1701,40.0076,89.9697,0,1.37140141E-05,7.142716E-08,9.918213E-05,4.39009666,4.39009666,0,0.9877523,0.9877523,0,1114,0,0,0
1189,36.86890340391156,451485951,452309062,451826311,1,1,0.0185,21.8364,21.8753,34.036,82.3111,0,1.27816484E-05,6.657108E-08,0.000106811523,6.20943737,6.20943451,2.861023E-06,0.997993648,0.997993648,0,1114,0,0,0
1190,36.894036703911567,451806394,452560315,452072985,1,1,0.0167,21.4684,21.5073,26.6591,75.3921,0,1.306354E-05,6.803927E-08,0.0001373291,4.48123646,4.481238,1.43051147E-06,0.988807261,0.9888073,5.96046448E-08,1115,0,0,0
1191,36.917648003911566,451973696,452796694,452557413,1,1,0.0177,20.9904,21.024,58.3717,82.2998,0,1.76103385E-05,9.17205156E-08,0.000122070313,1.102129,1.10213161,2.62260437E-06,0.7506588,0.7506593,4.76837158E-07,1115,0,0,0
1193,36.965389903911557,452460165,453273909,452794349,1,1,0.0166,22.2464,22.2754,33.4184,81.3744,0,1.40407292E-05,7.31287955E-08,0.000122070313,1.39544022,1.39543784,2.38418579E-06,0.8014593,0.801458955,3.57627869E-07,1117,0,0,0
1195,37.012120303911558,452933492,453741173,453271452,1,1,0.3943,21.3944,21.8023,33.796,80.7681,0,1.27631683E-05,6.647483E-08,8.392334E-05,4.54838753,4.54838753,0,0.98952657,0.98952657,0,1119,0,0,0
1197,37.059114103911568,453411848,454210829,453737090,1,1,0.0105,20.7028,20.7256,32.5242,79.8981,0,1.38917658E-05,7.235295E-08,0.000122070313,0.9739003,0.973902047,1.7285347E-06,0.725896239,0.7258966,3.57627869E-07,1122,0,0,0
1199,37.10803990391156,453887863,454700626,454205938,1,1,0.0113,21.9793,22.0085,31.8075,81.2763,0,1.45565136E-05,7.581517E-08,0.000106811523,1.17650592,1.17650414,1.78813934E-06,0.764319,0.764318645,3.57627869E-07,1123,0,0,0
1200,37.131699203911566,454058490,454937037,454452597,1,1,0.0215,22.6402,22.6773,39.4107,87.8547,0,1.35109858E-05,7.03697154E-08,7.62939453E-05,-2.75716472,-2.75716829,3.57627869E-06,0.05968329,0.0596830845,2.04890966E-07,1125,0,0,0
1201,37.156872603911566,454370461,455188679,454698418,1,1,0.0142,22.2956,22.3308,32.7957,81.8218,0,1.44831038E-05,7.543283E-08,0.000122070313,-4.205147,-4.20514441,2.38418579E-06,0.0146993026,0.014699338,3.53902578E-08,1125,0,0,0
1203,37.207227203911557,454696295,455692186,455182998,1,1,10.0496,12.2374,22.3047,48.6703,99.5891,0,1.32004534E-05,6.87523638E-08,0.000106811523,-2.485945,-2.4859457,7.15255737E-07,0.07684938,0.07684933,5.21540642E-08,1128,0,0,0
1205,37.252730603911559,455334775,456147187,455688861,1,1,12.1622,11.5932,23.7771,35.4086,81.2412,0,1.63610948E-05,8.521403E-08,9.15527344E-05,-0.7835807,-0.783580244,4.76837158E-07,0.313548684,0.313548774,8.940697E-08,1129,0,0,0
1206,37.275709903911562,455645163,456376938,455884870,1,1,0.0106,17.4363,17.4595,23.9707,73.1775,0,1.42742283E-05,7.434494E-08,0.000106811523,4.935524,4.93552256,1.43051147E-06,0.9928646,0.992864549,5.96046448E-08,1131,0,0,0
1207,37.297865003911568,455809221,456598374,456374527,1,1,0.0118,32.6497,32.676,56.5306,78.9153,0,1.47370365E-05,7.67554E-08,0.000122070313,1.81390476,1.81390679,2.026558E-06,0.8598331,0.85983336,2.38418579E-07,1132,0,0,0
1209,37.351229803911565,456286779,457132125,456589952,1,1,0.0117,20.0255,20.0488,30.3173,84.5346,0,1.81892065E-05,9.473545E-08,0.000122070313,0.5632926,0.563292,5.96046448E-07,0.637214065,0.6372139,1.78813934E-07,1134,0,0,0
1210,37.371286003911564,456453211,457332945,456852156,1,1,0.0254,22.5582,22.6032,39.8945,87.9734,0,1.36055114E-05,7.08620362E-08,0.000106811523,-2.57684875,-2.576851,2.14576721E-06,0.0706433356,0.070643194,1.41561031E-07,1135,0,0,0
1212,37.421678803911561,457090199,457836880,457330010,1,1,5.8866,12.5122,18.4202,23.9811,74.6681,0,1.20207633E-05,6.26081444E-08,0.000106811523,-0.950665832,-0.9506604,5.42402267E-06,0.278750926,0.278752029,1.10268593E-06,1137,0,0,0
1213,37.44415000391156,457249752,458061259,457549383,1,1,0.0122,19.6419,19.6666,29.9631,81.1507,0,1.30940452E-05,6.81981547E-08,9.15527344E-05,1.68047142,1.68047071,7.15255737E-07,0.842967,0.842966855,1.1920929E-07,1138,0,0,0
1214,37.468257403911565,457414746,458302617,457833165,1,1,0.0107,23.602,23.7672,41.8419,88.7871,0,1.59981046E-05,8.33234637E-08,0.000106811523,-3.13302422,-3.13301516,9.059906E-06,0.0417654067,0.0417657681,3.61353159E-07,1139,0,0,0
1215,37.491384503911561,457728135,458534058,458055480,1,1,0.0128,20.3966,20.4218,32.7345,80.5923,0,1.84284654E-05,9.598159E-08,0.000122070313,-3.27091312,-3.27091479,1.66893E-06,0.0365826339,0.0365825742,5.96046448E-08,1139,0,0,0
1216,37.514392703911568,457883378,458764008,458299604,1,1,0.0186,22.2195,22.2531,41.6226,88.063,0,1.30317339E-05,6.78736143E-08,9.15527344E-05,2.22682357,2.226819,4.529953E-06,0.902632535,0.9026322,3.57627869E-07,1141,0,0,0
1217,37.538366203911565,458207356,459003480,458530548,1,1,0.0122,20.8359,20.8621,32.3192,79.6124,0,1.31774241E-05,6.863242E-08,0.000122070313,2.42501259,2.42500877,3.81469727E-06,0.9187149,0.9187146,2.98023224E-07,1141,0,0,0
1219,37.580705903911564,458690655,459427377,458999830,1,1,0.0144,22.357,22.3851,30.9175,73.6722,0,1.20395171E-05,6.27058157E-08,0.000122070313,1.64798021,1.64798129,1.07288361E-06,0.838617861,0.83861804,1.78813934E-07,1144,0,0,0
1221,37.633082603911561,459178701,459950946,459424362,1,1,0.0125,17.9063,17.9294,24.5661,77.2245,0,1.39697486E-05,7.275911E-08,0.000106811523,0.800918341,0.8009252,6.854534E-06,0.6901709,0.6901724,1.49011612E-06,1146,0,0,0
1222,37.658158903911556,459333304,460201301,459671636,1,1,0.0094,23.0537,23.0706,33.8332,86.7997,0,1.4760205E-05,7.687607E-08,0.000106811523,0.6909369,0.69093883,1.90734863E-06,0.6661753,0.6661758,4.76837158E-07,1146,0,0,0
1223,37.682147603911559,459508705,460440994,459945791,1,1,0.0123,22.2362,22.2577,43.7086,93.2289,0,1.32886025E-05,6.92114739E-08,9.15527344E-05,-0.09215483,-0.09215844,3.606081E-06,0.4769776,0.4769767,8.940697E-07,1148,0,0,0
1224,37.707389903911562,459811003,460693979,460196538,1,1,0.0194,22.6546,22.7,38.5535,88.2976,0,1.25391416E-05,6.530803E-08,7.62939453E-05,0.531906247,0.5319053,9.536743E-07,0.629927635,0.6299274,2.38418579E-07,1149,0,0,0
1226,37.75556230391156,460291157,461172385,460689516,1,1,9.9905,11.0049,21.0127,39.8359,88.1228,0,1.46088241E-05,7.608762E-08,9.15527344E-05,-5.1326704,-5.13267136,9.536743E-07,0.005866167,0.00586616155,5.58793545E-09,1150,0,0,0
1227,37.780386103911567,460613618,461423776,460905255,1,1,0.017,19.76,19.7927,29.1637,81.0158,0,1.45558288E-05,7.58116059E-08,9.15527344E-05,-0.09731209,-0.09731805,5.96046448E-06,0.47569117,0.475689679,1.49011612E-06,1151,0,0,0
1228,37.801609503911564,460791445,461636159,461420605,1,1,0.02,33.3488,33.3872,62.916,84.4714,0,1.403639E-05,7.31062E-08,0.000106811523,1.05768919,1.05768979,5.96046448E-07,0.7422487,0.742248833,1.1920929E-07,1152,0,0,0
1229,37.827384903911565,461096208,461893735,461632012,1,1,9.0919,28.8527,37.9831,53.5804,79.7527,0,1.32708428E-05,6.91189754E-08,8.392334E-05,3.43783474,3.43783379,9.536743E-07,0.9688663,0.9688662,5.96046448E-08,1154,0,0,0
1230,37.849991603911562,461267434,462120323,461888352,1,1,12.2403,30.2235,42.4996,62.0918,85.2889,0,1.4212821E-05,7.402511E-08,9.15527344E-05,-4.22992325,-4.22991848,4.76837158E-06,0.0143447416,0.0143448086,6.70552254E-08,1155,0,0,0
1232,37.902967503911569,461743320,462649689,462117702,1,1,0.0883,21.4685,21.5649,37.4382,90.6369,0,1.33490257E-05,6.952617E-08,0.0001373291,-2.344893,-2.34489679,3.81469727E-06,0.0874725655,0.08747225,3.12924385E-07,1156,0,0,0
1233,37.929590403911561,462051172,462915862,462387038,1,1,0.0122,25.7328,25.7561,33.5866,86.469,0,1.37098E-05,7.140521E-08,0.000106811523,-3.187449,-3.18745041,1.43051147E-06,0.03964078,0.03964073,5.21540642E-08,1158,0,0,0
1234,37.950060903911563,462371397,463120982,462645000,1,1,0.0237,21.4307,21.4741,27.3603,74.9585,0,1.29329183E-05,6.735895E-08,9.15527344E-05,-3.32811427,-3.32810974,4.529953E-06,0.0346191972,0.03461935,1.527369E-07,1158,0,0,0
1236,38.000383703911567,462854529,463623844,463119064,1,1,0.0127,19.4162,19.4398,26.4535,76.9315,0,1.56400965E-05,8.14588361E-08,0.000106811523,0.57111454,0.5711206,6.07967377E-06,0.6390203,0.6390217,1.37090683E-06,1158,0,0,0
1240,38.098242503911564,463820760,464602279,464114190,1,1,0.0185,18.6696,18.7084,29.343,78.1519,0,1.71815591E-05,8.948729E-08,0.000122070313,5.418892,5.41889238,4.76837158E-07,0.9955875,0.9955875,0,1162,0,0,0
1242,38.14812570391156,464124132,465101621,464596235,1,1,0.0146,24.0986,24.1317,47.2103,97.7489,0,1.60817963E-05,8.375935E-08,0.000106811523,3.21708632,3.217078,8.34465E-06,0.9614722,0.9614719,2.98023224E-07,1164,0,0,0
1243,38.174073503911558,464454071,465360996,464844717,1,1,0.0112,22.4447,22.4733,39.0646,90.6925,0,2.2790864E-05,1.18702417E-07,9.918213E-05,5.46718025,5.46718931,9.059906E-06,0.995794654,0.995794654,0,1164,0,0,0
1244,38.198851003911557,464773725,465608290,465099121,1,1,0.0178,23.1841,23.2165,32.5396,83.4565,0,1.50441547E-05,7.835497E-08,0.0001373291,6.529624,6.52962732,3.33786E-06,0.998542547,0.9985426,5.96046448E-08,1166,0,0,0
1245,38.223114903911565,464932530,465851067,465358382,1,1,0.0155,24.8476,24.8691,42.5852,91.8537,0,1.93380874E-05,1.00719205E-07,9.918213E-05,2.38733,2.38732839,1.66893E-06,0.915856063,0.9158559,1.78813934E-07,1167,0,0,0
1247,38.268765303911565,465577488,466307975,465847975,1,1,5.8762,16.7057,22.5936,27.0487,73.0487,0,1.27954909E-05,6.664318E-08,0.000106811523,8.970579,8.970575,3.81469727E-06,0.9998729,0.9998729,0,1169,0,0,0
1248,38.288950203911568,465734886,466509837,466069969,1,1,0.0141,20.1517,20.183,33.5083,77.4951,0,1.59410683E-05,8.30264E-08,9.15527344E-05,1.03046381,1.03046012,3.695488E-06,0.73700583,0.7370051,7.15255737E-07,1170,0,0,0
1249,38.314776303911557,465883375,466767897,466305556,1,1,0.0132,20.8227,20.856,42.2181,88.4522,0,1.57215E-05,8.188281E-08,9.15527344E-05,3.0282526,3.02825022,2.38418579E-06,0.9538343,0.9538342,1.1920929E-07,1171,0,0,0
1250,38.339980803911558,466221085,467019787,466507405,1,1,0.0105,17.9632,17.9829,28.632,79.8702,0,1.499964E-05,7.812313E-08,9.15527344E-05,1.52580738,1.52580833,9.536743E-07,0.821392059,0.8213922,1.1920929E-07,1172,0,0,0
1251,38.365574203911564,466381002,467275887,466763869,1,1,0.0239,21.2982,21.3365,38.2867,89.4885,0,1.370274E-05,7.136844E-08,0.000106811523,-1.54842854,-1.548434,5.48362732E-06,0.175313354,0.175312564,7.89761543E-07,1172,0,0,0
1252,38.390577903911563,466684443,467526157,467014509,1,1,0.0205,22.8867,22.9239,33.0066,84.1714,0,2.18903861E-05,1.1401243E-07,9.918213E-05,-2.91278744,-2.91278744,0,0.05152504,0.05152504,0,1173,0,0,0
1253,38.413138103911564,466867375,467751360,467271376,1,1,0.0181,23.5304,23.5657,40.4001,88.3985,0,1.31350807E-05,6.841188E-08,9.15527344E-05,1.454019,1.45402575,6.7949295E-06,0.8106162,0.8106172,1.013279E-06,1174,0,0,0
1254,38.441830903911566,467178558,468038066,467747768,1,1,0.0139,24.7391,24.7667,56.921,85.9508,0,1.35898381E-05,7.078041E-08,9.15527344E-05,1.79655528,1.79655182,3.4570694E-06,0.8577291,0.85772866,4.172325E-07,1174,0,0,0
1255,38.462907503911566,467493817,468249033,468033359,1,1,0.0207,21.8958,21.9236,53.9542,75.5216,0,1.47700539E-05,7.6927364E-08,9.15527344E-05,-0.947666168,-0.94766295,3.21865082E-06,0.279354423,0.279355049,6.2584877E-07,1176,0,0,0
1258,38.537227503911566,468126829,468991881,468498759,1,1,2.9478,20.8105,23.7679,37.193,86.5052,0,2.10362741E-05,1.09563928E-07,0.000122070313,2.207658,2.20766258,4.529953E-06,0.9009351,0.900935531,4.172325E-07,1179,0,0,0
1259,38.561781103911557,468443411,469237575,468745830,1,1,0.0123,22.278,22.3067,30.2419,79.4164,0,2.025988E-05,1.05520208E-07,0.000122070313,0.6496742,0.6496742,0,0.656937063,0.656937063,0,1180,0,0,0
1261,38.608705403911557,468933691,469707400,469234172,1,1,0.174,22.6476,22.8351,30.0481,77.3709,0,1.45030754E-05,7.553685E-08,9.15527344E-05,-0.00475353,-0.004753709,1.78813934E-07,0.4988116,0.498811573,2.98023224E-08,1182,0,0,0
1262,38.631093103911567,469089291,469931113,469442216,1,1,0.0177,19.1613,19.1954,35.2925,84.1822,0,1.56070473E-05,8.128671E-08,0.000152587891,-3.54247141,-3.54246855,2.861023E-06,0.02812765,0.028127728,7.82310963E-08,1183,0,0,0
1263,38.657733103911568,469410515,470197174,469704917,1,1,0.0186,21.5355,21.5752,29.4402,78.6659,0,1.42273184E-05,7.410062E-08,0.00016784668,0.699506044,0.699507952,1.90734863E-06,0.668078244,0.668078661,4.172325E-07,1184,0,0,0
1264,38.682723403911567,469573084,470447375,469925514,1,1,0.0124,20.3346,20.3612,35.243,87.4291,0,1.3676623E-05,7.12324137E-08,0.0001373291,0.697849035,0.6978443,4.708767E-06,0.6677107,0.667709649,1.07288361E-06,1185,0,0,0
1265,38.709321203911557,469887423,470713070,470194860,1,1,0.0151,24.1189,24.1469,30.7437,82.5647,0,1.58645089E-05,8.262765E-08,9.15527344E-05,0.70198977,0.7019927,2.92062759E-06,0.668628752,0.6686294,6.556511E-07,1186,0,0,0
1266,38.732368703911561,470061397,470943688,470442127,1,1,0.0087,23.6372,23.6558,38.073,88.2291,0,1.70994E-05,8.905938E-08,0.000106811523,0.158387542,0.158387423,1.1920929E-07,0.5395143,0.5395143,0,1187,0,0,0
1267,38.761942303911567,470382631,471239475,470707041,1,1,0.0126,24.8579,24.8813,32.441,85.6844,0,1.33965605E-05,6.97737548E-08,0.000122070313,0.5339668,0.5339695,2.74181366E-06,0.6304078,0.630408466,6.556511E-07,1187,0,0,0
1268,38.782651003911567,470535731,471446533,470940112,1,1,0.0121,21.7324,21.7688,40.4381,91.0802,0,1.473783E-05,7.675953E-08,0.000106811523,1.03174984,1.03175128,1.43051147E-06,0.737255,0.7372553,2.98023224E-07,1189,0,0,0
1269,38.811228803911561,470852031,471732336,471236672,1,1,0.0139,28.2272,28.2571,38.4641,88.0305,0,1.327772E-05,6.91547939E-08,0.000114440918,3.380595,3.380602,6.914139E-06,0.9670926,0.967092752,1.78813934E-07,1189,0,0,0
1271,38.857680703911569,471330408,472196864,471727444,1,1,20.6233,5.5554,26.1965,39.7036,86.6456,0,2.61853729E-05,1.36382155E-07,0.000122070313,1.62325859,1.62326169,3.09944153E-06,0.83524406,0.8352445,4.172325E-07,1191,0,0,0
1272,38.880402803911565,471660487,472424369,472194270,1,1,0.0124,28.2884,28.3177,53.3783,76.3882,0,1.388624E-05,7.232416E-08,0.000122070313,-0.504109859,-0.50410676,3.09944153E-06,0.376575321,0.376576066,7.4505806E-07,1191,0,0,0
1274,38.92748900391156,472131280,472894822,472422213,1,1,0.0139,20.7878,20.8127,29.0933,76.3542,0,1.27873809E-05,6.660094E-08,9.918213E-05,5.34427166,5.344269,2.861023E-06,0.995247245,0.995247245,0,1194,0,0,0
1276,38.979420603911564,472610185,473414431,472890447,1,1,0.6125,19.5259,20.146,28.0262,80.4246,0,1.46570646E-05,7.633888E-08,0.000122070313,-0.08223346,-0.08223379,3.27825546E-07,0.4794532,0.479453146,5.96046448E-08,1195,0,0,0
1277,39.002692603911569,472778362,473647223,473146395,1,1,0.0154,23.3825,23.4194,36.8033,86.8861,0,1.45901577E-05,7.599041E-08,9.15527344E-05,1.63979268,1.63980019,7.51018524E-06,0.8375067,0.8375077,1.013279E-06,1197,0,0,0
1278,39.026104003911556,473089553,473881329,473645012,1,1,0.0115,27.8593,27.8849,55.5459,79.1776,0,1.26263458E-05,6.57622152E-08,9.15527344E-05,6.424362,6.42435741,4.76837158E-06,0.9983811,0.9983811,0,1197,0,0,0
1280,39.075510303911557,473567945,474375020,473879222,1,1,0.8763,21.3334,22.2405,31.1277,80.7075,0,1.13797905E-05,5.926974E-08,7.62939453E-05,2.105066,2.10506725,1.1920929E-06,0.8913946,0.891394734,1.1920929E-07,1198,0,0,0
1281,39.09968380391156,473746999,474616675,474369948,1,1,0.0129,22.9019,22.9288,62.2949,86.9676,0,1.22280244E-05,6.368763E-08,8.392334E-05,3.818802,3.8188026,4.76837158E-07,0.978517532,0.978517532,0,1199,0,0,0
1283,39.150163003911558,474211334,475121264,474865289,1,1,0.025,23.1653,23.2187,65.3955,90.993,0,1.41550072E-05,7.37239958E-08,8.392334E-05,4.16432571,4.164325,4.76837158E-07,0.98469764,0.9846976,5.96046448E-08,1201,0,0,0
1284,39.174598303911566,474528656,475366216,475117052,1,1,0.0138,33.3408,33.3691,58.8396,83.756,0,1.34644606E-05,7.01274E-08,0.000106811523,0.759861231,0.759863555,2.32458115E-06,0.6813236,0.6813241,5.364418E-07,1202,0,0,0
1286,39.219929803911569,475009916,475819609,475363066,1,1,0.0195,22.8108,22.8501,35.315,80.9693,0,1.64627854E-05,8.574367E-08,9.15527344E-05,1.70546842,1.70547581,7.390976E-06,0.8462476,0.846248567,9.536743E-07,1204,0,0,0
1287,39.250901503911564,475184680,476129040,475607007,1,1,0.0127,22.2147,22.2391,42.2327,94.436,0,1.40467191E-05,7.31599954E-08,7.62939453E-05,4.670624,4.67062855,4.76837158E-06,0.9907205,0.9907205,0,1205,0,0,0
1288,39.273634503911566,475484495,476356503,475815844,1,1,0.0109,19.7165,19.7358,33.1349,87.2008,0,1.29193495E-05,6.72882763E-08,9.15527344E-05,1.268282,1.26828337,1.31130219E-06,0.7804485,0.780448735,2.38418579E-07,1206,0,0,0
1289,39.297129903911568,475642278,476590504,476124913,1,1,0.0183,25.4919,25.5293,48.2635,94.8226,0,1.33002286E-05,6.92720263E-08,8.392334E-05,4.22637653,4.22636747,9.059906E-06,0.985605,0.9856049,1.1920929E-07,1207,0,0,0
1290,39.322217803911556,475973699,476842320,476349984,1,1,0.0192,20.5955,20.6353,37.6285,86.8621,0,1.778266E-05,9.261802E-08,0.000106811523,1.20745838,1.2074523,6.07967377E-06,0.769848943,0.76984787,1.07288361E-06,1208,0,0,0
1291,39.345003703911559,476293623,477070286,476582731,1,1,0.0129,20.0283,20.0518,28.9108,77.6663,0,1.35248947E-05,7.044216E-08,0.000114440918,2.89384866,2.89384079,7.867813E-06,0.947541535,0.9475411,4.172325E-07,1208,0,0,0
1292,39.370964503911566,476448439,477329699,476838179,1,1,0.0183,22.0549,22.0909,38.974,88.126,0,1.31507686E-05,6.84935841E-08,9.15527344E-05,1.04526758,1.04526532,2.2649765E-06,0.7398651,0.739864647,4.76837158E-07,1210,0,0,0
1293,39.395644603911563,476769376,477576495,477067548,1,1,0.0152,20.7577,20.787,29.8172,80.7119,0,1.28931551E-05,6.715185E-08,0.0001373291,1.85602093,1.85601914,1.78813934E-06,0.864832461,0.8648323,1.78813934E-07,1211,0,0,0
1295,39.443869903911562,477245339,478058445,477571546,1,1,17.2503,5.1794,22.441,32.6207,81.3106,0,1.25422139E-05,6.532403E-08,0.0001373291,-0.734255254,-0.734255254,0,0.324261636,0.324261636,0,1212,0,0,0
1296,39.470282503911562,477412568,478323110,477819981,1,1,0.0167,22.7697,22.8031,40.7413,91.0542,0,1.32713467E-05,6.91216E-08,9.15527344E-05,-1.64370275,-1.64370012,2.62260437E-06,0.161961854,0.161962211,3.57627869E-07,1214,0,0,0
1297,39.496656503911566,477736248,478586707,478055682,1,1,0.0122,22.1294,22.153,31.9434,85.0459,0,1.22263536E-05,6.36789252E-08,9.15527344E-05,1.25374055,1.25374126,7.15255737E-07,0.7779467,0.7779468,1.1920929E-07,1214,0,0,0
1299,39.544584803911562,478207164,479065721,478583924,1,1,0.0128,24.7318,24.7537,37.676,85.8557,0,1.394318E-05,7.262073E-08,9.15527344E-05,2.84208274,2.84208775,5.00679E-06,0.944907963,0.944908261,2.98023224E-07,1217,0,0,0
1300,39.567533803911559,478523739,479295544,479060099,1,1,0.0149,27.4174,27.4539,53.636,77.1805,0,1.7090797E-05,8.901457E-08,0.000122070313,-0.7563485,-0.756351948,3.4570694E-06,0.3194396,0.319438815,7.748604E-07,1218,0,0,0
1302,39.613641303911564,479008233,479756528,479291904,1,1,0.0205,20.5246,20.5612,28.3671,74.8295,0,1.27656986E-05,6.648801E-08,9.15527344E-05,-2.613759,-2.61376452,5.48362732E-06,0.068258144,0.0682577938,3.501773E-07,1220,0,0,0
1303,39.638122003911562,479171538,480001054,479508773,1,1,0.017,18.9416,18.9713,33.7235,82.9516,0,2.3118233E-05,1.20407464E-07,0.000122070313,-1.29842973,-1.29842651,3.21865082E-06,0.214429408,0.21442996,5.51342964E-07,1221,0,0,0
1304,39.662769403911568,479489576,480247809,479753579,1,1,0.0149,21.3901,21.4206,26.4003,75.8233,0,1.2117498E-05,6.311197E-08,9.918213E-05,0.270098329,0.270100653,2.32458115E-06,0.567117035,0.567117631,5.96046448E-07,1221,0,0,0
1305,39.689086903911559,479651441,480510725,479998113,1,1,0.0135,22.6886,22.718,34.6672,85.9284,0,2.28098324E-05,1.18801211E-07,0.0001296997,-0.481574178,-0.481578231,4.053116E-06,0.381880462,0.3818795,9.536743E-07,1221,0,0,0
1306,39.712250603911556,479816339,480742320,480243819,1,1,0.013,22.9695,22.999,42.748,92.5981,0,1.26681889E-05,6.598015E-08,7.62939453E-05,1.96108556,1.96108341,2.14576721E-06,0.8766504,0.876650155,2.38418579E-07,1223,0,0,0
1309,39.791214103911557,480615900,481532338,480992893,1,1,9.1122,14.387,23.5272,37.6993,91.6438,0,1.68329261E-05,8.767149E-08,0.000114440918,-0.8973429,-0.897340655,2.2649765E-06,0.289596826,0.2895973,4.76837158E-07,1226,0,0,0
1310,39.818787303911563,480941174,481808061,481307497,1,1,0.0137,28.6377,28.6623,36.6323,86.6887,0,1.40665688E-05,7.326338E-08,0.000122070313,1.25376213,1.25375736,4.76837158E-06,0.7779504,0.777949631,7.748604E-07,1226,0,0,0
1312,39.870837903911564,481424870,482328377,481803858,1,1,0.0178,20.0534,20.0865,37.8988,90.3507,0,1.964938E-05,1.02340522E-07,0.000114440918,0.401042163,0.401031256,1.090765E-05,0.598938048,0.5989354,2.62260437E-06,1229,0,0,0
1314,39.917250603911569,481913675,482792560,482326158,1,1,1.4692,24.1876,25.6772,41.2483,87.8885,0,1.39782233E-05,7.28032461E-08,9.15527344E-05,0.692088842,0.6920897,8.34465E-07,0.6664314,0.6664316,1.78813934E-07,1231,0,0,0
1315,39.942536803911565,482206662,483045423,482578902,1,1,0.0092,24.2153,24.2333,37.224,83.8761,0,1.271212E-05,6.620896E-08,9.15527344E-05,1.76930737,1.76930714,2.38418579E-07,0.854371548,0.8543715,5.96046448E-08,1231,0,0,0
1316,39.966636903911564,482530316,483286160,482789955,1,1,0.0094,18.7994,18.8194,25.9639,75.5844,0,1.52909961E-05,7.964061E-08,0.000114440918,2.880969,2.88097024,1.1920929E-06,0.9468976,0.9468977,5.96046448E-08,1233,0,0,0
1317,39.990741203911568,482687536,483527331,483038901,1,1,0.0096,22.3022,22.3237,35.1365,83.9795,0,2.61601981E-05,1.36251032E-07,0.000122070313,2.94333959,2.943339,4.76837158E-07,0.9499478,0.9499477,5.96046448E-08,1234,0,0,0
1319,40.042457003911565,483192639,484044523,483523912,1,1,0.018,21.4648,21.5033,33.1273,85.1884,0,1.54971331E-05,8.071424E-08,8.392334E-05,4.62737751,4.627376,1.43051147E-06,0.990314364,0.990314364,0,1236,0,0,0
1320,40.065354903911569,483334744,484273346,483777665,1,1,0.0119,22.8653,22.8918,44.2921,93.8602,0,1.41382725E-05,7.363683E-08,0.000152587891,-1.860741,-1.86073756,3.4570694E-06,0.1346167,0.1346171,4.02331352E-07,1237,0,0,0
1322,40.114894603911566,483975584,484768879,484267670,1,1,2.8938,18.3214,21.2243,29.2086,79.3295,0,1.37884272E-05,7.18147248E-08,9.15527344E-05,-2.900371,-2.900366,5.00679E-06,0.05213522,0.0521354675,2.4586916E-07,1239,0,0,0
1323,40.135283703911568,484131318,484973003,484534274,1,1,0.0245,23.2254,23.2761,40.2956,84.1685,0,1.29515538E-05,6.745601E-08,7.62939453E-05,0.252453029,0.252451658,1.37090683E-06,0.5627802,0.562779844,3.57627869E-07,1240,0,0,0
1325,40.183458203911556,484614995,485454854,484968987,1,1,0.4982,18.5283,19.0334,35.3992,83.9859,0,1.35492419E-05,7.05689658E-08,0.000114440918,2.44619632,2.446192,4.29153442E-06,0.920282841,0.920282543,2.98023224E-07,1242,0,0,0
1326,40.209326703911557,484930337,485712899,485221988,1,1,0.0146,20.0495,20.078,29.1651,78.2562,0,1.574096E-05,8.198416E-08,0.000106811523,0.47983706,0.47984004,2.98023224E-06,0.6177094,0.6177101,7.15255737E-07,1243,0,0,0
1328,40.254942003911566,485414750,486169296,485708127,1,1,0.0154,22.586,22.6224,29.3377,75.4546,0,1.52136654E-05,7.923784E-08,9.15527344E-05,-1.41931689,-1.41931224,4.64916229E-06,0.1947687,0.194769427,7.301569E-07,1245,0,0,0
1329,40.275217503911563,485579477,486372470,485910278,1,1,0.0097,18.089,18.1117,33.0801,79.2993,0,1.36743629E-05,7.122064E-08,0.000122070313,2.529981,2.52998257,1.66893E-06,0.926217,0.926217139,1.1920929E-07,1245,0,0,0
1330,40.304015003911559,485726702,486659730,486166567,1,1,0.0134,22.2598,22.2883,43.9865,93.3028,0,1.39944905E-05,7.288797E-08,0.000106811523,-2.92356825,-2.92356753,7.15255737E-07,0.05100072,0.0510007553,3.35276127E-08,1247,0,0,0
1331,40.333688903911565,486062254,486957174,486369955,1,1,0.0097,19.1958,19.2184,30.7701,89.492,0,1.52299417E-05,7.932261E-08,0.000106811523,1.57834411,1.5783428,1.31130219E-06,0.8289699,0.8289697,1.78813934E-07,1248,0,0,0
1333,40.386581303911569,486532429,487485227,486953983,1,1,10.1522,15.9268,26.106,42.1554,95.2798,0,1.24614144E-05,6.49032E-08,9.15527344E-05,5.29596043,5.29595852,1.90734863E-06,0.9950132,0.9950132,0,1249,0,0,0
1334,40.414059703911562,486878151,487760450,487224862,1,1,0.0187,23.6943,23.7306,34.6711,88.2299,0,1.88498634E-05,9.817637E-08,0.000106811523,0.4508478,0.450845122,2.682209E-06,0.6108408,0.610840142,6.556511E-07,1250,0,0,0
1335,40.437883703911567,487166292,487998950,487479504,1,1,0.0216,23.1424,23.1821,31.3212,83.2658,0,1.60559757E-05,8.36248759E-08,0.000106811523,1.75402308,1.75401652,6.556511E-06,0.8524595,0.8524587,7.748604E-07,1252,0,0,0
1336,40.460312503911567,487335442,488223332,487996558,1,1,0.022,28.8744,28.9217,66.1116,88.789,0,1.39878757E-05,7.285352E-08,0.000114440918,3.54847264,3.54846954,3.09944153E-06,0.972035944,0.9720359,5.96046448E-08,1252,0,0,0
1338,40.512641303911565,487966548,488746371,488220673,1,1,0.009,20.9827,20.9997,25.4125,77.9823,0,1.4616503E-05,7.612762E-08,0.000122070313,0.6805018,0.680497766,4.053116E-06,0.663850665,0.6638498,8.940697E-07,1254,0,0,0
1339,40.535581703911561,488133278,488975897,488741536,1,1,0.0114,24.0946,24.1177,60.8258,84.2619,0,1.39073682E-05,7.243421E-08,9.15527344E-05,1.54490137,1.54491353,1.21593475E-05,0.824176133,0.824177861,1.7285347E-06,1256,0,0,0
1340,40.560110603911568,488461120,489220399,488972037,1,1,0.0118,29.271,29.3001,51.0917,75.9279,0,1.3549231E-05,7.056891E-08,9.15527344E-05,2.891188,2.89118886,9.536743E-07,0.9474091,0.947409153,5.96046448E-08,1257,0,0,0
1342,40.610726903911569,488776962,489727443,489218191,1,1,5.801,16.81,22.6281,44.1229,95.0481,0,1.28317888E-05,6.68322357E-08,0.000106811523,2.62854862,2.62854481,3.81469727E-06,0.9326765,0.932676256,2.38418579E-07,1259,0,0,0
1344,40.66034330391156,489435399,490223773,489723638,1,1,0.0119,22.1436,22.1689,28.8239,78.8374,0,1.389611E-05,7.237558E-08,9.15527344E-05,-0.165728182,-0.165734291,6.109476E-06,0.45866254,0.45866102,1.51991844E-06,1261,0,0,0
1345,40.686356903911559,489573413,490483642,490002691,1,1,0.0137,25.3727,25.3977,42.9278,91.0229,0,1.63709574E-05,8.52654054E-08,9.15527344E-05,0.363232434,0.363222957,9.47713852E-06,0.5898227,0.5898204,2.32458115E-06,1261,0,0,0
1346,40.709655803911559,489889152,490716766,490222172,1,1,0.0153,20.1076,20.1381,33.302,82.7614,0,1.32793211E-05,6.916313E-08,0.000106811523,4.057108,4.05711269,4.76837158E-06,0.9829952,0.9829953,5.96046448E-08,1262,0,0,0
1347,40.733856603911562,490208232,490958530,490479866,1,1,0.0139,20.9137,20.9421,27.1634,75.0298,0,1.65567562E-05,8.623311E-08,0.000122070313,3.13292313,3.13292122,1.90734863E-06,0.958230555,0.9582305,5.96046448E-08,1263,0,0,0
1348,40.768644703911562,490366326,491306715,490953500,1,1,0.0129,23.9164,23.9462,58.7174,94.0389,0,1.18562721E-05,6.17514146E-08,7.62939453E-05,6.093503,6.09350538,2.38418579E-06,0.9977476,0.9977476,0,1264,0,0,0
1350,40.815008903911561,490855667,491770362,491302945,1,1,0.0273,24.8623,24.9075,44.7278,91.4695,0,1.24837052E-05,6.50193E-08,9.15527344E-05,4.50812435,4.50812531,9.536743E-07,0.989101,0.989101,0,1266,0,0,0
1351,40.836455803911562,491193925,491984623,491514669,1,1,0.0178,18.6626,18.6992,32.0744,79.0698,0,1.392657E-05,7.253422E-08,9.15527344E-05,7.595415,7.595415,0,0.9994975,0.9994975,0,1267,0,0,0
1352,40.86082520391156,491495708,492228262,491768272,1,1,0.0168,24.3935,24.4244,27.2564,73.2554,0,1.95731845E-05,1.0194367E-07,0.000106811523,-1.60132861,-1.60132253,6.07967377E-06,0.167796016,0.16779685,8.34465E-07,1268,0,0,0
1353,40.884551503911567,491657798,492465605,491979913,1,1,0.0104,18.3677,18.3911,32.2115,80.7807,0,1.26048144E-05,6.565008E-08,9.15527344E-05,2.7542634,2.75426078,2.62260437E-06,0.940153658,0.940153539,1.1920929E-07,1268,0,0,0
1354,40.909422503911557,491807381,492714410,492224060,1,1,0.0103,20.9789,20.9991,41.6679,90.7029,0,1.23618065E-05,6.438441E-08,9.15527344E-05,4.10565,4.105645,4.76837158E-06,0.983787835,0.9837878,5.96046448E-08,1270,0,0,0
1355,40.932972103911567,492133595,492950086,492461736,1,1,0.0176,19.0496,19.0907,32.8141,81.6491,0,1.34702941E-05,7.015778E-08,9.918213E-05,7.14434528,7.144349,3.81469727E-06,0.9992113,0.9992113,0,1270,0,0,0
1357,40.979416503911565,492606575,493414488,492947129,1,1,1.3188,21.04,22.3697,34.0554,80.7913,0,1.18819571E-05,6.18851956E-08,0.000122070313,8.248754,8.248752,1.90734863E-06,0.999738455,0.999738455,0,1272,0,0,0
1359,41.024479003911566,493088754,493864884,493412984,1,1,0.0077,21.0044,21.0216,32.423,77.613,0,1.28814809E-05,6.70910438E-08,9.15527344E-05,7.72385025,7.723842,8.106232E-06,0.999558032,0.999558032,0,1273,0,0,0
1361,41.073339303911567,493569884,494353587,493863640,1,1,0.022,17.4554,17.492,29.3756,78.3703,0,1.3808738E-05,7.192051E-08,0.000106811523,2.724154,2.72415113,2.861023E-06,0.938437,0.9384368,1.78813934E-07,1276,0,0,0
1363,41.125229703911558,494058063,494872251,494350490,1,1,0.4037,18.8302,19.2428,29.2427,81.4188,0,1.2960264E-05,6.75013752E-08,9.15527344E-05,4.09866238,4.09866333,9.536743E-07,0.983676,0.9836761,5.96046448E-08,1277,0,0,0
1364,41.150520903911556,494205428,495125219,494647012,1,1,0.0169,24.9461,24.9847,44.1584,91.9791,0,1.80914667E-05,9.422639E-08,0.000122070313,-1.09230065,-1.0923022,1.54972076E-06,0.2511853,0.251185,2.98023224E-07,1278,0,0,0
1365,41.173336703911559,494525588,495353495,494871319,1,1,0.0193,21.0272,21.0639,34.5731,82.7907,0,1.31694824E-05,6.85910564E-08,0.0001373291,3.56448627,3.5644865,2.38418579E-07,0.972467959,0.972467959,0,1279,0,0,0
1367,41.221956303911568,495012168,495839519,495349235,1,1,0.0305,20.4436,20.4918,33.7067,82.7351,0,1.46050807E-05,7.6068126E-08,9.15527344E-05,0.5420145,0.54201293,1.54972076E-06,0.6322809,0.6322805,3.57627869E-07,1281,0,0,0
1368,41.243903003911569,495171509,496058335,495607392,1,1,0.0116,22.6751,22.6998,43.5883,88.6826,0,1.3589387E-05,7.077806E-08,0.000106811523,1.78323555,1.78322983,5.722046E-06,0.8560959,0.856095254,6.556511E-07,1282,0,0,0
1370,41.286522103911565,495804124,496485636,496052238,1,1,2.476,17.2309,19.7179,24.8114,68.1512,0,1.39477679E-05,7.26446245E-08,0.000106811523,3.1857245,3.18571949,5.00679E-06,0.960293531,0.960293353,1.78813934E-07,1284,0,0,0
1371,41.317237103911566,495973521,496792301,496287757,1,1,0.0169,21.4109,21.4456,31.4236,81.878,0,1.361108E-05,7.089104E-08,9.918213E-05,3.60052037,3.600519,1.43051147E-06,0.973416448,0.973416448,0,1284,0,0,0
1372,41.339524803911559,496131733,497015075,496483288,1,1,0.0112,17.982,18.0015,35.1555,88.3342,0,1.84171131E-05,9.59224664E-08,0.000106811523,-0.179252774,-0.1792525,2.682209E-07,0.4553064,0.4553065,8.940697E-08,1286,0,0,0
1373,41.364202503911557,496448996,497262101,496788466,1,1,0.0174,27.0074,27.0419,33.947,81.3105,0,1.388369E-05,7.231089E-08,0.000122070313,2.69644523,2.696444,1.1920929E-06,0.9368166,0.9368165,5.96046448E-08,1286,0,0,0
1375,41.416993103911565,496932113,497789760,497260505,1,1,8.5559,14.9859,23.5663,32.8392,85.7647,0,1.52537687E-05,7.94467141E-08,0.000106811523,-2.05926681,-2.05926847,1.66893E-06,0.113119371,0.113119192,1.78813934E-07,1288,0,0,0
1377,41.467000603911558,497412718,498289733,497786453,1,1,0.0121,22.8367,22.8633,37.3735,87.7015,0,1.31209763E-05,6.83384158E-08,0.000106811523,6.37634563,6.37634,5.722046E-06,0.998301566,0.998301566,0,1290,0,0,0
1379,41.515434203911568,497895790,498774486,498285905,1,1,1.7835,20.8188,22.6195,39.0115,87.8696,0,1.43285333E-05,7.462778E-08,9.918213E-05,5.81827927,5.8182745,4.76837158E-06,0.9970361,0.9970361,0,1292,0,0,0
1381,41.565307003911556,498372601,499273212,498770957,1,1,5.0145,18.298,23.3339,39.8356,90.0611,0,1.20565983E-05,6.279478E-08,7.62939453E-05,4.179532,4.179535,2.861023E-06,0.9849251,0.9849251,0,1295,0,0,0
1383,41.618937503911567,498851371,499804751,499269469,1,1,0.4538,22.4064,22.8715,41.8098,95.338,0,1.562699E-05,8.13905743E-08,0.000106811523,5.74995327,5.74994,1.335144E-05,0.9968272,0.9968271,5.96046448E-08,1296,0,0,0
1384,41.64221140391156,499171257,500042215,499525694,1,1,0.0123,24.4347,24.4604,35.4437,87.0958,0,1.48873851E-05,7.75384663E-08,0.000106811523,5.616762,5.61675453,7.62939453E-06,0.996376753,0.996376753,0,1297,0,0,0
1385,41.667538103911568,499326415,500295471,499799319,1,1,0.0113,24.99,25.0165,47.2904,96.9056,0,1.82939366E-05,9.528092E-08,0.000152587891,-0.9657625,-0.965762436,5.96046448E-08,0.275725931,0.275725961,2.98023224E-08,1299,0,0,0
1386,41.692340903911557,499648813,500543510,500290705,1,1,0.0195,30.1533,30.1948,64.1892,89.4697,0,1.31349088E-05,6.841098E-08,9.15527344E-05,6.253628,6.25362968,1.90734863E-06,0.998080254,0.998080254,0,1300,0,0,0
1388,41.753129403911558,500147521,501151271,500539451,1,1,10.008,11.724,21.753,39.193,100.375,0,1.25970582E-05,6.56096759E-08,7.62939453E-05,5.696001,5.695999,1.90734863E-06,0.9966519,0.9966519,0,1302,0,0,0
1390,41.797123303911562,500772297,501590719,501147182,1,1,0.0105,28.002,28.0279,37.4885,81.8422,0,1.18550415E-05,6.17450056E-08,9.15527344E-05,3.62821555,3.6282177,2.14576721E-06,0.974123836,0.9741239,5.96046448E-08,1304,0,0,0
1391,41.821402503911557,501099463,501834245,501351523,1,1,0.0117,18.4519,18.4769,25.206,73.4782,0,1.28282518E-05,6.681381E-08,7.62939453E-05,4.215665,4.21566153,3.33786E-06,0.985452235,0.985452235,0,1305,0,0,0
1393,41.873993003911565,501412730,502359555,501830092,1,1,11.7577,10.4312,22.2035,41.7362,94.6825,0,1.43226271E-05,7.459702E-08,0.000106811523,3.55330682,3.55330229,4.529953E-06,0.972167,0.9721669,1.1920929E-07,1306,0,0,0
1394,41.89934600391156,501569308,502613371,502075234,1,1,0.0161,22.8384,22.87,50.5926,104.4063,0,1.33147132E-05,6.93474647E-08,0.000122070313,7.672637,7.672637,0,0.999534845,0.999534845,0,1308,0,0,0
1395,41.925429303911557,502050002,502874653,502355349,1,1,0.0107,26.1704,26.1937,30.5347,82.4651,0,1.321169E-05,6.88108841E-08,9.15527344E-05,6.502946,6.50295448,8.583069E-06,0.9985032,0.998503268,5.96046448E-08,1309,0,0,0
1397,41.978380203911556,502532659,503404081,502872171,1,1,12.6259,11.5157,24.1624,33.9512,87.1422,0,1.34992315E-05,7.0308495E-08,8.392334E-05,3.75944924,3.759449,2.38418579E-07,0.9772338,0.9772338,0,1311,0,0,0
1398,42.003868903911567,502695671,503658662,503150192,1,1,0.0108,24.9084,24.9311,45.4521,96.2991,0,1.34747252E-05,7.018086E-08,9.15527344E-05,0.7727549,0.7727534,1.49011612E-06,0.684116542,0.6841162,3.57627869E-07,1312,0,0,0
1399,42.02822520391156,503010024,503902408,503401305,1,1,0.0167,21.887,21.9186,39.1281,89.2384,0,1.428609E-05,7.440672E-08,0.000106811523,3.7518537,3.751854,2.38418579E-07,0.9770642,0.9770642,0,1312,0,0,0
1400,42.050350103911569,503329360,504123656,503653685,1,1,0.0136,21.9322,21.9587,32.4325,79.4296,0,1.35804294E-05,7.07314E-08,0.000106811523,3.21228671,3.21229053,3.81469727E-06,0.961294055,0.9612942,1.1920929E-07,1314,0,0,0
1401,42.071805103911558,503500742,504338159,503898643,1,1,0.043,22.1816,22.2475,39.7901,83.7417,0,1.47328919E-05,7.673381E-08,0.0001373291,-1.43911886,-1.43911362,5.24520874E-06,0.191681832,0.191682637,8.046627E-07,1315,0,0,0
1403,42.125458603911568,503970714,504874910,504332873,1,1,0.4842,17.9567,18.4585,36.2159,90.4196,0,1.43852085E-05,7.492296E-08,9.15527344E-05,-0.287667423,-0.287665665,1.758337E-06,0.428575,0.428575426,4.172325E-07,1317,0,0,0
1404,42.149291403911562,504288644,505113134,504653201,1,1,0.0099,27.5844,27.6021,36.4557,82.449,0,1.33287967E-05,6.9420814E-08,0.000106811523,-1.0114665,-1.011473,6.43730164E-06,0.266692966,0.266691685,1.28149986E-06,1318,0,0,0
1405,42.172695503911555,504604039,505346636,504873251,1,1,0.009,20.846,20.8662,26.9212,74.2597,0,1.330576E-05,6.930083E-08,0.000114440918,5.948015,5.948013,2.38418579E-06,0.997395754,0.997395754,0,1319,0,0,0
1406,42.196389803911558,504775766,505584281,505109090,1,1,0.0114,20.2922,20.3166,33.3324,80.8515,0,1.36276058E-05,7.09771157E-08,8.392334E-05,4.41393375,4.413941,7.15255737E-06,0.9880374,0.988037467,5.96046448E-08,1320,0,0,0
1407,42.215557203911558,504921635,505775859,505342981,1,1,0.0178,20.1512,20.1839,42.1346,85.4224,0,1.1872271E-05,6.183475E-08,0.000106811523,5.86844254,5.8684454,2.861023E-06,0.9971807,0.9971807,0,1321,0,0,0
1408,42.242443103911569,505245595,506044471,505581958,1,1,0.0133,20.4518,20.4805,33.6363,79.8876,0,1.38180358E-05,7.19689339E-08,0.000106811523,-0.6981345,-0.6981335,9.536743E-07,0.332225949,0.3322262,2.38418579E-07,1321,0,0,0
1409,42.26392870391156,505414529,506259033,505773312,1,1,0.0109,16.8675,16.8893,35.8783,84.4504,0,1.3299501E-05,6.926823E-08,9.15527344E-05,4.83431149,4.834307,4.29153442E-06,0.99211055,0.99211055,0,1322,0,0,0
1410,42.288953603911565,505731435,506509377,506040733,1,1,0.0114,23.8056,23.8269,30.9298,77.7942,0,2.10603557E-05,1.09689353E-07,0.000106811523,-2.148645,-2.148644,9.536743E-07,0.104457915,0.104458004,8.940697E-08,1324,0,0,0
1411,42.31561860391156,505887851,506776321,506504964,1,1,0.0203,33.0418,33.0772,61.7113,88.847,0,1.39241083E-05,7.25213951E-08,9.918213E-05,-3.17075372,-3.17075515,1.43051147E-06,0.04028127,0.0402812138,5.58793545E-08,1325,0,0,0
1413,42.37001790391156,506381367,507319584,506771536,1,1,4.0301,21.2794,25.3242,39.0169,93.8217,0,1.43615725E-05,7.479986E-08,0.000106811523,-0.6633543,-0.663357,2.74181366E-06,0.339986533,0.3399859,6.2584877E-07,1326,0,0,0
1414,42.397116103911557,506690912,507591357,507034940,1,1,0.0125,24.7513,24.776,34.4028,90.0445,0,1.789362E-05,9.319594E-08,9.15527344E-05,-0.221710771,-0.221704841,5.930662E-06,0.444798231,0.444799721,1.49011612E-06,1328,0,0,0
1415,42.422163503911563,506867046,507841394,507313174,1,1,0.0107,26.0075,26.0309,44.6128,97.4348,0,1.36096423E-05,7.088355E-08,0.000106811523,1.323353,1.32335234,7.15255737E-07,0.789739,0.7897389,1.1920929E-07,1329,0,0,0
1417,42.473823103911556,507485179,508358130,507836023,1,1,1.5722,22.0934,23.6806,35.0844,87.2951,0,1.26393179E-05,6.582978E-08,9.15527344E-05,2.82423663,2.8242352,1.43051147E-06,0.9439716,0.9439715,5.96046448E-08,1331,0,0,0
1418,42.500429803911558,507805211,508624611,508096016,1,1,0.0182,23.6371,23.6725,29.0805,81.94,0,1.35107766E-05,7.036863E-08,0.000106811523,6.210846,6.210848,1.90734863E-06,0.9979965,0.9979965,0,1332,0,0,0
1420,42.550082603911562,508291181,509121169,508620345,1,1,0.0143,25.1048,25.1347,32.9164,82.9988,0,1.42580539E-05,7.42607E-08,0.000106811523,2.29619479,2.296186,8.821487E-06,0.9085614,0.9085607,7.15255737E-07,1333,0,0,0
1421,42.574322903911565,508456066,509363374,508861308,1,1,0.016,22.5813,22.6098,40.5242,90.7308,0,1.353284E-05,7.04835443E-08,0.000122070313,7.524948,7.524945,3.33786E-06,0.9994608,0.9994608,0,1334,0,0,0
1422,42.597828303911555,508765995,509598176,509118718,1,1,0.0158,23.2548,23.2871,35.2723,83.2181,0,1.41418068E-05,7.36552437E-08,8.392334E-05,0.56092,0.5609158,4.172325E-06,0.6366654,0.63666445,9.536743E-07,1336,0,0,0
1423,42.622758503911555,509088401,509847223,509594100,1,1,0.01,33.0183,33.0394,50.5699,75.8822,0,1.37465549E-05,7.159664E-08,0.000106811523,-0.6293752,-0.629378259,3.03983688E-06,0.347652227,0.347651541,6.854534E-07,1337,0,0,0
1425,42.672699503911559,509564216,510347069,509843904,1,1,0.0123,23.2285,23.2543,27.9688,78.2853,0,1.630164E-05,8.490437E-08,0.000122070313,0.149681509,0.149680436,1.07288361E-06,0.537350655,0.5373504,2.38418579E-07,1338,0,0,0
1426,42.696568003911565,509742516,510585751,510100343,1,1,0.0132,24.0599,24.0897,35.7827,84.3235,0,1.47921792E-05,7.70426E-08,0.000122070313,1.37051249,1.37050557,6.914139E-06,0.79746294,0.7974618,1.13248825E-06,1340,0,0,0
1427,42.723066103911563,510044455,510850654,510343595,1,1,0.0143,21.5763,21.6019,29.914,80.6199,0,1.43467378E-05,7.472259E-08,0.000122070313,1.72827053,1.72826564,4.887581E-06,0.84919107,0.8491904,6.556511E-07,1341,0,0,0
1429,42.779790603911565,510524927,511418063,510846588,1,1,2.2872,22.4069,24.708,32.1661,89.3136,0,1.40416087E-05,7.313338E-08,0.000122070313,2.46284938,2.46284723,2.14576721E-06,0.921496034,0.921495855,1.78813934E-07,1342,0,0,0
1430,42.806745403911563,510698299,511687549,511125279,1,1,0.0117,26.5383,26.559,42.698,98.925,0,1.42885265E-05,7.441941E-08,9.15527344E-05,2.411406,2.41140461,1.43051147E-06,0.917692959,0.91769284,1.1920929E-07,1344,0,0,0
1431,42.831720003911556,511014963,511937112,511415385,1,1,0.0109,27.09,27.1152,40.0422,92.2149,0,1.41977816E-05,7.394678E-08,0.0001373291,0.434870839,0.4348724,1.54972076E-06,0.6070362,0.607036531,3.57627869E-07,1345,0,0,0
1433,42.880377203911564,511518393,512423785,511933076,1,1,20.5071,2.5327,23.0518,41.4683,90.5392,0,1.322386E-05,6.887427E-08,0.000122070313,7.7309494,7.730941,8.583069E-06,0.9995612,0.9995612,0,1346,0,0,0
1434,42.906873203911559,511805509,512688716,512199078,1,1,0.0141,23.9675,23.9931,39.3569,88.3207,0,1.359722E-05,7.081885E-08,0.0001373291,4.155098,4.155095,2.861023E-06,0.9845579,0.9845579,0,1348,0,0,0
1435,42.930006703911559,512128126,512920334,512419597,1,1,0.0134,20.1174,20.1473,29.1471,79.2208,0,1.34961656E-05,7.029253E-08,9.15527344E-05,3.622473,3.62246728,5.722046E-06,0.9739787,0.9739785,1.78813934E-07,1349,0,0,0
1437,42.982944303911566,512610305,513449102,512917027,1,1,0.0145,21.8186,21.8477,30.6722,83.8797,0,1.4293355E-05,7.444456E-08,0.000106811523,5.277973,5.27796459,8.583069E-06,0.9949231,0.9949231,0,1350,0,0,0
1438,43.010198203911557,512773337,513722141,513181544,1,1,0.0195,24.6427,24.6776,40.8207,94.8804,0,1.36248818E-05,7.09629262E-08,9.15527344E-05,3.33475351,3.33475256,9.536743E-07,0.965602,0.965602,0,1352,0,0,0
1439,43.032009803911563,513104059,513939211,513444882,1,1,0.0133,24.9715,24.9978,34.0823,83.5152,0,1.36415856E-05,7.10499251E-08,0.000106811523,5.12503624,5.125039,2.861023E-06,0.9940891,0.9940892,5.96046448E-08,1353,0,0,0
1440,43.061638203911556,513406853,514236544,513935937,1,1,0.0159,26.5442,26.5775,52.9084,82.9691,0,1.41277014E-05,7.358178E-08,0.000106811523,3.05308867,3.05308867,0,0.9549157,0.9549157,0,1354,0,0,0
1442,43.107350203911565,513726430,514693621,514233053,1,1,0.0198,24.467,24.5056,50.6623,96.7191,0,1.368609E-05,7.128172E-08,0.000106811523,8.391404,8.391406,1.90734863E-06,0.999773264,0.999773264,0,1355,0,0,0
1443,43.136634203911569,514052480,514986331,514499658,1,1,0.0168,25.3359,25.3688,44.7178,93.3851,0,1.42248246E-05,7.408763E-08,9.15527344E-05,5.07391071,5.07390738,3.33786E-06,0.99378103,0.993781,5.96046448E-08,1355,0,0,0
1444,43.162248603911564,514390113,515242552,514690873,1,1,0.0098,17.2656,17.2856,30.076,85.2439,0,1.32860068E-05,6.919795E-08,9.918213E-05,3.31099367,3.31099129,2.38418579E-06,0.964804053,0.964803934,1.1920929E-07,1357,0,0,0
1447,43.236490103911564,515170230,515985181,515498249,1,1,9.6612,13.8339,23.5186,32.8019,81.4951,0,1.44168353E-05,7.50876836E-08,0.000106811523,7.79708767,7.79709244,4.76837158E-06,0.999589264,0.999589264,0,1360,0,0,0
1448,43.26386120391156,515339150,516258415,515744305,1,1,0.0186,21.9192,21.9595,40.5155,91.9265,0,1.28183474E-05,6.6762226E-08,0.000122070313,5.82790375,5.82790661,2.861023E-06,0.9970644,0.9970644,0,1361,0,0,0
1449,43.285077103911561,515653958,516470945,515982871,1,1,0.014,21.5181,21.5461,32.8913,81.6987,0,1.30314156E-05,6.787196E-08,7.62939453E-05,5.989229,5.989234,4.76837158E-06,0.997500658,0.997500658,0,1362,0,0,0
1450,43.312454303911565,515831169,516744447,516254651,1,1,0.0197,21.2845,21.3183,42.3482,91.3278,0,1.36864992E-05,7.128385E-08,9.15527344E-05,2.9285152,2.9285202,5.00679E-06,0.9492382,0.9492384,2.38418579E-07,1363,0,0,0
1451,43.336063503911561,516135153,516980981,516468347,1,1,0.0162,19.7762,19.806,33.3194,84.5828,0,1.34931634E-05,7.027689E-08,0.000106811523,3.83518386,3.83518982,5.96046448E-06,0.978859246,0.978859365,1.1920929E-07,1364,0,0,0
1452,43.360266803911557,516286090,517222363,516738658,1,1,0.0136,24.0437,24.0754,45.2568,93.6273,0,1.34092643E-05,6.983992E-08,0.000122070313,2.89032722,2.8903265,7.15255737E-07,0.9473662,0.9473662,0,1365,0,0,0
1453,43.384003503911558,516608230,517460411,516978599,1,1,0.0187,22.0175,22.0527,37.0369,85.2181,0,1.39940767E-05,7.288582E-08,0.000114440918,3.082,3.08199883,1.1920929E-06,0.956144154,0.9561441,5.96046448E-08,1365,0,0,0
1454,43.405942203911565,516929310,517679328,517213405,1,1,0.0135,18.5129,18.5399,28.4095,75.0018,0,1.37296638E-05,7.15086657E-08,0.000152587891,3.62657285,3.626567,5.96046448E-06,0.974082351,0.974082232,1.1920929E-07,1367,0,0,0
1455,43.430363503911565,517087040,517923841,517458394,1,1,0.0205,22.4113,22.4584,37.1354,83.6801,0,1.35570854E-05,7.060982E-08,0.000122070313,5.13538933,5.135395,5.722046E-06,0.9941497,0.9941497,0,1367,0,0,0
1457,43.479456203911568,517566960,518413903,517921378,1,1,7.4782,14.9503,22.4489,35.4418,84.6943,0,1.31988363E-05,6.874394E-08,0.000106811523,3.51439643,3.514402,5.48362732E-06,0.9710946,0.9710948,1.78813934E-07,1368,0,0,0
1459,43.527910603911565,518047822,518899303,518408729,1,1,0.0206,22.4148,22.4519,36.0907,85.1481,0,1.355916E-05,7.062062E-08,9.15527344E-05,5.66918755,5.66918,7.62939453E-06,0.99656117,0.99656117,0,1371,0,0,0
1461,43.572826903911562,518535658,519348361,518896508,1,1,2.1915,20.8341,23.0492,36.085,81.2703,0,1.26032592E-05,6.564198E-08,9.918213E-05,5.56703663,5.567037,4.76837158E-07,0.996192753,0.996192753,0,1373,0,0,0
1462,43.593595903911563,518690171,519555541,519101734,1,1,0.0116,18.5375,18.5602,41.1563,86.537,0,1.43495372E-05,7.473717E-08,9.15527344E-05,3.44387126,3.4438715,2.38418579E-07,0.969047844,0.969047844,0,1374,0,0,0
1463,43.622758703911558,519005627,519846795,519345289,1,1,0.0164,21.3855,21.417,33.9662,84.1168,0,1.35162345E-05,7.039706E-08,9.918213E-05,3.291373,3.29136539,7.62939453E-06,0.964131653,0.9641314,2.38418579E-07,1375,0,0,0
1464,43.646867403911557,519321310,520088452,519549974,1,1,0.0151,17.6159,17.6472,22.8664,76.7142,0,1.50295164E-05,7.827873E-08,0.00016784668,4.29477024,4.294773,2.861023E-06,0.986543834,0.9865439,5.96046448E-08,1376,0,0,0
1465,43.672367803911555,519488297,520343928,519840906,1,1,0.0232,22.0343,22.0723,35.2609,85.5631,0,1.30714861E-05,6.808066E-08,0.000106811523,7.9551363,7.955141,4.76837158E-06,0.9996493,0.9996493,0,1377,0,0,0
1466,43.697095403911561,519645833,520590937,520082568,1,1,0.0174,21.672,21.7157,43.6735,94.5104,0,1.28730826E-05,6.70473E-08,0.000106811523,3.19039059,3.19039559,5.00679E-06,0.960471034,0.9604712,1.78813934E-07,1378,0,0,0
1467,43.728343103911556,519970097,520903516,520340743,1,1,0.0312,23.7245,23.7699,37.0646,93.3419,0,1.355813E-05,7.06152647E-08,0.000114440918,2.53775477,2.53775048,4.29153442E-06,0.926746547,0.926746249,2.98023224E-07,1379,0,0,0
1468,43.752289303911567,520284100,521143155,520586981,1,1,0.0112,23.3194,23.3414,30.2881,85.9055,0,1.35492573E-05,7.056905E-08,9.15527344E-05,5.649249,5.64924145,7.62939453E-06,0.9964922,0.996492147,5.96046448E-08,1380,0,0,0
1469,43.782069003911559,520463187,521440669,520899147,1,1,0.0196,27.5936,27.634,43.596,97.7482,0,1.45845961E-05,7.596144E-08,0.000122070313,4.70790672,4.70790625,4.76837158E-07,0.991057038,0.991057038,0,1381,0,0,0
1470,43.806371903911568,520777720,521683928,521139810,1,1,0.0151,22.0081,22.0422,36.209,90.6208,0,1.37880625E-05,7.181283E-08,9.15527344E-05,5.76938438,5.76938152,2.861023E-06,0.996888041,0.996888041,0,1382,0,0,0
1471,43.831863203911567,521106674,521938644,521437817,1,1,0.0173,23.52,23.5629,33.1143,83.197,0,1.37869647E-05,7.180711E-08,9.15527344E-05,1.09290743,1.09290826,8.34465E-07,0.7489288,0.748928964,1.78813934E-07,1383,0,0,0
1472,43.860360303911563,521414511,522223419,521680205,1,1,0.0107,22.4897,22.5141,26.5694,80.8908,0,1.45230279E-05,7.564077E-08,0.000106811523,3.798361,3.798358,3.09944153E-06,0.9780836,0.978083551,5.96046448E-08,1384,0,0,0
1473,43.885239603911558,521564700,522472736,521932064,1,1,0.0173,21.4323,21.4644,36.7364,90.8036,0,1.39673475E-05,7.27466E-08,0.00016784668,3.21876836,3.218773,4.529953E-06,0.9615345,0.9615347,1.78813934E-07,1384,0,0,0
1474,43.914787003911556,521908887,522767813,522217743,1,1,0.0134,21.6045,21.6272,30.8856,85.8926,0,1.44709193E-05,7.536937E-08,9.15527344E-05,1.33788288,1.337887,4.172325E-06,0.792141557,0.7921423,7.15255737E-07,1386,0,0,0
1475,43.937778203911563,522054119,522997737,522764796,1,1,0.0212,23.4102,23.4566,71.0677,94.3618,0,1.43737088E-05,7.486307E-08,0.000106811523,4.291703,4.291709,5.722046E-06,0.986503065,0.9865031,5.96046448E-08,1387,0,0,0
1477,43.984906703911562,522688228,523469029,522994879,1,1,0.0116,20.2958,20.3205,30.6651,78.0801,0,1.42413446E-05,7.417367E-08,9.15527344E-05,4.95416355,4.95416737,3.81469727E-06,0.992995441,0.992995441,0,1389,0,0,0
1478,44.012165203911565,522845741,523741664,523236801,1,1,0.0144,18.4592,18.4868,39.106,89.5923,0,1.58934126E-05,8.277819E-08,0.000122070313,1.69450641,1.69449782,8.583069E-06,0.84481585,0.8448148,1.07288361E-06,1390,0,0,0
1479,44.033002303911559,523012987,523949663,523467540,1,1,0.0125,21.7139,21.7409,45.4553,93.6676,0,1.36673043E-05,7.118388E-08,7.62939453E-05,4.80435753,4.80435371,3.81469727E-06,0.9918726,0.9918726,0,1390,0,0,0
1480,44.062136403911566,523333301,524241429,523738899,1,1,0.017,25.3078,25.343,40.5598,90.8128,0,1.47924593E-05,7.704406E-08,0.000106811523,3.309556,3.30955076,5.24520874E-06,0.9647552,0.964755,1.78813934E-07,1391,0,0,0
1481,44.086226703911564,523646648,524481519,523944917,1,1,0.0114,18.0549,18.0788,29.8269,83.4871,0,1.43681091E-05,7.48339E-08,0.000106811523,0.0877249241,0.08771908,5.841255E-06,0.521917164,0.521915734,1.43051147E-06,1393,0,0,0
1482,44.111341003911562,523805970,524733402,524474417,1,1,0.0184,26.6288,26.6631,66.8447,92.7432,0,1.47817373E-05,7.69882149E-08,0.000122070313,3.09648681,3.09649324,6.43730164E-06,0.9567476,0.9567479,2.98023224E-07,1394,0,0,0
1484,44.163920303911567,524287148,525259229,524728794,1,1,1.28,21.7247,23.0247,44.1646,97.2081,0,1.35305672E-05,7.047171E-08,0.000122070313,1.90134645,1.90134192,4.529953E-06,0.8700439,0.870043337,5.364418E-07,1396,0,0,0
1485,44.189446103911564,524612584,525514640,525013542,1,1,0.0137,26.0941,26.1254,40.0958,90.2056,0,1.42308427E-05,7.411897E-08,0.000106811523,5.032834,5.032834,0,0.9935219,0.9935219,0,1396,0,0,0
1487,44.235731903911557,525099441,525977359,525512667,1,1,9.4002,15.155,24.5823,41.3226,87.7918,0,1.37674779E-05,7.17056139E-08,9.15527344E-05,4.131255,4.131253,2.38418579E-06,0.984191239,0.9841912,5.96046448E-08,1399,0,0,0
1488,44.257240803911557,525424645,526192701,525974890,1,1,0.0129,24.4615,24.4858,55.0245,76.8056,0,1.36856415E-05,7.127938E-08,9.15527344E-05,2.71188641,2.71187973,6.67572E-06,0.9377244,0.937724,4.172325E-07,1400,0,0,0
1490,44.308229803911559,525885872,526702530,526190251,1,1,0.0101,18.6081,18.629,30.4379,81.6658,0,1.37370216E-05,7.15469852E-08,0.000106811523,2.20802665,2.20802927,2.62260437E-06,0.900968,0.900968254,2.38418579E-07,1402,0,0,0
1491,44.334569903911557,526052007,526965065,526454286,1,1,0.0336,22.461,22.5333,40.2279,91.3058,0,1.37676843E-05,7.170669E-08,0.000106811523,2.98526645,2.98526978,3.33786E-06,0.951904058,0.951904237,1.78813934E-07,1403,0,0,0
1493,44.386534403911568,526684140,527485227,526961020,1,1,0.0091,24.5837,24.6042,27.688,80.1087,0,1.335749E-05,6.957026E-08,9.918213E-05,4.10323429,4.10323334,9.536743E-07,0.9837493,0.9837493,0,1404,0,0,0
1494,44.406710703911557,526881726,527687168,527192846,1,1,0.0143,20.1509,20.1803,31.112,80.5442,0,1.25338511E-05,6.52804744E-08,9.918213E-05,2.99385333,2.99385047,2.861023E-06,0.952295661,0.952295542,1.1920929E-07,1406,0,0,0
1495,44.43563950391156,527005633,527976412,527479819,1,1,0.0156,24.946,24.9781,47.4186,97.0779,0,1.43479929E-05,7.472913E-08,0.00016784668,3.3107,3.31071019,1.02519989E-05,0.96479404,0.9647944,3.57627869E-07,1407,0,0,0
1497,44.481212303911562,527647440,528432263,527971726,1,1,2.3859,24.204,26.6111,32.4286,78.4823,0,1.317612E-05,6.86256243E-08,9.15527344E-05,2.27376437,2.27376938,5.00679E-06,0.906680763,0.9066812,4.172325E-07,1409,0,0,0
1498,44.510876103911556,527819242,528728491,528207494,1,1,0.0127,21.4394,21.4662,38.8252,90.9249,0,1.35369646E-05,7.0505024E-08,0.000122070313,2.42971373,2.429709,4.76837158E-06,0.919065237,0.9190649,3.57627869E-07,1410,0,0,0
1500,44.558887703911566,528309014,529208755,528723819,1,1,0.0173,22.8355,22.8659,41.4805,89.9741,0,1.31387151E-05,6.843081E-08,0.000106811523,3.52545762,3.52545738,2.38418579E-07,0.9714035,0.9714035,0,1412,0,0,0
1501,44.583384003911561,528606211,529453572,528955164,1,1,0.0411,20.8651,20.9216,34.8953,84.7361,0,1.26344758E-05,6.58045636E-08,0.000122070313,1.87041092,1.87041426,3.33786E-06,0.8665058,0.8665062,4.172325E-07,1413,0,0,0
1503,44.633504203911556,529087157,529954974,529447522,1,1,0.0318,21.7456,21.7924,36.0365,86.7817,0,1.31898842E-05,6.869731E-08,0.000106811523,5.223275,5.22326565,9.536743E-06,0.9946392,0.9946392,0,1414,0,0,0
1505,44.679418503911563,529564943,530414330,529952993,1,1,0.0193,23.4883,23.5216,38.805,84.9387,0,1.28498214E-05,6.69261553E-08,9.15527344E-05,4.37623024,4.37622929,9.536743E-07,0.987583458,0.987583458,0,1417,0,0,0
1507,44.732410003911568,530055891,530944222,530410717,1,1,0.0086,18.5166,18.5324,35.4826,88.8331,0,1.28573038E-05,6.696512E-08,0.000106811523,3.313821,3.31381726,3.81469727E-06,0.9648999,0.9648998,1.1920929E-07,1419,0,0,0
1508,44.757385203911568,530375047,531194024,530664168,1,1,0.0168,22.9064,22.9445,28.9121,81.8977,0,1.2954044E-05,6.746898E-08,0.000106811523,5.187829,5.187829,0,0.9944469,0.9944469,0,1420,0,0,0
1510,44.804409803911568,530854233,531664377,531190191,1,1,14.7191,9.0914,23.8362,33.5958,81.0144,0,1.31453817E-05,6.846553E-08,9.15527344E-05,3.95181251,3.95181084,1.66893E-06,0.9811426,0.9811426,0,1421,0,0,0
1511,44.827894903911556,531002758,531899007,531421922,1,1,0.0081,20.8614,20.8772,41.9164,89.6249,0,1.34211623E-05,6.990189E-08,9.15527344E-05,6.53893566,6.53893,5.722046E-06,0.9985561,0.9985561,0,1422,0,0,0
1512,44.853313303911563,531325635,532153009,531662334,1,1,0.021,20.9112,20.9513,33.6699,82.7374,0,1.22147012E-05,6.361824E-08,0.000106811523,3.44223166,3.442228,3.57627869E-06,0.9689986,0.9689985,1.1920929E-07,1423,0,0,0
1513,44.880018403911563,531498743,532420220,532147487,1,1,0.0094,22.6883,22.7088,64.8744,92.1477,0,1.467179E-05,7.64155743E-08,8.392334E-05,3.479582,3.47959471,1.26361847E-05,0.9701012,0.9701016,4.172325E-07,1424,0,0,0
1514,44.90440840391156,531826958,532664112,532415741,1,1,0.0143,46.5056,46.5337,58.8783,83.7154,0,1.42826148E-05,7.43886162E-08,0.000122070313,2.340849,2.34085,1.1920929E-06,0.9122041,0.9122042,1.1920929E-07,1426,0,0,0
1515,44.927878803911568,531975875,532898854,532661497,1,1,23.2506,9.52,32.7834,68.5622,92.2979,0,1.50631586E-05,7.845395E-08,9.15527344E-05,0.279781461,0.279785156,3.695488E-06,0.569492638,0.569493532,8.940697E-07,1427,0,0,0
1517,44.981887003911567,532606327,533438886,532892745,1,1,7.7598,13.4175,21.2186,28.6418,83.2559,0,1.33062622E-05,6.930345E-08,9.15527344E-05,4.23750973,4.237503,6.67572E-06,0.9857621,0.98576206,5.96046448E-08,1428,0,0,0
1518,45.005895303911558,532785628,533678878,533191082,1,1,0.0203,23.9857,24.0247,40.5454,89.325,0,1.31977695E-05,6.873838E-08,0.000106811523,2.604261,2.60426354,2.62260437E-06,0.9311353,0.9311355,1.78813934E-07,1429,0,0,0
1519,45.030034803911562,533090299,533920293,533433591,1,1,0.0245,21.2509,21.2899,34.3292,82.9994,0,1.30513372E-05,6.797571E-08,9.15527344E-05,3.93751884,3.9375124,6.43730164E-06,0.9808763,0.9808762,1.1920929E-07,1431,0,0,0
1520,45.054664403911559,533399959,534166723,533914682,1,1,0.0175,26.5273,26.5618,51.4723,76.6764,0,1.3828686E-05,7.2024406E-08,0.000122070313,-0.708132148,-0.708136141,3.993511E-06,0.3300117,0.3300108,8.940697E-07,1431,0,0,0
1522,45.102130903911558,533727306,534641592,534161979,1,1,0.026,20.5304,20.5696,43.4673,91.4286,0,1.32191026E-05,6.8849495E-08,7.62939453E-05,1.25554931,1.25555146,2.14576721E-06,0.778259,0.778259337,3.57627869E-07,1433,0,0,0
1524,45.153802903911568,534368234,535157949,534639348,1,1,1.3476,20.7592,22.126,27.1114,78.9715,0,1.17327381E-05,6.110801E-08,9.918213E-05,5.497675,5.497671,3.81469727E-06,0.9959204,0.9959204,0,1436,0,0,0
1525,45.174776203911563,534536319,535367788,535154615,1,1,0.008,33.4318,33.4502,61.8296,83.1469,0,1.17839127E-05,6.137454E-08,9.15527344E-05,5.33771133,5.337713,1.43051147E-06,0.995216131,0.995216131,0,1436,0,0,0
1527,45.224298303911567,535021674,535863268,535363616,1,1,0.0112,18.6114,18.6344,34.1942,84.1594,0,1.33209378E-05,6.937989E-08,9.15527344E-05,1.92729735,1.92729616,1.1920929E-06,0.872949958,0.872949839,1.1920929E-07,1438,0,0,0
1528,45.241733403911567,535333596,536037676,535860734,1,1,0.025,25.4532,25.492,52.7138,70.408,0,1.306307E-05,6.803682E-08,9.15527344E-05,3.7247684,3.724766,2.38418579E-06,0.9764493,0.976449251,5.96046448E-08,1439,0,0,0
1529,45.26736650391156,535497400,536293987,536035139,1,1,0.0154,21.9719,21.9999,53.7739,79.6587,0,1.52905741E-05,7.96384043E-08,0.000122070313,-1.30792618,-1.30792475,1.43051147E-06,0.212834075,0.212834314,2.38418579E-07,1440,0,0,0
1530,45.281794303911568,535806710,536438313,536291364,1,1,0.0083,19.166,19.1851,48.4654,63.1603,0,1.38531186E-05,7.215166E-08,9.15527344E-05,1.4002316,1.40023613,4.529953E-06,0.802220643,0.802221358,7.15255737E-07,1440,0,0,0
1532,45.340517403911562,536128946,537024955,536436620,1,1,0.0151,12.197,12.2224,30.7674,89.6009,0,1.54414556E-05,8.042425E-08,9.15527344E-05,1.52485538,1.52485716,1.78813934E-06,0.821252346,0.8212526,2.38418579E-07,1443,0,0,0
1534,45.386432503911564,536609315,537484201,537019344,1,1,1.8206,22.681,24.5268,41.0029,87.4886,0,1.31849938E-05,6.86718451E-08,0.000106811523,-0.92768,-0.9276844,4.41074371E-06,0.283395618,0.283394724,8.940697E-07,1445,0,0,0
1535,45.405995003911556,536925761,537680320,537254338,1,1,0.02,20.0056,20.0438,32.8577,75.4559,0,1.37049783E-05,7.138009E-08,0.000106811523,-0.9571336,-0.957135856,2.2649765E-06,0.277452469,0.277452022,4.47034836E-07,1446,0,0,0
1536,45.436524303911568,537096562,537985587,537447457,1,1,0.0114,15.7963,15.8174,35.0895,88.9025,0,1.27803251E-05,6.656419E-08,0.000122070313,5.17228031,5.17227936,9.536743E-07,0.9943604,0.9943604,0,1447,0,0,0
1537,45.46141060391156,537408335,538234140,537678401,1,1,0.0194,18.2334,18.2761,27.0066,82.5805,0,1.27439E-05,6.63744757E-08,9.918213E-05,4.69864464,4.6986413,3.33786E-06,0.9909746,0.990974545,5.96046448E-08,1448,0,0,0
1538,45.485864103911567,537585287,538475138,537982798,1,1,0.0215,23.1286,23.1679,39.7511,88.9851,0,1.32733949E-05,6.913226E-08,9.15527344E-05,3.49510884,3.49510574,3.09944153E-06,0.9705483,0.9705482,5.96046448E-08,1448,0,0,0
1539,45.513124403911561,537916078,538751095,538229437,1,1,0.0146,21.319,21.3484,31.3359,83.5017,0,1.14547393E-05,5.96601E-08,9.15527344E-05,5.569315,5.56931543,4.76837158E-07,0.9962014,0.9962014,0,1450,0,0,0
1540,45.537391003911566,538055897,538993723,538468464,1,1,0.0099,20.541,20.5636,41.2567,93.7826,0,1.2352707E-05,6.43370157E-08,9.15527344E-05,4.35257435,4.352572,2.38418579E-06,0.987289965,0.987289965,0,1451,0,0,0
1542,45.586006703911565,538684003,539480285,538987812,1,1,2.7112,17.5114,20.2424,30.3809,79.6282,0,1.28337242E-05,6.684231E-08,0.000106811523,7.467617,7.467613,3.81469727E-06,0.999429047,0.999429047,0,1453,0,0,0
1543,45.61052790391156,538856989,539725570,539237834,1,1,0.0214,20.675,20.723,38.0845,86.8581,0,1.270156E-05,6.615396E-08,0.000106811523,3.7822535,3.78225565,2.14576721E-06,0.9777357,0.9777357,0,1454,0,0,0
1544,45.632858903911568,539170480,539948246,539477402,1,1,0.0211,12.4414,12.4873,30.6922,77.7766,0,1.315253E-05,6.85027643E-08,9.15527344E-05,6.93682766,6.93682528,2.38418579E-06,0.9990296,0.9990296,0,1455,0,0,0
1545,45.656717203911569,539326802,540187200,539723055,1,1,0.0108,22.3581,22.3828,39.6253,86.0398,0,1.230651E-05,6.40964046E-08,8.392334E-05,7.608898,7.608899,9.536743E-07,0.9995042,0.9995042,0,1456,0,0,0
1546,45.674192203911559,539649957,540361980,539941109,1,1,0.0135,18.4064,18.432,29.1152,71.2023,0,1.45606928E-05,7.58369438E-08,9.15527344E-05,1.20817018,1.208168,2.14576721E-06,0.769975,0.769974649,3.57627869E-07,1457,0,0,0
1547,45.705683203911562,539813498,540676950,540184443,1,1,0.0213,19.1234,19.1692,37.0945,86.3452,0,1.32657378E-05,6.909239E-08,0.000106811523,5.017871,5.01786661,4.29153442E-06,0.9934249,0.9934249,0,1458,0,0,0
1548,45.727862003911568,539990440,540898910,540360300,1,1,0.0143,16.3585,16.3828,36.986,90.847,0,1.39913873E-05,7.28718064E-08,9.15527344E-05,4.599682,4.59968758,5.722046E-06,0.9900451,0.99004513,5.96046448E-08,1458,0,0,0
1549,45.753356003911563,540304118,541153485,540673221,1,1,0.0094,25.6922,25.715,36.9103,84.9367,0,1.33400417E-05,6.9479384E-08,9.15527344E-05,0.8264786,0.826476455,2.14576721E-06,0.6956098,0.6956094,4.172325E-07,1460,0,0,0
1550,45.779928403911569,540608043,541419215,540896153,1,1,0.0127,19.8414,19.8707,28.811,81.1172,0,1.30375929E-05,6.790413E-08,9.15527344E-05,4.01912,4.01911354,6.67572E-06,0.9823484,0.9823483,5.96046448E-08,1461,0,0,0
1552,45.825579003911557,541093747,541875859,541415946,1,1,0.0146,21.5909,21.6252,32.2199,78.2112,0,1.28891515E-05,6.7131E-08,9.15527344E-05,1.82807446,1.82807744,2.98023224E-06,0.861532152,0.8615325,3.57627869E-07,1462,0,0,0
1553,45.846433803911566,541263152,542084390,541634272,1,1,0.012,19.9126,19.9359,37.112,82.1238,0,1.5370746E-05,8.005597E-08,0.000122070313,-1.35984159,-1.35984159,0,0.204266056,0.204266056,0,1463,0,0,0
1554,45.871869003911556,541568576,542338453,541871581,1,1,0.0117,20.1226,20.1459,30.3005,76.9877,0,1.07887854E-05,5.61915918E-08,9.15527344E-05,5.88515663,5.885155,1.43051147E-06,0.9972273,0.9972273,0,1465,0,0,0
1555,45.893630803911563,541726608,542556012,542335991,1,1,0.0378,29.7918,29.8537,60.9383,82.9404,0,1.38094429E-05,7.19241839E-08,0.000122070313,1.02582133,1.02581978,1.54972076E-06,0.736104965,0.736104667,2.98023224E-07,1466,0,0,0
1557,45.939027203911564,542225222,543010569,542550256,1,1,0.01,19.3211,19.3428,32.5034,78.5347,0,1.09160137E-05,5.68542369E-08,7.62939453E-05,1.34645045,1.34644544,5.00679E-06,0.7935487,0.793547869,8.34465E-07,1468,0,0,0
1558,45.965775803911569,542364636,543277895,542801259,1,1,0.0197,21.8983,21.9401,43.6623,91.3259,0,1.06770112E-05,5.56094335E-08,7.62939453E-05,2.28941774,2.2894218,4.053116E-06,0.907996833,0.907997131,2.98023224E-07,1468,0,0,0
1559,45.992280503911559,542693261,543542727,543008757,1,1,0.0106,19.461,19.4824,31.5496,84.9466,0,1.78365335E-05,9.289861E-08,0.000122070313,-0.7773949,-0.7773981,3.21865082E-06,0.314881623,0.314880937,6.854534E-07,1470,0,0,0
1560,46.01687460391156,542848129,543788576,543273467,1,1,0.0124,23.092,23.1156,42.5338,94.0447,0,1.327106E-05,6.91201052E-08,0.0001373291,4.25624561,4.256251,5.24520874E-06,0.9860227,0.9860228,5.96046448E-08,1471,0,0,0
1562,46.062732303911559,543492820,544247316,543783782,1,1,2.0146,21.0771,23.1073,29.0962,75.4496,0,1.38863288E-05,7.232463E-08,0.000106811523,1.17424881,1.17424691,1.90734863E-06,0.763912141,0.7639118,3.57627869E-07,1473,0,0,0
1563,46.082703603911568,543661833,544447119,543984674,1,1,0.0137,18.0672,18.0937,32.2841,78.5286,0,1.777047E-05,9.255453E-08,0.000122070313,1.04858148,1.04857421,7.27176666E-06,0.7405024,0.740501,1.43051147E-06,1473,0,0,0
1564,46.110080203911565,543803957,544720756,544244864,1,1,0.0192,22.5221,22.565,44.0907,91.6799,0,1.39061967E-05,7.242811E-08,0.000106811523,-1.227665,-1.22766376,1.1920929E-06,0.22659038,0.226590574,1.937151E-07,1474,0,0,0
1565,46.133434503911559,544133723,544954665,544442429,1,1,0.0117,17.8642,17.8929,30.8706,82.0942,0,1.483176E-05,7.724875E-08,9.15527344E-05,-1.20871377,-1.20872,6.198883E-06,0.2299287,0.229927614,1.08778477E-06,1475,0,0,0
1566,46.157375703911569,544282181,545193787,544952647,1,1,0.0222,45.2048,45.2476,67.0466,91.1606,0,1.18123116E-05,6.152246E-08,9.15527344E-05,1.20028234,1.20027447,7.867813E-06,0.768575,0.7685736,1.43051147E-06,1477,0,0,0
1567,46.183031303911562,544610309,545450700,545191595,1,1,19.0583,3.4734,22.5436,58.1286,84.0391,0,1.046104E-05,5.4484584E-08,7.62939453E-05,4.115549,4.11555433,5.24520874E-06,0.983945,0.9839451,5.96046448E-08,1478,0,0,0
1569,46.229984303911564,545092344,545920159,545448859,1,1,0.3715,23.7634,24.1431,35.6515,82.7815,0,1.28475922E-05,6.6914545E-08,0.000114440918,3.25016522,3.25016069,4.529953E-06,0.962679,0.9626789,1.1920929E-07,1480,0,0,0
1570,46.251803303911558,545424543,546138327,545712406,1,1,0.0147,24.8367,24.8656,28.7863,71.3784,0,1.39473068E-05,7.264222E-08,0.000106811523,6.304577,6.30458069,3.81469727E-06,0.998175442,0.998175442,0,1481,0,0,0
1572,46.295171203911565,545884819,546571543,546134620,1,1,2.2118,17.2557,19.4757,24.9801,68.6724,0,1.71734973E-05,8.94453E-08,0.000152587891,-0.8336421,-0.8336415,5.96046448E-07,0.302875519,0.302875638,1.1920929E-07,1483,0,0,0
1573,46.318895903911567,546049149,546809010,546370499,1,1,0.0126,21.5692,21.5963,32.135,75.9861,0,1.58905914E-05,8.27635E-08,0.000106811523,0.237294853,0.237292528,2.32458115E-06,0.5590469,0.5590463,5.96046448E-07,1484,0,0,0
1575,46.373678703911565,546364098,547356865,546805288,1,1,11.9666,10.4317,22.4274,44.119,99.2767,0,1.37470388E-05,7.159916E-08,9.15527344E-05,-0.6586785,-0.658684254,5.78165054E-06,0.341036528,0.341035217,1.31130219E-06,1485,0,0,0
1576,46.394708103911569,546698036,547567245,547355158,1,1,0.0157,22.631,22.6615,65.7122,86.9209,0,1.52584216E-05,7.94709436E-08,0.0001373291,-0.443299621,-0.4432962,3.427267E-06,0.390955031,0.390955836,8.046627E-07,1487,0,0,0
1577,46.420627103911556,547005049,547826323,547564474,1,1,0.0108,24.7494,24.7695,55.9425,82.1274,0,1.09103521E-05,5.682475E-08,6.866455E-05,3.03064466,3.030643,1.66893E-06,0.9539395,0.953939438,5.96046448E-08,1488,0,0,0
1579,46.466398203911567,547485088,548284159,547821670,1,1,15.0477,8.7272,23.795,33.6582,79.9071,0,1.10476694E-05,5.75399461E-08,9.15527344E-05,2.90400958,2.904014,4.529953E-06,0.9480443,0.948044538,2.38418579E-07,1490,0,0,0
1580,46.487579703911564,547655127,548495991,548047776,1,1,0.0185,20.4476,20.4875,39.2649,84.0864,0,1.3937216E-05,7.25896641E-08,0.000122070313,4.318434,4.31843472,9.536743E-07,0.9868544,0.9868544,0,1490,0,0,0
1582,46.53428720391156,548134958,548962245,548493467,1,1,0.0155,19.3586,19.3892,35.8509,82.7287,0,2.07795256E-05,1.08226693E-07,0.0001373291,1.86134,1.86133635,3.695488E-06,0.865453064,0.865452647,4.172325E-07,1492,0,0,0
1584,46.580251303911567,548608250,549421813,548959440,1,1,0.0206,17.2247,17.2685,35.119,81.3563,0,1.52148923E-05,7.924423E-08,7.62939453E-05,-2.493487,-2.4934907,3.81469727E-06,0.07631604,0.07631577,2.682209E-07,1494,0,0,0
1585,46.602228303911559,548922408,549642404,549162967,1,1,0.0093,18.908,18.9268,24.0559,71.9996,0,1.26412524E-05,6.58398562E-08,0.000122070313,4.911125,4.91112471,4.76837158E-07,0.9926896,0.9926896,0,1494,0,0,0
1587,46.645789703911561,549248818,550078174,549638629,1,1,5.7731,14.7578,20.5469,38.9811,82.9356,0,1.230993E-05,6.411422E-08,9.15527344E-05,8.65404,8.654044,3.81469727E-06,0.9998256,0.9998256,0,1496,0,0,0
1589,46.692813703911568,549735299,550548433,550077013,1,1,0.0116,18.4619,18.486,34.1714,81.3134,0,1.290284E-05,6.720229E-08,9.15527344E-05,3.76340127,3.76340151,2.38418579E-07,0.977321565,0.977321565,0,1497,0,0,0
1591,46.742881203911566,550204629,551049100,550811138,1,1,0.0263,27.0935,27.1562,60.6509,84.4471,0,2.14835945E-05,1.11893719E-07,0.0001373291,-0.7384906,-0.7384953,4.708767E-06,0.3233343,0.323333263,1.04308128E-06,1500,0,0,0
1593,46.792779403911567,550692474,551548186,551046945,1,1,6.8101,15.4476,22.273,35.4471,85.5712,0,1.302726E-05,6.78503156E-08,0.000106811523,3.88527131,3.8852694,1.90734863E-06,0.9798712,0.9798712,0,1501,0,0,0
1594,46.817460103911557,551020042,551794861,551310082,1,1,0.0152,22.9151,22.9461,29.004,77.4819,0,1.42295157E-05,7.411206E-08,9.15527344E-05,1.72999907,1.73000169,2.62260437E-06,0.8494123,0.8494126,2.98023224E-07,1502,0,0,0
1595,46.839554403911563,551167941,552015431,551546086,1,1,0.0121,21.8463,21.8694,37.8145,84.749,0,1.34011816E-05,6.979782E-08,9.15527344E-05,4.20954037,4.209536,4.29153442E-06,0.9853642,0.985364139,5.96046448E-08,1504,0,0,0
1596,46.864592903911557,551493784,552266130,552009196,1,1,0.0207,21.7038,21.7405,51.5412,77.2346,0,1.34390966E-05,6.99952949E-08,0.000114440918,6.734542,6.734541,9.536743E-07,0.9988123,0.9988123,0,1505,0,0,0
1598,46.909752903911567,551964195,552717344,552262827,1,1,1.4642,21.9212,23.3984,29.8632,75.3149,0,1.49349635E-05,7.778627E-08,0.000106811523,1.74320984,1.743215,5.12599945E-06,0.8510943,0.851094961,6.556511E-07,1507,0,0,0
1599,46.934354603911558,552134561,552963524,552463774,1,1,0.01,18.6028,18.6243,32.9213,82.8963,0,1.45510021E-05,7.578647E-08,0.000122070313,-0.2114644,-0.2114653,8.940697E-07,0.447330028,0.4473298,2.38418579E-07,1508,0,0,0
1600,46.955861603911558,552284228,553178915,552712208,1,1,0.0101,22.0386,22.0607,42.798,89.4687,0,1.32387477E-05,6.895181E-08,9.15527344E-05,3.4994266,3.49942541,1.1920929E-06,0.9706715,0.9706714,5.96046448E-08,1509,0,0,0
1601,46.984759103911557,552604598,553467546,552958080,1,1,0.0215,21.3623,21.399,35.3482,86.2948,0,1.365241E-05,7.110631E-08,0.000106811523,4.59728146,4.59728527,3.81469727E-06,0.990021348,0.9900214,5.96046448E-08,1509,0,0,0
1603,47.030524603911559,553087296,553925377,553464830,1,1,0.0096,27.4501,27.4686,37.7534,83.8081,0,1.671338E-05,8.704885E-08,0.000106811523,-1.63515329,-1.63514757,5.722046E-06,0.163125634,0.163126424,7.89761543E-07,1512,0,0,0
1605,47.07962140391156,553567218,554416120,553921562,1,1,1.2786,18.6892,19.9779,35.4344,84.8902,0,1.40867078E-05,7.336827E-08,7.62939453E-05,-0.344666958,-0.344666839,1.1920929E-07,0.414676279,0.414676279,0,1513,0,0,0
1606,47.107131003911562,553723759,554691080,554173740,1,1,0.0137,22.8944,22.9236,44.9981,96.7321,0,1.28269967E-05,6.68072744E-08,9.15527344E-05,1.15167356,1.15167642,2.861023E-06,0.759816468,0.759817,5.364418E-07,1514,0,0,0
1607,47.135048803911559,554048480,554970599,554683588,1,1,0.0159,32.8871,32.9185,63.5108,92.2119,0,1.29834661E-05,6.762222E-08,0.000122070313,1.46609151,1.46609437,2.861023E-06,0.812462568,0.812463045,4.76837158E-07,1515,0,0,0
1608,47.160266403911564,554361310,555223015,554967065,1,1,9.1089,39.5045,48.6242,60.5755,86.1705,0,1.166728E-05,6.07670856E-08,9.15527344E-05,-0.4966927,-0.496694446,1.758337E-06,0.3783182,0.3783178,3.874302E-07,1517,0,0,0
1609,47.187924103911556,554538129,555499239,555220954,1,1,21.0841,6.4138,27.5127,68.2825,96.111,0,1.08342692E-05,5.64284868E-08,9.15527344E-05,6.05672359,6.05672932,5.722046E-06,0.997663438,0.997663438,0,1517,0,0,0
1611,47.233818803911561,555173653,555958230,555494589,1,1,0.0116,23.9741,23.9966,32.0936,78.4577,0,1.36471126E-05,7.107871E-08,8.392334E-05,2.26982379,2.26982379,0,0.906346858,0.906346858,0,1519,0,0,0
1613,47.282589403911558,555656305,556445733,555953786,1,1,0.0134,19.8326,19.8604,29.7481,78.9428,0,1.27549347E-05,6.643195E-08,9.15527344E-05,5.640685,5.64067841,6.67572E-06,0.9964621,0.9964621,0,1522,0,0,0
1614,47.303770003911566,555802851,556657789,556441957,1,1,0.0245,25.2611,25.3131,63.9106,85.4938,0,1.31846618E-05,6.867011E-08,9.15527344E-05,1.88601136,1.88601112,2.38418579E-07,0.8683001,0.8683001,0,1523,0,0,0
1616,47.350170303911568,556287264,557121782,556653130,1,1,2.2856,16.4453,18.7422,36.5866,83.4518,0,1.81361847E-05,9.44592955E-08,0.000106811523,-1.54504645,-1.54504991,3.4570694E-06,0.175802857,0.175802365,4.917383E-07,1525,0,0,0
1617,47.373156903911564,556603603,557351786,556912400,1,1,0.018,22.6658,22.7061,30.8797,74.8183,0,1.53138844E-05,7.97598148E-08,9.15527344E-05,-2.24965358,-2.24965382,2.38418579E-07,0.09537935,0.09537933,2.23517418E-08,1526,0,0,0
1619,47.421110403911555,556928925,557831203,557348212,1,1,0.0102,18.9224,18.9418,41.9287,90.2278,0,1.4346E-05,7.471875E-08,0.000152587891,2.55574,2.55573416,5.96046448E-06,0.9279582,0.9279578,4.172325E-07,1527,0,0,0
1620,47.440928803911561,557093743,558029394,557582875,1,1,0.0127,22.2183,22.2472,48.9132,93.5651,0,1.24147318E-05,6.4660064E-08,9.15527344E-05,4.09828472,4.098287,2.38418579E-06,0.98367,0.98367,0,1528,0,0,0
1622,47.48602890391156,557732521,558480515,558024557,1,1,0.0137,17.715,17.7389,29.2036,74.7994,0,1.50416845E-05,7.83421044E-08,0.000106811523,-0.614305735,-0.614308953,3.21865082E-06,0.351077646,0.3510769,7.4505806E-07,1529,0,0,0
1623,47.510654403911559,557885500,558726674,558286806,1,1,0.0236,22.7959,22.8397,40.1306,84.1174,0,1.91760428E-05,9.987522E-08,9.918213E-05,0.637902856,0.6379088,5.96046448E-06,0.654279232,0.6542806,1.37090683E-06,1530,0,0,0
1624,47.534566603911557,558213314,558965924,558476949,1,1,0.0125,17.8058,17.828,26.3635,75.261,0,1.29505224E-05,6.74506353E-08,9.15527344E-05,5.036578,5.036579,9.536743E-07,0.993546,0.993546,0,1532,0,0,0
1625,47.556189703911556,558386954,559181900,558963066,1,1,0.0095,41.6131,41.6328,57.6112,79.4946,0,1.40592774E-05,7.32254E-08,0.0001373291,2.01896477,2.018966,1.1920929E-06,0.882773936,0.882774055,1.1920929E-07,1533,0,0,0
1627,47.605964803911561,558863611,559679967,559178778,1,1,0.8007,19.1903,20.0027,31.5167,81.6356,0,1.31520574E-05,6.85003E-08,0.000122070313,3.764304,3.76430321,7.15255737E-07,0.9773416,0.977341533,5.96046448E-08,1535,0,0,0
1628,47.634227003911562,559006122,559962321,559435977,1,1,0.0145,22.7889,22.8191,42.9855,95.6199,0,1.26673385E-05,6.597572E-08,9.15527344E-05,-0.6529435,-0.652951837,8.34465E-06,0.342326522,0.342324644,1.87754631E-06,1536,0,0,0
1629,47.659831603911556,559335543,560218348,559675695,1,1,0.0183,21.6612,21.7015,34.0152,88.2805,0,1.426039E-05,7.427287E-08,0.000106811523,1.35332727,1.35332513,2.14576721E-06,0.7946731,0.7946727,3.57627869E-07,1536,0,0,0
1630,47.684080303911557,559504305,560460850,559957373,1,1,0.0138,22.8413,22.8659,45.3068,95.6545,0,1.29536493E-05,6.746692E-08,0.000106811523,-2.70644379,-2.70644069,3.09944153E-06,0.06259419,0.06259438,1.86264515E-07,1538,0,0,0
1631,47.710591903911563,559816241,560725978,560216121,1,1,0.0157,24.4172,24.4485,39.988,90.9737,0,1.40196044E-05,7.3018775E-08,9.15527344E-05,-1.59751415,-1.59750772,6.43730164E-06,0.168329343,0.168330237,8.940697E-07,1539,0,0,0
1633,47.769624203911562,560292907,561316117,560720840,1,1,0.2894,23.8486,24.1493,42.7933,102.321,0,1.41438259E-05,7.366576E-08,9.15527344E-05,1.89613461,1.89613581,1.1920929E-06,0.86945343,0.869453549,1.1920929E-07,1541,0,0,0
1634,47.795567103911566,560616439,561575671,561013172,1,1,0.0134,27.4283,27.4557,39.6733,95.9232,0,1.0902163E-05,5.67821E-08,8.392334E-05,1.99358869,1.993593,4.29153442E-06,0.8801223,0.8801227,4.172325E-07,1541,0,0,0
1636,47.849431803911557,561247774,562114464,561572668,1,1,0.8061,23.5064,24.3266,32.4894,86.669,0,1.21717812E-05,6.33946939E-08,7.62939453E-05,0.5319215,0.531921864,3.57627869E-07,0.629931152,0.6299313,1.1920929E-07,1543,0,0,0
1638,47.896309703911555,561736570,562583187,562111316,1,1,0.0157,27.0495,27.0838,37.4746,84.6617,0,1.37520155E-05,7.162508E-08,0.000106811523,9.493122,9.493115,6.67572E-06,0.99992466,0.99992466,0,1546,0,0,0
1640,47.947545903911561,562220420,563095288,562579487,1,1,0.0192,20.2118,20.2505,35.9067,87.4868,0,1.38399355E-05,7.2083E-08,9.15527344E-05,3.99442029,3.994424,3.81469727E-06,0.981915,0.981915057,5.96046448E-08,1547,0,0,0
1641,47.97085510391156,562536592,563328490,562864369,1,1,0.0193,24.5741,24.6073,32.7777,79.1898,0,1.3882257E-05,7.230342E-08,0.000106811523,4.059244,4.059237,7.15255737E-06,0.983030856,0.983030736,1.1920929E-07,1548,0,0,0
1642,47.998163403911562,562697922,563601815,563092371,1,1,0.0126,21.3563,21.3912,39.4449,90.3893,0,1.387634E-05,7.22726057E-08,9.15527344E-05,9.078283,9.078287,3.81469727E-06,0.9998859,0.9998859,0,1550,0,0,0
1643,48.017972103911561,563004736,563799752,563598058,1,1,0.0105,44.9966,45.0189,59.3322,79.5016,0,1.439078E-05,7.495198E-08,0.000106811523,2.14557171,2.14556551,6.198883E-06,0.895254254,0.895253658,5.96046448E-07,1550,0,0,0
1645,48.068632403911565,563491001,564306122,563796601,1,1,0.0151,16.7684,16.8017,30.56,81.5121,0,1.21336316E-05,6.3196E-08,7.62939453E-05,10.2945061,10.2945042,1.90734863E-06,0.9999662,0.9999662,0,1553,0,0,0
1647,48.121670803911556,563992170,564836719,564301086,1,1,0.0113,23.3172,23.3391,30.8916,84.4549,0,1.37796023E-05,7.176876E-08,9.15527344E-05,1.8022325,1.80224192,9.417534E-06,0.8584205,0.8584216,1.13248825E-06,1554,0,0,0
1648,48.149851703911565,564133197,565118201,564562847,1,1,0.0229,23.858,23.9001,42.965,98.5004,0,1.28327019E-05,6.683699E-08,9.15527344E-05,2.50875473,2.508757,2.38418579E-06,0.9247533,0.9247534,1.1920929E-07,1556,0,0,0
1649,48.174807203911556,564471592,565368190,564834023,1,1,0.0168,25.5903,25.6197,36.2431,89.6598,0,1.3084461E-05,6.814823E-08,0.000106811523,2.00838184,2.008384,2.14576721E-06,0.8816743,0.8816745,2.38418579E-07,1557,0,0,0
1651,48.223415703911556,564940466,565854085,565363986,1,1,21.8598,1.3244,23.2058,42.352,91.3619,0,1.31475872E-05,6.84770143E-08,9.15527344E-05,3.77872634,3.77872467,1.66893E-06,0.977658749,0.977658749,0,1558,0,0,0
1652,48.244716603911556,565250796,566067513,565632098,1,1,0.0143,23.9853,24.0107,38.1302,81.6717,0,1.31492916E-05,6.84858961E-08,0.000152587891,1.61991715,1.61991513,2.026558E-06,0.834783733,0.834783435,2.98023224E-07,1559,0,0,0
1653,48.263911903911563,565564162,566259434,565851696,1,1,0.0131,20.4552,20.4845,28.7534,69.5272,0,1.36609178E-05,7.11506161E-08,0.000106811523,-1.26731825,-1.26731789,3.57627869E-07,0.219716668,0.219716728,5.96046448E-08,1560,0,0,0
1655,48.313888803911567,565892693,566758963,566257140,1,1,0.0132,17.4032,17.4287,36.4447,86.627,0,1.43321895E-05,7.464682E-08,0.000106811523,3.69618344,3.69619465,1.12056732E-05,0.975782931,0.9757832,2.98023224E-07,1561,0,0,0
1656,48.340972203911562,566218933,567030092,566526248,1,1,0.0163,21.1747,21.2058,30.7315,81.1159,0,1.34401125E-05,7.000059E-08,0.000106811523,3.29079962,3.29079938,2.38418579E-07,0.9641118,0.9641118,0,1563,0,0,0
1657,48.362871503911563,566363977,567248641,566756908,1,1,0.0162,21.1307,21.1717,39.2931,88.4664,0,1.47020755E-05,7.657331E-08,0.000122070313,2.160037,2.16004419,7.15255737E-06,0.896603,0.896603644,6.556511E-07,1564,0,0,0
1659,48.413439403911568,567003365,567754505,567245731,1,1,1.4107,18.3321,19.7559,24.2366,75.114,0,1.43514844E-05,7.474731E-08,9.15527344E-05,4.184765,4.18476248,2.38418579E-06,0.9850026,0.9850025,5.96046448E-08,1565,0,0,0
1660,48.436521503911564,567173960,567985507,567516373,1,1,0.0151,23.5304,23.5586,34.2413,81.1547,0,1.47978417E-05,7.70720945E-08,0.000106811523,-0.6166785,-0.6166793,8.34465E-07,0.350537241,0.350537062,1.78813934E-07,1566,0,0,0
1661,48.461163403911556,567336440,568231890,567751038,1,1,0.0149,21.5909,21.6291,41.4598,89.545,0,1.28606835E-05,6.698273E-08,0.000152587891,2.29736686,2.29736829,1.43051147E-06,0.908658743,0.908658862,1.1920929E-07,1567,0,0,0
1662,48.481078003911563,567648265,568430939,568229093,1,1,0.0157,27.5104,27.5427,58.0828,78.2674,0,1.281433E-05,6.67413E-08,0.000122070313,4.2813406,4.28133631,4.29153442E-06,0.986364365,0.9863643,5.96046448E-08,1568,0,0,0
1664,48.535007603911566,568129607,568970279,568428369,1,1,0.0155,17.4125,17.4407,29.8762,84.0672,0,1.388555E-05,7.23205744E-08,9.15527344E-05,1.50253034,1.5025351,4.76837158E-06,0.81795156,0.8179523,7.15255737E-07,1570,0,0,0
1665,48.56378120391156,568299021,569257872,568762420,1,1,0.0203,24.2669,24.2993,46.3399,95.8851,0,1.54931058E-05,8.069326E-08,9.15527344E-05,-0.454746276,-0.454742342,3.93390656E-06,0.3882329,0.38823384,9.536743E-07,1571,0,0,0
1666,48.588405703911562,568617407,569504156,568967203,1,1,0.0149,19.2063,19.2349,34.9796,88.6749,0,1.74556735E-05,9.09149662E-08,0.0001373291,-2.64296174,-2.642961,7.15255737E-07,0.06642414,0.06642418,4.47034836E-08,1571,0,0,0
1667,48.61421800391156,568766341,569762038,569252359,1,1,0.0129,24.6098,24.6369,48.6018,99.5697,0,1.31977931E-05,6.873851E-08,9.15527344E-05,1.54101729,1.54101658,7.15255737E-07,0.8236126,0.823612452,1.1920929E-07,1573,0,0,0
1668,48.641243603911562,569093955,570000430,569499981,1,1,0.0202,21.3988,21.4353,40.6026,90.6475,0,1.28303718E-05,6.682485E-08,0.000106811523,4.31586075,4.31586075,0,0.986820936,0.986820936,0,1574,0,0,0
1670,48.68554470391156,569723795,570475528,569995722,1,1,0.5116,20.4884,21.0134,27.1927,75.1733,0,1.2492831E-05,6.506683E-08,9.15527344E-05,0.3280434,0.328046143,2.74181366E-06,0.5812832,0.5812839,7.15255737E-07,1574,0,0,0
1671,48.711633003911558,569897221,570736559,570219185,1,1,0.0168,17.032,17.0639,32.1964,83.9338,0,1.1710843E-05,6.09939761E-08,9.15527344E-05,-1.677672,-1.67767358,1.54972076E-06,0.157403976,0.157403767,2.08616257E-07,1576,0,0,0
1674,48.790851003911555,570697085,571528172,571017845,1,1,0.0094,25.3067,25.3256,32.076,83.1087,0,1.2446927E-05,6.48277449E-08,0.000122070313,4.769354,4.76934052,1.335144E-05,0.991585553,0.991585433,1.1920929E-07,1579,0,0,0
1675,48.814132303911563,570856635,571761362,571256227,1,1,0.009,21.3292,21.3532,39.9592,90.4727,0,1.30499893E-05,6.796869E-08,7.62939453E-05,5.03813076,5.03813553,4.76837158E-06,0.993555963,0.993555963,0,1580,0,0,0
1676,48.838999803911562,571172972,572010044,571525281,1,1,0.0164,23.5601,23.5931,35.2309,83.7072,0,1.28095962E-05,6.67166447E-08,0.000106811523,1.86053634,1.86052966,6.67572E-06,0.8653594,0.865358651,7.748604E-07,1580,0,0,0
1677,48.861501903911559,571490987,572235044,571756541,1,1,0.0173,19.9471,19.9811,26.5554,74.4057,0,1.44963569E-05,7.550186E-08,9.15527344E-05,-2.62490535,-2.62490988,4.529953E-06,0.0675526559,0.0675523654,2.90572643E-07,1581,0,0,0
1678,48.889517403911569,571644179,572515217,572007496,1,1,0.0391,21.5345,21.5967,36.3317,87.1038,0,1.38757287E-05,7.226942E-08,9.15527344E-05,1.47177577,1.47177374,2.026558E-06,0.813327134,0.813326836,2.98023224E-07,1583,0,0,0
1679,48.913068803911557,571963368,572750628,572511666,1,1,0.0122,24.8323,24.8587,54.8298,78.726,0,1.28244556E-05,6.679404E-08,0.000106811523,2.81445646,2.814457,4.76837158E-07,0.94345206,0.94345206,0,1583,0,0,0
1681,48.963648103911567,572447475,573256029,572745704,1,1,0.0123,21.6642,21.6912,29.8229,80.8554,0,1.38083142E-05,7.19183E-08,0.000106811523,1.238716,1.23872018,4.172325E-06,0.775340438,0.775341153,7.15255737E-07,1586,0,0,0
1682,48.992892803911559,572610143,573548927,573251346,1,1,0.0126,33.3818,33.4083,64.1203,93.8784,0,2.01533858E-05,1.04965551E-07,0.000106811523,-2.94941449,-2.94941878,4.29153442E-06,0.0497641936,0.04976399,2.04890966E-07,1586,0,0,0
1684,49.044840803911569,573099017,574068586,573545182,1,1,0.0147,26.9085,26.9375,44.6165,96.9569,0,1.38258256E-05,7.20095059E-08,0.000122070313,2.43572831,2.435727,1.43051147E-06,0.9195115,0.9195114,1.1920929E-07,1589,0,0,0
1686,49.093965003911563,573726007,574559861,574065719,1,1,11.1902,12.9581,24.1587,33.9712,83.3854,0,1.96358487E-05,1.02270043E-07,0.000106811523,-2.31444716,-2.31444621,9.536743E-07,0.0899335,0.08993358,8.195639E-08,1590,0,0,0
1687,49.118489303911559,573898289,574804407,574307091,1,1,0.0115,22.0406,22.0681,40.8802,90.6118,0,2.48173219E-05,1.2925689E-07,0.000122070313,-0.904974043,-0.904969931,4.11272049E-06,0.2880294,0.288030237,8.34465E-07,1591,0,0,0
1688,49.141390803911563,574209561,575034136,574557472,1,1,0.0199,20.9345,20.9723,34.7911,82.4575,0,1.49808675E-05,7.802535E-08,0.0001373291,-0.313076675,-0.3130707,5.96046448E-06,0.422363937,0.4223654,1.4603138E-06,1591,0,0,0
1690,49.193442003911557,574695762,575554504,575031252,1,1,0.0238,21.1601,21.2073,33.549,85.8742,0,1.31994157E-05,6.874696E-08,0.000106811523,0.5604811,0.5604887,7.62939453E-06,0.636563838,0.6365656,1.78813934E-06,1593,0,0,0
1692,49.244018103911557,575169134,576059506,575550492,1,1,10.6048,11.9282,22.5536,38.1358,89.0372,0,1.32582236E-05,6.905325E-08,0.000106811523,-0.999329,-0.9993222,6.7949295E-06,0.269073367,0.2690747,1.34110451E-06,1595,0,0,0
1694,49.293682003911556,575650305,576553146,576054959,1,1,6.2796,18.0933,24.393,40.4654,90.2841,0,1.32260966E-05,6.888592E-08,9.15527344E-05,-2.866922,-2.866921,9.536743E-07,0.0538131669,0.0538132153,4.84287739E-08,1597,0,0,0
1695,49.316620303911563,575970393,576786555,576548487,1,1,0.0131,25.1405,25.1686,57.8094,81.6162,0,1.1304367E-05,5.887691E-08,8.392334E-05,-0.5706823,-0.5706899,7.62939453E-06,0.3610794,0.361077636,1.758337E-06,1598,0,0,0
1696,49.339015003911555,576135430,577010016,576784960,1,1,1.9889,28.3166,30.3156,64.953,87.4586,0,1.34903985E-05,7.02624945E-08,9.15527344E-05,-2.212226,-2.21221828,7.62939453E-06,0.09865796,0.0986586362,6.78002834E-07,1599,0,0,0
1697,49.364780703911563,576445473,577268123,577003681,1,1,5.1271,23.8525,28.9915,55.8208,82.265,0,1.49253592E-05,7.77362459E-08,0.000106811523,0.9790921,0.97908473,7.390976E-06,0.726928055,0.726926565,1.49011612E-06,1600,0,0,0
1699,49.411501003911567,576932615,577735019,577266255,1,1,0.0211,22.7336,22.7723,33.364,80.2404,0,1.29880937E-05,6.764632E-08,7.62939453E-05,0.5241817,0.524182141,4.172325E-07,0.6281251,0.6281252,1.1920929E-07,1602,0,0,0
1700,49.436653203911561,577093862,577986186,577453325,1,1,0.0227,14.9632,15.0025,35.9463,89.2324,0,1.38691494E-05,7.223515E-08,7.62939453E-05,3.38715458,3.38715219,2.38418579E-06,0.967300653,0.9673006,5.96046448E-08,1603,0,0,0
1701,49.463226503911557,577407343,578252355,577731060,1,1,0.0095,22.185,22.2026,32.3717,84.5012,0,1.31592114E-05,6.853756E-08,0.0001373291,5.771554,5.771561,7.15255737E-06,0.9968948,0.9968948,0,1604,0,0,0
1702,49.489595803911556,577565751,578515387,577979121,1,1,0.0144,22.8707,22.8999,41.337,94.9636,0,1.72566688E-05,8.987848E-08,0.000106811523,1.23163342,1.23162818,5.24520874E-06,0.774104357,0.7741034,9.536743E-07,1605,0,0,0
1703,49.511990703911565,577884064,578740123,578248388,1,1,0.0176,24.4023,24.4392,36.4324,85.6059,0,1.43173411E-05,7.45694848E-08,0.000122070313,-0.694835544,-0.6948397,4.172325E-06,0.332958251,0.332957327,9.23872E-07,1606,0,0,0
1704,49.534589903911566,578207328,578965902,578506470,1,1,0.014,22.7653,22.7961,29.9142,75.8574,0,1.47965111E-05,7.706516E-08,0.000106811523,1.78778672,1.78778648,2.38418579E-07,0.8566557,0.856655657,5.96046448E-08,1607,0,0,0
1705,49.556118003911564,578365668,579180559,578737705,1,1,0.0124,20.2633,20.2928,37.2037,81.4891,0,1.43715761E-05,7.485196E-08,9.15527344E-05,-3.36599088,-3.36598825,2.62260437E-06,0.03337541,0.03337549,8.195639E-08,1608,0,0,0
1706,49.580423803911557,578685936,579424439,578963449,1,1,0.0094,21.0436,21.0636,27.7513,73.8503,0,1.68225542E-05,8.761747E-08,0.000122070313,-1.63915825,-1.63915563,2.62260437E-06,0.162579641,0.16258,3.57627869E-07,1609,0,0,0
1707,49.602912803911565,578849967,579649023,579174750,1,1,0.0139,18.4421,18.4689,32.4783,79.9056,0,1.30735079E-05,6.809119E-08,0.000106811523,-0.647757053,-0.647755861,1.1920929E-06,0.34349516,0.343495429,2.682209E-07,1610,0,0,0
1708,49.629279503911562,579000074,579912777,579420177,1,1,0.0167,21.8281,21.8627,42.0103,91.2703,0,2.884995E-05,1.50260163E-07,0.0001296997,-4.226119,-4.226117,1.90734863E-06,0.0143986279,0.0143986549,2.70083547E-08,1611,0,0,0
1709,49.655597303911563,579323436,580176118,579643609,1,1,0.0343,20.2968,20.3481,32.0173,85.2682,0,1.35984355E-05,7.082519E-08,0.000106811523,-0.559860647,-0.559855461,5.185604E-06,0.3635797,0.3635809,1.22189522E-06,1611,0,0,0
1710,49.679206403911564,579479140,580412076,579908142,1,1,0.0217,22.8611,22.9075,42.9002,93.2936,0,1.25595616E-05,6.541438E-08,0.000106811523,3.5623343,3.56233215,2.14576721E-06,0.972410262,0.9724102,5.96046448E-08,1611,0,0,0
1711,49.705098903911562,579821070,580670638,580173194,1,1,0.0178,23.2319,23.2646,35.2124,84.9568,0,1.23859982E-05,6.451041E-08,7.62939453E-05,2.68762064,2.68762136,7.15255737E-07,0.936292231,0.936292231,0,1612,0,0,0
1714,49.781607503911559,580602552,581436112,580935331,1,1,0.0232,22.943,22.9978,33.2779,83.356,0,1.73908011E-05,9.057709E-08,0.00016784668,1.10809052,1.10809219,1.66893E-06,0.75177294,0.751773238,2.98023224E-07,1614,0,0,0
1715,49.805429603911563,580794692,581674312,581160406,1,1,0.0163,20.1604,20.1886,36.5714,87.962,0,1.27136755E-05,6.621706E-08,7.62939453E-05,4.1091404,4.109135,5.24520874E-06,0.983843446,0.9838433,1.1920929E-07,1615,0,0,0
1716,49.826980903911561,581092953,581889990,581433706,1,1,0.0111,23.2029,23.2266,34.0753,79.7037,0,1.37384595E-05,7.15544743E-08,8.392334E-05,1.37647831,1.37647331,5.00679E-06,0.79842484,0.798424,8.34465E-07,1616,0,0,0
1718,49.877646703911566,581565728,582396007,581887284,1,1,0.0273,19.4021,19.4612,32.1556,83.0279,0,1.46869E-05,7.649427E-08,0.000122070313,2.19062686,2.19062471,2.14576721E-06,0.899404645,0.899404466,1.78813934E-07,1618,0,0,0
1719,49.901282303911557,581723339,582632794,582148072,1,1,0.0228,22.9715,23.011,42.4733,90.9455,0,1.65053225E-05,8.596522E-08,0.000106811523,2.93604255,2.936049,6.43730164E-06,0.9495997,0.9496,2.98023224E-07,1618,0,0,0
1720,49.925014003911556,582043895,582870152,582389510,1,1,0.0228,21.4042,21.4508,34.5615,82.6257,0,1.63506829E-05,8.51598045E-08,9.918213E-05,1.40605187,1.40604722,4.64916229E-06,0.8031425,0.8031417,7.748604E-07,1619,0,0,0
1721,49.948037903911569,582206429,583100723,582627406,1,1,0.0173,19.981,20.0267,42.0977,89.4294,0,1.286949E-05,6.70285942E-08,0.000106811523,4.053671,4.0536685,2.38418579E-06,0.982937634,0.9829376,5.96046448E-08,1621,0,0,0
1722,49.972412003911558,582531609,583343964,583098491,1,1,0.0197,24.1344,24.1726,56.6882,81.2355,0,1.47578421E-05,7.686376E-08,0.000106811523,1.06026268,1.0602653,2.62260437E-06,0.74274075,0.7427412,4.76837158E-07,1622,0,0,0
1724,50.02172540391156,583007372,583837170,583336508,1,1,0.0097,21.9933,22.0146,32.9136,82.9798,0,1.39349786E-05,7.257801E-08,8.392334E-05,5.12993145,5.129934,2.38418579E-06,0.994117856,0.994117856,0,1623,0,0,0
1725,50.04743810391156,583171654,584094330,583625184,1,1,0.0194,25.6474,25.6865,45.353,92.2676,0,1.55691559E-05,8.10893539E-08,0.000122070313,-5.605651,-5.605652,9.536743E-07,0.00366355549,0.003663552,3.49245965E-09,1625,0,0,0
1726,50.072831103911568,583489314,584348262,583834174,1,1,0.0188,18.7512,18.7955,34.486,85.8948,0,1.4803416E-05,7.710113E-08,0.000106811523,-2.58913231,-2.58913922,6.914139E-06,0.06984113,0.06984068,4.54485416E-07,1625,0,0,0
1728,50.122006103911559,583976833,584840103,584344408,1,1,1.2183,22.6373,23.8753,36.7575,86.327,0,1.34456632E-05,7.002949E-08,9.15527344E-05,-0.470861435,-0.470858574,2.861023E-06,0.384412378,0.384413064,6.854534E-07,1628,0,0,0
1730,50.169943103911564,584448460,585319073,584836203,1,1,13.6428,9.5658,23.2264,38.7743,87.0613,0,1.54092122E-05,8.02563136E-08,9.918213E-05,-0.379432619,-0.379441023,8.404255E-06,0.406263739,0.406261742,1.9967556E-06,1630,0,0,0
1731,50.194854003911558,584763487,585568424,585078056,1,1,0.0119,21.7636,21.7944,31.4569,80.4937,0,1.55496618E-05,8.09878244E-08,0.0001373291,-0.815425158,-0.8154265,1.37090683E-06,0.306735635,0.306735337,2.98023224E-07,1630,0,0,0
1733,50.239695903911567,585245571,586016718,585564613,1,1,2.9717,20.1487,23.1346,31.9042,77.1147,0,1.30544358E-05,6.79918557E-08,9.918213E-05,1.93784308,1.93783617,6.914139E-06,0.874115,0.8741142,7.748604E-07,1633,0,0,0
1735,50.288874903911562,585724469,586508636,586012150,1,1,0.0116,19.3407,19.3635,28.7681,78.4167,0,1.37459747E-05,7.159362E-08,9.15527344E-05,0.433803618,0.433802962,6.556511E-07,0.606781542,0.6067814,1.1920929E-07,1634,0,0,0
1736,50.313752303911556,585885071,586757505,586278049,1,1,0.0268,23.3757,23.4194,39.2978,87.2434,0,1.15317262E-05,6.00610761E-08,7.62939453E-05,1.4831481,1.48314619,1.90734863E-06,0.8150476,0.8150473,2.98023224E-07,1636,0,0,0
1737,50.340077403911565,586220936,587020126,586502603,1,1,0.0147,20.6829,20.7164,28.1667,79.919,0,1.15877119E-05,6.035267E-08,7.62939453E-05,3.4498632,3.44986749,4.29153442E-06,0.9692271,0.9692272,1.1920929E-07,1637,0,0,0
1739,50.386310003911561,586687800,587483349,587012207,1,1,0.0115,23.9873,24.0093,32.4407,79.5549,0,1.39588219E-05,7.27022E-08,0.000122070313,6.645052,6.645051,9.536743E-07,0.9987013,0.9987013,0,1639,0,0,0
1740,50.414218903911561,586865855,587762278,587258346,1,1,0.0138,22.3721,22.4035,39.2491,89.6423,0,1.4128721E-05,7.358709E-08,9.15527344E-05,1.35971284,1.35971069,2.14576721E-06,0.795713,0.7957127,2.98023224E-07,1640,0,0,0
1741,50.437449503911566,587005291,587994615,587481498,1,1,0.0144,21.2563,21.282,47.6207,98.9324,0,1.40627217E-05,7.324334E-08,0.000106811523,-1.18437517,-1.18437409,1.07288361E-06,0.234266445,0.234266639,1.937151E-07,1641,0,0,0
1742,50.460678503911566,587334632,588226689,587758040,1,1,0.0194,21.3559,21.3911,42.3408,89.2057,0,1.79810959E-05,9.365154E-08,0.000106811523,2.45655847,2.45655346,5.00679E-06,0.92103976,0.9210394,3.57627869E-07,1642,0,0,0
1743,50.485041603911569,587662768,588470028,587991150,1,1,0.0156,19.8156,19.8442,32.8382,80.726,0,1.55200269E-05,8.083347E-08,9.15527344E-05,-2.5971148,-2.59711123,3.57627869E-06,0.0693243444,0.06932457,2.23517418E-07,1642,0,0,0
1744,50.510122603911569,587802816,588721309,588223113,1,1,0.0134,21.7319,21.7603,42.0297,91.8493,0,1.34019756E-05,6.98019562E-08,0.0001373291,0.976786,0.976789951,3.93390656E-06,0.72647,0.7264708,8.34465E-07,1643,0,0,0
1745,50.533440203911567,588125138,588954474,588460552,1,1,0.0138,21.6523,21.6809,33.5414,82.9336,0,1.30237586E-05,6.7832076E-08,8.392334E-05,1.75669718,1.75670242,5.24520874E-06,0.852795541,0.8527962,6.556511E-07,1645,0,0,0
1746,50.557668303911569,588286270,589196616,588952685,1,1,0.0108,34.2785,34.3075,66.6415,91.0346,0,1.24800763E-05,6.50004E-08,9.15527344E-05,3.2880156,3.28800964,5.96046448E-06,0.964015365,0.9640152,1.78813934E-07,1646,0,0,0
1747,50.586919103911569,588606809,589489030,589194530,1,1,10.5802,11.8961,22.4909,58.7721,88.2221,0,1.14929835E-05,5.985929E-08,9.918213E-05,2.04709125,2.04709172,4.76837158E-07,0.8856534,0.885653436,5.96046448E-08,1646,0,0,0
1749,50.641591803911567,589093252,590035744,589484252,1,1,0.0114,26.3385,26.3595,39.1,94.2492,0,1.34823558E-05,7.02206E-08,0.000106811523,2.57501483,2.57501817,3.33786E-06,0.9292362,0.9292364,2.38418579E-07,1649,0,0,0
1750,50.669848703911569,589434481,590318792,590031164,1,1,0.02,51.1965,51.2316,59.6683,88.4311,0,1.30287281E-05,6.785796E-08,0.000106811523,1.71928191,1.71927845,3.4570694E-06,0.848036349,0.8480359,4.76837158E-07,1649,0,0,0
1752,50.72693410391156,589908521,590889292,590315471,1,1,23.8351,2.6426,26.5068,40.695,98.0771,0,1.25565257E-05,6.53985737E-08,9.15527344E-05,5.03523731,5.0352335,3.81469727E-06,0.993537366,0.993537366,0,1652,0,0,0
1753,50.753024003911563,590220104,591150190,590885075,1,1,0.0228,41.5565,41.6051,66.4971,93.0086,0,1.468538E-05,7.648635E-08,0.000122070313,-3.1796267,-3.179634,7.390976E-06,0.0399396457,0.0399393626,2.83122063E-07,1653,0,0,0
1755,50.819412703911567,590849266,591813951,591147380,1,1,16.9743,6.318,23.3187,29.8114,96.4685,0,1.206941E-05,6.286151E-08,8.392334E-05,1.14493942,1.14493859,8.34465E-07,0.758585334,0.7585852,1.1920929E-07,1654,0,0,0
1756,50.846183903911566,591026283,592081839,591450354,1,1,0.0144,26.9029,26.932,42.4071,105.5556,0,1.1785959E-05,6.13852E-08,8.392334E-05,4.913433,4.913431,1.90734863E-06,0.992706358,0.992706358,0,1655,0,0,0
1757,50.874966003911567,591360971,592369684,592077383,1,1,0.0183,34.1333,34.1624,71.6412,100.8713,0,1.2688819E-05,6.60876E-08,0.0001373291,2.96721673,2.96721959,2.861023E-06,0.9510709,0.951071,1.1920929E-07,1656,0,0,0
1758,50.908197403911558,591658933,592702025,592366316,1,1,0.0146,49.0156,49.0509,70.7383,104.3092,0,1.2663535E-05,6.595591E-08,9.15527344E-05,5.11222267,5.112218,4.76837158E-06,0.994013369,0.994013369,0,1658,0,0,0
1759,50.939813403911558,591961750,593018029,592698759,1,1,23.9875,13.7688,37.7692,73.7009,105.6279,0,1.39897656E-05,7.28633651E-08,0.000122070313,2.48721361,2.487214,4.76837158E-07,0.9232406,0.9232406,0,1658,0,0,0
1761,51.00139850391156,592614677,593634209,593014561,1,1,5.4675,24.6912,30.1802,39.9884,101.9532,0,1.40288012E-05,7.306667E-08,0.000106811523,0.4276178,0.427616715,1.07288361E-06,0.605304658,0.6053044,2.38418579E-07,1661,0,0,0
1763,51.062642103911557,593250226,594245044,593631767,1,1,12.164,13.9624,26.1487,38.1541,99.4818,0,1.52012226E-05,7.91730344E-08,0.000122070313,-1.80498445,-1.80499053,6.07967377E-06,0.1412454,0.14124465,7.4505806E-07,1663,0,0,0
1764,51.088483103911557,593574958,594505187,593869188,1,1,0.0123,20.2037,20.228,29.423,93.0229,0,1.32156E-05,6.883125E-08,9.15527344E-05,3.24231243,3.242307,5.48362732E-06,0.9623959,0.962395668,2.38418579E-07,1664,0,0,0
1765,51.120331903911563,593757263,594822990,594230728,1,1,0.0229,30.7173,30.7581,47.3465,106.5727,0,1.37828156E-05,7.17855E-08,9.15527344E-05,-0.7834207,-0.7834134,7.27176666E-06,0.313583136,0.3135847,1.54972076E-06,1665,0,0,0
1766,51.147970403911557,594056386,595099758,594503264,1,1,0.0194,20.8557,20.9031,44.6878,104.3372,0,1.50341357E-05,7.830279E-08,0.000106811523,2.03336549,2.03335857,6.914139E-06,0.884255946,0.88425523,7.15255737E-07,1665,0,0,0
1767,51.186057903911561,594376909,595480273,594817704,1,1,0.0141,27.0265,27.0597,44.0795,110.3364,0,1.305442E-05,6.799177E-08,9.15527344E-05,3.94177842,3.94177985,1.43051147E-06,0.9809561,0.9809561,0,1667,0,0,0
1768,51.212802903911566,594737712,595748068,595096354,1,1,0.028,23.4067,23.4518,35.8642,101.0356,0,1.12547705E-05,5.86185962E-08,8.392334E-05,5.36698151,5.36698437,2.861023E-06,0.99535346,0.9953535,5.96046448E-08,1668,0,0,0
1770,51.258228703911556,595343177,596202613,595742756,1,1,0.5686,24.0248,24.61,39.9579,85.9436,0,1.46885859E-05,7.650305E-08,9.15527344E-05,3.24006462,3.24006557,9.536743E-07,0.9623144,0.9623145,5.96046448E-08,1669,0,0,0
1771,51.287829703911569,595491979,596498303,595960902,1,1,0.0098,19.8271,19.8537,46.8923,100.6324,0,1.353728E-05,7.05066654E-08,0.000106811523,8.355643,8.355632,1.14440918E-05,0.999765,0.999765,0,1671,0,0,0
1772,51.313483103911565,595830956,596754975,596200750,1,1,0.0147,20.3917,20.4168,36.9794,92.4019,0,1.39568583E-05,7.269197E-08,0.000106811523,4.11243534,4.11243153,3.81469727E-06,0.9838957,0.983895659,5.96046448E-08,1672,0,0,0
1774,51.366466203911557,596447581,597284829,596752744,1,1,0.9525,21.8256,22.7976,30.5163,83.7248,0,1.28164129E-05,6.675215E-08,9.15527344E-05,0.425450623,0.425448656,1.96695328E-06,0.6047868,0.604786336,4.76837158E-07,1674,0,0,0
1775,51.389973603911557,596625775,597519625,597032354,1,1,0.0102,25.2919,25.3109,40.6579,89.385,0,1.42342387E-05,7.413666E-08,0.000106811523,2.30113,2.30112052,9.536743E-06,0.9089706,0.9089698,7.748604E-07,1675,0,0,0
1776,51.414643603911557,596934430,597766705,597282339,1,1,0.0097,23.9133,23.9333,34.7909,83.2275,0,1.36943108E-05,7.13245356E-08,0.000106811523,2.33950138,2.3395,1.43051147E-06,0.912096143,0.912096,1.1920929E-07,1676,0,0,0
1777,51.436977403911555,597249897,597990135,597515742,1,1,0.0092,20.3065,20.325,26.5845,74.0238,0,1.93919186E-05,1.00999578E-07,0.000106811523,-1.58594143,-1.58593643,5.00679E-06,0.169955671,0.169956386,7.15255737E-07,1677,0,0,0
1778,51.462856603911561,597407941,598248567,597763997,1,1,0.0151,21.2505,21.283,35.6056,84.0626,0,1.33004542E-05,6.92732E-08,0.000106811523,3.35522842,3.355224,4.529953E-06,0.966275632,0.966275454,1.78813934E-07,1677,0,0,0
1780,51.510795503911567,597896231,598728165,598246151,1,1,0.0126,23.5642,23.587,34.992,83.1934,0,1.23007176E-05,6.4066235E-08,0.000122070313,-0.108525425,-0.108528674,3.24845314E-06,0.472895235,0.47289443,8.046627E-07,1678,0,0,0
1782,51.564220603911565,598364096,599262257,599030051,1,1,0.0182,20.7733,20.8073,66.5955,89.8161,0,1.265097E-05,6.589047E-08,8.392334E-05,3.78571153,3.78570724,4.29153442E-06,0.9778108,0.97781074,5.96046448E-08,1680,0,0,0
1783,51.589508603911568,598700530,599515156,599260352,1,1,0.0152,36.894,36.9172,55.9822,81.4626,0,1.83553511E-05,9.560079E-08,0.000114440918,0.588005543,0.588003635,1.90734863E-06,0.6429074,0.642906964,4.172325E-07,1682,0,0,0
1784,51.615138003911568,599009697,599771528,599512493,1,1,8.1297,14.5055,22.6548,50.2796,76.1831,0,1.52605317E-05,7.94819357E-08,0.000122070313,-0.66622293,-0.666226149,3.21865082E-06,0.3393431,0.3393424,7.15255737E-07,1682,0,0,0
1786,51.662399203911562,599324922,600244194,599768797,1,1,20.8944,2.7845,23.7062,44.3875,91.9272,0,1.60287254E-05,8.3482945E-08,0.0001296997,-2.71204185,-2.7120297,1.21593475E-05,0.06226652,0.06226723,7.07805157E-07,1684,0,0,0
1788,51.714698303911561,599804332,600766977,600241578,1,1,0.0138,23.6829,23.708,43.7246,96.2645,0,1.13361848E-05,5.904263E-08,8.392334E-05,1.83179975,1.83180368,3.93390656E-06,0.861975968,0.861976445,4.76837158E-07,1687,0,0,0
1790,51.767285103911561,600447297,601292798,600765609,1,1,4.1387,18.0746,22.227,31.8312,84.5501,0,1.11212348E-05,5.79231E-08,9.15527344E-05,1.47281551,1.47280729,8.225441E-06,0.813484967,0.8134837,1.25169754E-06,1689,0,0,0
1791,51.795239703911562,600609680,601572420,601026348,1,1,0.0107,23.6432,23.6643,41.6668,96.274,0,1.42242625E-05,7.40847E-08,9.15527344E-05,0.685598254,0.6856002,1.96695328E-06,0.664987,0.664987445,4.172325E-07,1690,0,0,0
1792,51.822500003911557,600934011,601844957,601289148,1,1,0.0186,21.5102,21.5484,35.5137,91.0946,0,1.22973606E-05,6.40487556E-08,0.000106811523,2.79933333,2.79933858,5.24520874E-06,0.942639768,0.942640066,2.98023224E-07,1691,0,0,0
1793,51.847089803911558,601248957,602091004,601568765,1,1,0.0237,22.1265,22.1695,31.9808,84.2047,0,1.3402353E-05,6.98039244E-08,9.15527344E-05,3.23248172,3.23248386,2.14576721E-06,0.9620385,0.9620386,5.96046448E-08,1692,0,0,0
1794,51.876884003911556,601417225,602388618,601837420,1,1,0.022,23.0554,23.091,42.0195,97.1393,0,1.32288878E-05,6.89004551E-08,0.000106811523,-0.8474728,-0.8474802,7.390976E-06,0.299963266,0.299961716,1.54972076E-06,1692,0,0,0
1795,51.901049303911563,601726758,602630568,602086959,1,1,0.0154,22.5824,22.6166,36.0201,90.381,0,1.32652649E-05,6.908992E-08,0.000106811523,2.37492061,2.37491584,4.76837158E-06,0.91489476,0.9148944,3.57627869E-07,1694,0,0,0
1796,51.926162403911562,602061539,602881666,602383023,1,1,0.017,22.2203,22.2483,32.1484,82.0127,0,1.27537087E-05,6.64255637E-08,9.15527344E-05,1.71041536,1.71041429,1.07288361E-06,0.846890152,0.846890032,1.1920929E-07,1695,0,0,0
1798,51.978594803911562,602526113,603405682,602876653,1,1,0.0103,22.091,22.1123,35.054,87.9569,0,1.36110457E-05,7.089086E-08,9.15527344E-05,-1.19373393,-1.19373226,1.66893E-06,0.2325918,0.232592091,2.98023224E-07,1697,0,0,0
1799,51.998382603911566,602684285,603604073,603157301,1,1,0.0161,24.3994,24.4301,47.3016,91.9788,0,1.41265982E-05,7.357603E-08,0.000106811523,-0.202945828,-0.202941358,4.47034836E-06,0.449436963,0.449438065,1.10268593E-06,1698,0,0,0
1801,52.049907603911564,603326845,604119222,603601319,1,1,7.3995,10.9855,18.4082,27.4474,79.2377,0,1.34656293E-05,7.013349E-08,0.000106811523,1.93914747,1.93914533,2.14576721E-06,0.874258459,0.8742582,2.38418579E-07,1700,0,0,0
1802,52.073823503911569,603488955,604358402,603899560,1,1,0.014,27.399,27.4273,41.0605,86.9447,0,1.30475219E-05,6.79558454E-08,0.000106811523,1.7923286,1.79232788,7.15255737E-07,0.857212543,0.8572124,1.1920929E-07,1700,0,0,0
1803,52.09642720391156,603810687,604584106,604116617,1,1,0.0342,20.0788,20.1349,30.593,77.3419,0,1.5202193E-05,7.91780863E-08,0.000122070313,0.34506166,0.34506,1.66893E-06,0.585419536,0.5854191,4.172325E-07,1702,0,0,0
1804,52.121397503911567,603969181,604834172,604355259,1,1,0.0166,20.8722,20.9058,38.6078,86.4991,0,1.34078609E-05,6.983261E-08,0.000106811523,-2.10704565,-2.10704041,5.24520874E-06,0.108413905,0.108414412,5.066395E-07,1703,0,0,0
1806,52.16766270391156,604447658,605296452,604830325,1,1,3.4841,19.6365,23.1397,38.2667,84.8794,0,1.34598431E-05,7.010335E-08,9.15527344E-05,-1.48163033,-1.48163176,1.43051147E-06,0.18518129,0.185181081,2.08616257E-07,1704,0,0,0
1807,52.193301003911557,604773173,605553179,605055146,1,1,0.0152,20.926,20.9546,28.1973,78.0006,0,1.37010338E-05,7.135955E-08,0.000106811523,2.62460852,2.62461376,5.24520874E-06,0.932428658,0.932428956,2.98023224E-07,1705,0,0,0
1808,52.218407103911559,604926422,605804408,605293964,1,1,0.0157,21.8738,21.9059,36.7542,87.7986,0,1.42597237E-05,7.42693942E-08,0.000106811523,1.18293047,1.18293417,3.695488E-06,0.7654743,0.765475,6.556511E-07,1706,0,0,0
1810,52.273777303911558,605417829,606357886,605801871,1,1,0.0272,22.8665,22.9165,38.4042,94.0057,0,1.24006956E-05,6.45869562E-08,7.62939453E-05,2.89752388,2.897523,9.536743E-07,0.9477239,0.947723866,5.96046448E-08,1708,0,0,0
1811,52.293745103911562,605730247,606557355,606015018,1,1,0.0105,19.6951,19.7194,28.4771,82.7108,0,1.34374613E-05,6.99867755E-08,9.15527344E-05,3.25912523,3.25912118,4.053116E-06,0.962999642,0.962999463,1.78813934E-07,1709,0,0,0
1812,52.321640003911568,605894433,606836583,606354203,1,1,0.0175,26.4682,26.4978,45.977,94.215,0,1.37861953E-05,7.18031E-08,0.0001296997,0.60642314,0.6064234,2.38418579E-07,0.6471244,0.6471245,1.1920929E-07,1710,0,0,0
1813,52.345770503911567,606216305,607078089,606552539,1,1,0.0175,17.463,17.4974,33.6234,86.1784,0,1.39088015E-05,7.244167E-08,9.15527344E-05,1.57472038,1.57471788,2.503395E-06,0.8284555,0.82845515,3.57627869E-07,1710,0,0,0
1814,52.372914103911569,606362217,607349466,606828965,1,1,0.012,22.3948,22.4245,46.6748,98.7249,0,1.45838749E-05,7.595768E-08,0.000122070313,1.110937,1.11093974,2.74181366E-06,0.7523038,0.752304256,4.76837158E-07,1711,0,0,0
1815,52.399402903911565,606704179,607614252,607075903,1,1,0.0314,21.6979,21.7453,37.1724,91.0073,0,1.38093328E-05,7.192361E-08,0.000106811523,3.23654747,3.23653483,1.26361847E-05,0.9621867,0.9621862,4.76837158E-07,1712,0,0,0
1816,52.425520703911559,607025341,607874972,607610027,1,1,0.0163,28.8447,28.8736,58.4686,84.9631,0,1.34175652E-05,6.988315E-08,0.000106811523,-5.29704857,-5.297049,4.76837158E-07,0.00498140929,0.004981407,2.32830644E-09,1713,0,0,0
1819,52.497980503911563,607807459,608599698,608127153,1,1,0.0156,23.3096,23.3443,31.9694,79.2239,0,1.28869679E-05,6.711962E-08,7.62939453E-05,2.299667,2.29966927,2.38418579E-06,0.9088494,0.908849657,2.38418579E-07,1715,0,0,0
1820,52.52354700391156,607983271,608855677,608374800,1,1,0.0226,23.2223,23.2604,39.1529,87.2406,0,1.29609853E-05,6.75051339E-08,0.0001373291,3.46866322,3.46865988,3.33786E-06,0.9697829,0.96978277,1.1920929E-07,1715,0,0,0
1821,52.547299603911569,608292614,609093353,608852882,1,1,0.0089,26.3036,26.3238,56.0268,80.0739,0,1.2602477E-05,6.56379E-08,8.392334E-05,3.04297924,3.04298329,4.053116E-06,0.954478443,0.9544786,1.78813934E-07,1716,0,0,0
1823,52.595717903911563,608777936,609577360,609316047,1,1,0.0142,23.416,23.4417,53.8111,79.9424,0,1.44689111E-05,7.535891E-08,0.000122070313,-0.794513,-0.794512868,1.1920929E-07,0.31120047,0.3112005,2.98023224E-08,1719,0,0,0
1825,52.644173603911568,609259284,610061838,609574472,1,1,0.0141,23.2778,23.3005,31.5188,80.2554,0,1.35602995E-05,7.062656E-08,7.62939453E-05,0.489602685,0.4895988,3.874302E-06,0.6200128,0.6200119,8.940697E-07,1721,0,0,0
1826,52.665323903911556,609412585,610273364,609772500,1,1,0.0097,18.6545,18.6731,35.9915,86.0779,0,1.29327755E-05,6.735821E-08,9.15527344E-05,2.85704064,2.857034,6.67572E-06,0.9456815,0.945681155,3.57627869E-07,1722,0,0,0
1827,52.697837103911567,609735091,610566992,610060092,1,1,0.019,24.7464,24.7814,32.5001,83.1901,0,2.05084416E-05,1.068148E-07,0.0001373291,-0.2370651,-0.237064362,7.4505806E-07,0.44100973,0.4410099,1.78813934E-07,1723,0,0,0
1828,52.722348603911556,609894137,610843646,610269080,1,1,0.0131,19.8209,19.8482,37.4943,94.9509,0,1.34081E-05,6.983385E-08,9.918213E-05,0.412876725,0.412867725,9.000301E-06,0.601777434,0.6017753,2.14576721E-06,1724,0,0,0
1829,52.754454303911558,610214236,611164734,610563221,1,1,0.0142,27.0306,27.059,34.8985,95.0498,0,1.40067568E-05,7.29518561E-08,0.000122070313,-1.15642548,-1.15642238,3.09944153E-06,0.2393174,0.239317968,5.662441E-07,1724,0,0,0
1830,52.77460380391156,610386682,611366431,610840445,1,1,0.0164,22.8263,22.8633,45.3763,97.9749,0,1.30882318E-05,6.816787E-08,0.000106811523,0.6864743,0.6864741,2.38418579E-07,0.6651822,0.6651821,5.96046448E-08,1726,0,0,0
1831,52.801394603911561,610705806,611633819,611160990,1,1,0.0194,26.4867,26.5203,45.5184,92.8013,0,1.427061E-05,7.43260955E-08,0.000106811523,-0.574409962,-0.5744157,5.722046E-06,0.360219866,0.360218555,1.31130219E-06,1727,0,0,0
1833,52.850471903911568,611333733,612124787,611628239,1,1,0.0148,23.5664,23.5924,29.4506,79.1054,0,1.14736577E-05,5.97586336E-08,7.62939453E-05,2.14540839,2.14540553,2.861023E-06,0.895238936,0.895238638,2.98023224E-07,1728,0,0,0
1834,52.875869503911559,611489959,612378533,611871586,1,1,0.0192,22.4952,22.5368,38.1627,88.8574,0,1.24270791E-05,6.472437E-08,7.62939453E-05,2.811998,2.81199932,1.43051147E-06,0.943320751,0.9433208,5.96046448E-08,1730,0,0,0
1835,52.898658203911566,611804814,612606635,612121737,1,1,0.0096,23.1168,23.1387,31.6923,80.1821,0,1.35061418E-05,7.034449E-08,0.000106811523,1.11024952,1.11025262,3.09944153E-06,0.7521756,0.7521762,5.96046448E-07,1731,0,0,0
1837,52.94983810391156,612299151,613118694,612604061,1,1,0.0093,21.6508,21.6718,30.491,81.9543,0,1.30073968E-05,6.774686E-08,9.15527344E-05,0.615021,0.615020633,3.57627869E-07,0.6490853,0.6490852,5.96046448E-08,1732,0,0,0
1838,52.973709603911558,612452550,613357448,612884692,1,1,0.0161,26.369,26.4023,43.2142,90.4898,0,1.32550076E-05,6.90364956E-08,0.000122070313,1.32922888,1.32923007,1.1920929E-06,0.7907131,0.790713251,1.78813934E-07,1734,0,0,0
1839,53.002662003911567,612606564,613646442,613354330,1,1,0.0121,22.5203,22.5477,74.7766,103.9878,0,1.62512024E-05,8.464168E-08,0.000106811523,0.36224997,0.362245858,4.11272049E-06,0.589585,0.589584,1.013279E-06,1735,0,0,0
1841,53.051945703911557,613254371,614139416,613641266,1,1,0.0132,26.7331,26.7573,38.6895,88.5045,0,1.39239628E-05,7.252064E-08,0.000106811523,1.26821911,1.26822829,9.179115E-06,0.780437768,0.7804393,1.54972076E-06,1736,0,0,0
1842,53.077052403911566,613573367,614390410,613870535,1,1,0.009,21.0253,21.0457,29.7168,81.7043,0,1.31599545E-05,6.854143E-08,0.000106811523,-0.0422822237,-0.0422759652,6.2584877E-06,0.489431024,0.4894326,1.57952309E-06,1737,0,0,0
1843,53.100799203911563,613730656,614628376,614135264,1,1,0.0191,24.1964,24.2292,40.4608,89.772,0,1.7095057E-05,8.903675E-08,9.15527344E-05,-1.52236438,-1.52237332,8.940697E-06,0.179113612,0.1791123,1.31130219E-06,1738,0,0,0
1844,53.126668003911561,614045135,614887018,614626498,1,1,0.0171,25.9866,26.021,58.1363,84.1883,0,1.49488633E-05,7.78586653E-08,9.15527344E-05,-4.18043852,-4.18044472,6.198883E-06,0.0150614837,0.0150613915,9.22009349E-08,1738,0,0,0
1846,53.176606803911568,614525171,615386107,614883608,1,1,0.0148,22.9857,23.0107,35.8437,86.0936,0,1.14673749E-05,5.972591E-08,9.15527344E-05,6.00354767,6.00355148,3.81469727E-06,0.9975361,0.9975361,0,1740,0,0,0
1847,53.200673703911562,614848477,615624056,615382046,1,1,0.0092,26.681,26.6999,53.3569,77.5579,0,1.28477141E-05,6.691518E-08,8.392334E-05,1.69321632,1.69321513,1.1920929E-06,0.8446467,0.8446465,1.78813934E-07,1741,0,0,0
1848,53.22188750391156,615007050,615838604,615619995,1,1,2.7363,29.2418,31.9942,61.2945,83.1554,0,1.46959892E-05,7.654161E-08,9.918213E-05,1.26918268,1.26918507,2.38418579E-06,0.7806028,0.78060323,4.172325E-07,1743,0,0,0
1849,53.246695903911558,615326652,616086927,615833510,1,1,5.7446,17.0473,22.8124,50.6858,76.0275,0,1.46048251E-05,7.60668E-08,0.000122070313,1.388731,1.38873315,2.14576721E-06,0.8003896,0.800389946,3.57627869E-07,1744,0,0,0
1851,53.295562203911558,615648020,616575475,616083990,1,1,21.0541,1.2173,22.28,43.597,92.7455,0,1.3231127E-05,6.891212E-08,9.15527344E-05,8.928471,8.92847252,1.90734863E-06,0.999867439,0.999867439,0,1746,0,0,0
1852,53.321094503911567,615965920,616830503,616280725,1,1,0.0063,18.2413,18.2575,31.4805,86.4583,0,1.4079209E-05,7.332921E-08,0.000122070313,3.71137261,3.71138072,8.106232E-06,0.9761393,0.9761395,1.78813934E-07,1747,0,0,0
1853,53.34486340391156,616126003,617068992,616570421,1,1,0.0171,15.7251,15.7556,44.4418,94.2989,0,1.35938253E-05,7.080117E-08,0.000122070313,8.111377,8.111375,1.90734863E-06,0.9997,0.9997,0,1748,0,0,0
1854,53.373246903911564,616447578,617352432,616823691,1,1,0.017,23.2635,23.2949,37.6113,90.4854,0,1.46435113E-05,7.62682859E-08,9.15527344E-05,3.694342,3.69434357,1.66893E-06,0.9757394,0.9757394,0,1749,0,0,0
1855,53.392922503911564,616760953,617549602,617067119,1,1,0.0183,21.6912,21.7219,30.6166,78.8649,0,1.3869967E-05,7.223941E-08,9.918213E-05,0.6699954,0.6699947,7.15255737E-07,0.6615021,0.661501944,1.78813934E-07,1750,0,0,0
1856,53.423775903911562,616943182,617857515,617350067,1,1,0.0171,24.4264,24.4579,40.6885,91.4333,0,1.3334934E-05,6.945278E-08,9.15527344E-05,3.03246975,3.03246355,6.198883E-06,0.9540196,0.954019368,2.38418579E-07,1750,0,0,0
1858,53.472363503911566,617405940,618343578,617851684,1,1,0.0187,25.3429,25.3741,44.5744,93.7638,0,1.49083453E-05,7.76476341E-08,0.000106811523,1.66038036,1.66038239,2.026558E-06,0.840289056,0.8402893,2.38418579E-07,1753,0,0,0
1860,53.523847603911562,618043844,618858852,618338449,1,1,3.8091,18.2703,22.0923,29.4605,81.5008,0,1.40329139E-05,7.30880956E-08,0.000152587891,4.476803,4.476811,8.106232E-06,0.9887581,0.9887582,1.1920929E-07,1755,0,0,0
1861,53.549321603911565,618222351,619113272,618592394,1,1,0.0132,22.9822,23.0101,37.0043,89.0921,0,1.40466154E-05,7.31594554E-08,0.000122070313,0.435069263,0.4350698,5.364418E-07,0.6070835,0.6070836,1.1920929E-07,1756,0,0,0
1863,53.599836703911564,618843310,619617798,619109958,1,1,0.0109,24.0242,24.0451,26.6648,77.4488,0,1.38628084E-05,7.220213E-08,9.918213E-05,-0.439154029,-0.439154744,7.15255737E-07,0.391942561,0.391942382,1.78813934E-07,1758,0,0,0
1864,53.622196003911569,619010005,619842283,619321747,1,1,0.0105,19.3075,19.3293,31.1742,83.2278,0,1.45154636E-05,7.560137E-08,0.000122070313,3.60560346,3.60560513,1.66893E-06,0.9735477,0.973547757,5.96046448E-08,1758,0,0,0
1865,53.645322203911562,619167268,620073047,619612694,1,1,0.0126,24.8677,24.8988,44.5426,90.5779,0,1.33064123E-05,6.930423E-08,0.000114440918,4.635602,4.63560057,1.43051147E-06,0.9903929,0.9903929,0,1760,0,0,0
1866,53.672446303911556,619503265,620344136,619839217,1,1,0.0215,20.5042,20.5429,33.5952,84.0871,0,1.37147517E-05,7.14309962E-08,0.000106811523,3.47094536,3.470943,2.38418579E-06,0.969849646,0.9698496,5.96046448E-08,1760,0,0,0
1868,53.726916903911558,619969494,620888859,620339069,1,1,0.015,24.638,24.665,36.9575,91.9365,0,1.36119352E-05,7.08954957E-08,7.62939453E-05,2.675756,2.67575216,3.81469727E-06,0.9355808,0.9355806,1.78813934E-07,1763,0,0,0
1869,53.755982303911566,620283999,621180106,620884905,1,1,0.0106,22.6301,22.6522,60.0906,89.6107,0,1.53521887E-05,7.99593138E-08,0.000106811523,4.23539162,4.23539448,2.861023E-06,0.9857324,0.985732436,5.96046448E-08,1764,0,0,0
1871,53.805539303911559,620788130,621675646,621176572,1,1,0.8321,26.6532,27.4981,38.8442,88.7516,0,1.49905763E-05,7.807592E-08,9.15527344E-05,4.491931,4.49192524,5.722046E-06,0.98892504,0.988925,5.96046448E-08,1765,0,0,0
1872,53.828592203911569,621090780,621906162,621428828,1,1,0.0107,23.882,23.9041,33.8048,81.5382,0,1.471689E-05,7.665047E-08,0.000106811523,7.343199,7.343199,0,0.999353468,0.999353468,0,1766,0,0,0
1874,53.880375503911566,621567383,622424050,621900741,1,1,0.0144,19.9163,19.9431,33.3358,85.6667,0,1.43864227E-05,7.492928E-08,9.15527344E-05,6.11946869,6.119466,2.861023E-06,0.9978052,0.9978052,0,1768,0,0,0
1875,53.905979303911565,621726683,622680029,622160353,1,1,0.0101,24.0664,24.0864,43.367,95.3346,0,1.44032647E-05,7.50170059E-08,9.918213E-05,8.978172,8.978174,1.90734863E-06,0.9998739,0.9998739,0,1768,0,0,0
1876,53.933157603911567,622046953,622951789,622422092,1,1,0.019,25.3308,25.3634,37.5139,90.4836,0,1.39932836E-05,7.288168E-08,0.000122070313,5.81639957,5.816393,6.67572E-06,0.997030556,0.9970305,5.96046448E-08,1770,0,0,0
1877,53.955867903911567,622377353,623178708,622673987,1,1,0.0154,22.8671,22.8975,29.6634,80.1355,0,1.4067793E-05,7.326975E-08,9.918213E-05,8.10187149,8.101872,9.536743E-07,0.999697149,0.999697149,0,1771,0,0,0
1879,54.010589203911564,622864469,623726111,623176025,1,1,0.0105,21.6916,21.7123,31.1556,86.1642,0,1.46360608E-05,7.622948E-08,0.000122070313,8.334323,8.334312,1.04904175E-05,0.9997599,0.9997599,0,1772,0,0,0
1880,54.033626603911557,623008710,623956157,623446178,1,1,0.0084,25.4061,25.4235,43.7468,94.7447,0,1.41805122E-05,7.385683E-08,0.000106811523,5.9972744,5.99727345,9.536743E-07,0.9975206,0.9975206,0,1773,0,0,0
1881,54.058970803911564,623349428,624210011,623951556,1,1,0.0185,34.6574,34.6968,60.2128,86.0583,0,1.5058421E-05,7.84292737E-08,0.000122070313,7.94265652,7.94265461,1.90734863E-06,0.9996449,0.9996449,0,1774,0,0,0
1883,54.10843390391156,623810738,624704630,624207583,1,1,0.0256,23.4561,23.5017,39.6845,89.3892,0,1.32709274E-05,6.9119416E-08,0.0001373291,8.063271,8.063258,1.23977661E-05,0.9996852,0.9996852,0,1776,0,0,0
1885,54.159697603911567,624285208,625216804,624702130,1,1,0.0117,25.2466,25.2707,41.6922,93.1596,0,1.39141785E-05,7.246968E-08,0.000106811523,9.88976,9.889751,8.583069E-06,0.999949336,0.999949336,0,1778,0,0,0
1886,54.186122003911564,624621557,625481569,624949130,1,1,0.0091,22.7305,22.7513,32.7573,86.0012,0,1.329662E-05,6.92532254E-08,9.15527344E-05,7.689413,7.689417,3.81469727E-06,0.999542534,0.9995426,5.96046448E-08,1779,0,0,0
1888,54.226878203911568,625094057,625888937,625478813,1,1,11.9746,12.811,24.8148,38.4756,79.488,0,1.36982762E-05,7.134519E-08,0.000122070313,5.36192226,5.36192274,4.76837158E-07,0.995330036,0.995330036,0,1780,0,0,0
1889,54.250581603911556,625414807,626125751,625672806,1,1,0.0086,18.0034,18.0221,25.7999,71.0944,0,1.535335E-05,7.996536E-08,0.0001296997,6.009594,6.009591,2.861023E-06,0.9975509,0.9975509,0,1781,0,0,0
1892,54.329176403911561,626052375,626911705,626402497,1,1,0.0151,22.9246,22.9527,35.0122,85.933,0,1.32906234E-05,6.9222E-08,9.15527344E-05,6.16554356,6.16553974,3.81469727E-06,0.9979038,0.9979038,0,1784,0,0,0
1893,54.352624303911568,626210860,627146618,626650633,1,1,0.0124,23.4437,23.4689,43.9773,93.5758,0,1.45816457E-05,7.594607E-08,0.000122070313,8.340131,8.340135,3.81469727E-06,0.999761343,0.999761343,0,1785,0,0,0
1894,54.381550403911561,626532805,627435843,626907987,1,1,0.0146,23.4907,23.5228,37.5182,90.3038,0,1.39092044E-05,7.24437754E-08,0.000122070313,6.15452862,6.15452337,5.24520874E-06,0.997880638,0.997880638,0,1786,0,0,0
1895,54.406065103911558,626857338,627680997,627144338,1,1,0.0129,21.5229,21.5587,28.7,82.3659,0,1.44041851E-05,7.5021795E-08,9.15527344E-05,6.738806,6.738804,1.90734863E-06,0.9988173,0.9988173,0,1786,0,0,0
1896,54.433359203911564,627026585,627953290,627432882,1,1,0.0218,22.5084,22.5486,40.6297,92.6705,0,1.29938444E-05,6.76762753E-08,9.15527344E-05,10.17603,10.1760283,1.90734863E-06,0.9999619,0.9999619,0,1788,0,0,0
1897,54.457534303911558,627346890,628194773,627678932,1,1,0.0135,18.9541,18.9854,33.2042,84.7883,0,1.37163825E-05,7.14394943E-08,0.0001373291,11.4412231,11.4412079,1.52587891E-05,0.9999893,0.9999893,0,1789,0,0,0
1899,54.504034703911557,627806842,628660357,628188474,1,1,4.8813,16.5222,21.4155,38.1632,85.3515,0,1.37506559E-05,7.1618E-08,0.000106811523,8.266379,8.266378,9.536743E-07,0.999743044,0.999743044,0,1791,0,0,0
1900,54.526397303911565,628139530,628884009,628435820,1,1,0.0169,22.0628,22.0964,29.629,74.4479,0,1.40405145E-05,7.312768E-08,0.000106811523,10.7490988,10.7491016,2.861023E-06,0.999978542,0.999978542,0,1792,0,0,0
1902,54.575066003911559,628609580,629370551,628880342,1,1,0.0104,20.1313,20.1522,27.0762,76.0971,0,1.45499544E-05,7.578101E-08,0.000106811523,10.7740345,10.7740326,1.90734863E-06,0.9999791,0.9999791,0,1793,0,0,0
1903,54.601141103911559,628764760,629631693,629124604,1,1,0.0245,22.5039,22.548,35.9844,86.6933,0,1.46367292E-05,7.62329648E-08,0.0001373291,7.84219551,7.84219456,9.536743E-07,0.9996073,0.9996073,0,1794,0,0,0
1904,54.625420003911557,629085552,629874147,629368841,1,1,0.0092,22.2071,22.2315,28.3289,78.8595,0,1.4623859E-05,7.616593E-08,0.000106811523,10.8786869,10.878686,9.536743E-07,0.999981165,0.999981165,0,1796,0,0,0
1905,54.647429703911556,629265960,630094358,629869158,1,1,0.0116,31.4659,31.4905,60.3198,82.8398,0,1.44307451E-05,7.516013E-08,0.0001373291,7.56777668,7.56777668,0,0.9994834,0.9994834,0,1796,0,0,0
1907,54.695155203911568,629734637,630571519,630089859,1,1,6.5396,13.7324,20.2926,35.5222,83.6882,0,1.46955763E-05,7.653946E-08,0.0001373291,8.154969,8.15496349,5.722046E-06,0.999712765,0.999712765,0,1798,0,0,0
1909,54.754174703911559,630211000,631161463,630568977,1,1,0.0124,18.1288,18.1564,35.7977,95.0463,0,1.41859555E-05,7.388518E-08,7.62939453E-05,6.89442444,6.8944273,2.861023E-06,0.9989876,0.9989876,0,1801,0,0,0
1911,54.806442003911556,630689843,631684583,631155246,1,1,3.5739,23.8191,27.4133,46.5403,99.474,0,1.45787535E-05,7.59310055E-08,0.000106811523,10.8194542,10.8194561,1.90734863E-06,0.99998,0.99998,0,1803,0,0,0
1912,54.834010603911565,631017241,631960183,631435045,1,1,0.0174,25.6178,25.6534,41.7804,94.2942,0,1.39483091E-05,7.26474454E-08,0.000122070313,12.9503479,12.9503412,6.67572E-06,0.9999976,0.9999976,0,1803,0,0,0
1913,54.857669903911557,631332354,632196685,631682465,1,1,0.0105,22.9348,22.9547,35.0111,86.4331,0,1.40048523E-05,7.294194E-08,0.0001373291,13.4777031,13.4777117,8.583069E-06,0.999998569,0.999998569,0,1804,0,0,0
1914,54.882552903911559,631662514,632445444,631955072,1,1,0.0258,22.7604,22.8096,29.2558,78.293,0,1.53854126E-05,8.013236E-08,9.15527344E-05,10.3462009,10.3461952,5.722046E-06,0.9999679,0.9999679,0,1805,0,0,0
1915,54.908896103911559,631818754,632709040,632439731,1,1,0.0147,22.8602,22.8858,62.0977,89.0286,0,1.45543218E-05,7.580376E-08,0.000122070313,8.840165,8.840164,9.536743E-07,0.9998552,0.9998552,0,1806,0,0,0
1916,54.935705703911552,632135634,632976721,632706122,1,1,0.0084,33.8876,33.9074,57.0488,84.1087,0,1.51268277E-05,7.878556E-08,0.000106811523,8.334505,8.334502,2.861023E-06,0.99976,0.99976,0,1808,0,0,0
1917,54.958082403911561,632292024,633201064,632973010,1,1,8.828,21.9748,30.8236,68.0986,90.904,0,1.52058883E-05,7.91973349E-08,9.15527344E-05,7.98634052,7.98633862,1.90734863E-06,0.99966,0.99966,0,1809,0,0,0
1919,55.00706650391156,632932191,633691067,633197802,1,1,5.9267,15.1204,21.0611,26.5611,75.8876,0,1.40558814E-05,7.32077154E-08,0.000122070313,7.59198761,7.59199047,2.861023E-06,0.9994958,0.9994958,0,1811,0,0,0
1920,55.035911003911565,633084803,633978740,633461060,1,1,0.0077,24.0783,24.0975,37.6257,89.3937,0,1.36910976E-05,7.13078E-08,8.392334E-05,8.643444,8.643439,4.76837158E-06,0.999823749,0.999823749,0,1812,0,0,0
1921,55.055904203911552,633406586,634179000,633689459,1,1,0.0119,21.8981,21.9201,28.2873,77.2414,0,1.39822459E-05,7.28242E-08,9.15527344E-05,10.4200382,10.42004,1.90734863E-06,0.9999702,0.9999702,0,1812,0,0,0
1922,55.080572603911563,633583170,634425681,633974833,1,1,0.0182,21.7092,21.7471,39.1663,84.2511,0,1.34913071E-05,7.026723E-08,0.000106811523,10.0940123,10.09401,1.90734863E-06,0.9999587,0.9999587,0,1813,0,0,0
1923,55.102383603911562,633885761,634644004,634175741,1,1,0.0093,17.8133,17.8327,28.998,75.8243,0,1.50386231E-05,7.832616E-08,0.000106811523,12.7070093,12.70701,9.536743E-07,0.99999696,0.99999696,0,1813,0,0,0
1925,55.15227420391156,634366961,635142931,634639848,1,1,0.0275,20.1891,20.2357,27.2887,77.597,0,1.41989649E-05,7.395294E-08,0.000122070313,7.997367,7.997376,9.059906E-06,0.9996638,0.9996638,0,1816,0,0,0
1926,55.177215803911565,634530586,635392492,635139983,1,1,0.0159,24.0214,24.0553,60.9397,86.1906,0,1.44626983E-05,7.53265539E-08,0.0001373291,7.915826,7.915825,9.536743E-07,0.9996352,0.9996352,0,1817,0,0,0
1928,55.226774503911557,635014789,635887616,635390101,1,1,0.0154,23.6675,23.698,37.5312,87.2827,0,1.35151877E-05,7.03916E-08,0.000106811523,11.0524311,11.05243,9.536743E-07,0.999984145,0.999984145,0,1819,0,0,0
1929,55.248418303911563,635334125,636104483,635630391,1,1,0.0111,22.8437,22.8684,29.6266,77.0358,0,1.51785543E-05,7.905497E-08,0.000122070313,10.7749643,10.7749605,3.81469727E-06,0.9999791,0.9999791,0,1820,0,0,0
1930,55.275687003911557,635489900,636376868,635884880,1,1,0.0155,23.2567,23.2841,39.498,88.6968,0,1.41503251E-05,7.369961E-08,0.000122070313,8.258647,8.258643,3.81469727E-06,0.9997411,0.9997411,0,1821,0,0,0
1931,55.299697703911562,635804395,636617051,636101729,1,1,0.009,18.928,18.9483,29.7334,81.2656,0,1.42923327E-05,7.44392352E-08,9.15527344E-05,10.1797829,10.1797791,3.81469727E-06,0.9999621,0.9999621,0,1822,0,0,0
1932,55.325915903911564,635990947,636879393,636375232,1,1,0.0155,24.5312,24.5593,38.4285,88.8446,0,1.37221523E-05,7.146954E-08,0.000106811523,8.709347,8.70935,2.861023E-06,0.999835,0.999835,0,1822,0,0,0
1933,55.353878103911555,636296403,637158418,636612274,1,1,0.0111,21.741,21.7666,31.5871,86.2015,0,1.38788291E-05,7.2285566E-08,0.000122070313,7.95955372,7.95955658,2.861023E-06,0.999650836,0.999650836,0,1823,0,0,0
1934,55.37592550391156,636445981,637379345,636876129,1,1,0.0182,24.5339,24.5691,43.0148,93.3364,0,1.381871E-05,7.1972444E-08,0.0001373291,9.956084,9.956084,0,0.999952555,0.999952555,0,1825,0,0,0
