[Licensing::Module] Trying to connect to existing licensing client channel...
Built from '6000.0/staging' branch; Version is '6000.0.80f1 (2dfd32957da2) revision 3013938'; Using compiler version '193933523'; Build Type 'Release'
[Licensing::IpcConnector] Successfully connected to: "LicenseClient-main" at "2026-08-29T01:07:48.4593086Z"
OS: 'Windows 11  (10.0.26200) Core' Language: 'ja' Physical Memory: 65456 MB
BatchMode: 1, IsHumanControllingUs: 0, StartBugReporterOnCrash: 0, Is64bit: 1
System  architecture: x64
Process architecture: x64
Date: 2026-08-29T01:07:48Z

COMMAND LINE ARGUMENTS:
C:\Program Files\Unity\Hub\Editor\6000.0.80f1\Editor\Unity.exe
-batchmode
-quit
-projectPath
D:\KiwiAvatarSystem
-executeMethod
KiwiStandaloneBuildDiagnostic.BuildWindows64
-logFile
D:\KiwiAvatarSystem\KiwiSpoutUnwrap_v44_18_4_Build.log
Successfully changed project path to: D:\KiwiAvatarSystem
D:/KiwiAvatarSystem
[UnityMemory] Configuration Parameters - Can be set up in boot.config
    "memorysetup-bucket-allocator-granularity=16"
    "memorysetup-bucket-allocator-bucket-count=8"
    "memorysetup-bucket-allocator-block-size=33554432"
    "memorysetup-bucket-allocator-block-count=8"
    "memorysetup-main-allocator-block-size=16777216"
    "memorysetup-thread-allocator-block-size=16777216"
    "memorysetup-gfx-main-allocator-block-size=16777216"
    "memorysetup-gfx-thread-allocator-block-size=16777216"
    "memorysetup-cache-allocator-block-size=4194304"
    "memorysetup-typetree-allocator-block-size=2097152"
    "memorysetup-profiler-bucket-allocator-granularity=16"
    "memorysetup-profiler-bucket-allocator-bucket-count=8"
    "memorysetup-profiler-bucket-allocator-block-size=33554432"
    "memorysetup-profiler-bucket-allocator-block-count=8"
    "memorysetup-profiler-allocator-block-size=16777216"
    "memorysetup-profiler-editor-allocator-block-size=1048576"
    "memorysetup-temp-allocator-size-main=16777216"
    "memorysetup-job-temp-allocator-block-size=2097152"
    "memorysetup-job-temp-allocator-block-size-background=1048576"
    "memorysetup-job-temp-allocator-reduction-small-platforms=262144"
    "memorysetup-allocator-temp-initial-block-size-main=262144"
    "memorysetup-allocator-temp-initial-block-size-worker=262144"
    "memorysetup-temp-allocator-size-background-worker=32768"
    "memorysetup-temp-allocator-size-job-worker=262144"
    "memorysetup-temp-allocator-size-preload-manager=33554432"
    "memorysetup-temp-allocator-size-nav-mesh-worker=65536"
    "memorysetup-temp-allocator-size-audio-worker=65536"
    "memorysetup-temp-allocator-size-cloud-worker=32768"
    "memorysetup-temp-allocator-size-gi-baking-worker=262144"
    "memorysetup-temp-allocator-size-gi-baking-worker=262144"
    "memorysetup-temp-allocator-size-gi-baking-worker=262144"
    "memorysetup-temp-allocator-size-gi-baking-worker=262144"
    "memorysetup-temp-allocator-size-gi-baking-worker=262144"
    "memorysetup-temp-allocator-size-gfx=262144"
Player connection [35352]  Target information:

Player connection [35352]  * "[IP] 192.168.0.2 [Port] 55504 [Flags] 2 [Guid] 2110673832 [EditorId] 2110673832 [Version] 1048832 [Id] WindowsEditor(7,DESKTOP-THHVR4N) [Debug] 1 [PackageName] WindowsEditor [ProjectName] Editor" 

Player connection [35352] Host joined multi-casting on [225.0.0.222:54997]...
Player connection [35352] Host joined alternative multi-casting on [225.0.0.222:34997]...
Input System module state changed to: Initialized.
[Physics::Module] Initialized fallback backend.
[Physics::Module] Id: 0xdecafbad
[Licensing::Client] Code 10 while verifying Licensing Client signature (process Id: 6272, path: "C:/Program Files/Unity/Hub/Editor/6000.0.80f1/Editor/Data/Resources/Licensing/Client/Unity.Licensing.Client.exe")
[Licensing::Module] LicensingClient has failed validation; ignoring
[Licensing::Client] Handshaking with LicensingClient:
  Version:                 1.17.4+4293ba1
  Session Id:              217bcb9437464a139cf76af7c56a2cb3
  Correlation Id:          6a744e59bba84c99fe72a8d2f16779b0
  External correlation Id: 6282016396471961726
  Machine Id:              V/5OP0sJ3emFiVKU6RQnxXlCy3U=
[Licensing::Module] Successfully connected to LicensingClient on channel: "LicenseClient-main" (connect: 0.00s, validation: 0.00s, handshake: 0.04s)
[Licensing::IpcConnector] Successfully connected to: "LicenseClient-main-notifications" at "2026-08-29T01:07:48.5038871Z"
[Licensing::Module] Error: Access token is unavailable; failed to update
[Licensing::Client] Successfully resolved entitlement details
[Licensing::Module] License group:
  Id: 15669744273893-UnityPersXXXX
  Product: Unity Personal
  Type: Assigned
  Expiration: Unlimited
[Licensing::Client] Successfully updated license, isAsync: True, time: 0.02
[Licensing::Client] Successfully resolved entitlement details
[Licensing::Module] Licensing Background thread has ended after 0.07s
[Package Manager] Connected to IPC stream "Upm-37692" after 0.3 seconds.
Library Redirect Path: Library/
[Physics::Module] Selected backend.
[Physics::Module] Name: PhysX
[Physics::Module] Id: 0xf2b8ea05
[Physics::Module] SDK Version: 4.1.2
[Physics::Module] Integration Version: 1.0.0
[Physics::Module] Threading Mode: Multi-Threaded
Artifact Garbage Collection - Removed 2 unused hashed content filesRefreshing native plugins compatible for Editor in 2.32 ms, found 4 plugins.
Preloading 0 native plugins for Editor in 0.00 ms.
Initialize engine version: 6000.0.80f1 (2dfd32957da2)
[Subsystems] Discovering subsystems at path C:/Program Files/Unity/Hub/Editor/6000.0.80f1/Editor/Data/Resources/UnitySubsystems
[Subsystems] Discovering subsystems at path D:/KiwiAvatarSystem/Assets
GfxDevice: creating device client; kGfxThreadingModeNonThreaded
d3d12: failed to query info queue interface (0x80004002).
Direct3D:
    Version:         Direct3D 12 [level 12.1]
    Renderer:        NVIDIA GeForce RTX 4090 (ID=0x2684)
    Vendor:          NVIDIA
    VRAM:            24138 MB
    App VRAM Budget: 23370 MB
    Driver:          32.0.16.1088
Initialize mono
Mono path[0] = 'C:/Program Files/Unity/Hub/Editor/6000.0.80f1/Editor/Data/Managed'
Mono path[1] = 'C:/Program Files/Unity/Hub/Editor/6000.0.80f1/Editor/Data/MonoBleedingEdge/lib/mono/unityjit-win32'
Mono config path = 'C:/Program Files/Unity/Hub/Editor/6000.0.80f1/Editor/Data/MonoBleedingEdge/etc'
Using monoOptions --debugger-agent=transport=dt_socket,embedding=1,server=y,suspend=n,address=127.0.0.1:56692
Using cacheserver namespaces - metadata:defaultmetadata, artifacts:defaultartifacts
Using cacheserver namespaces - metadata:defaultmetadata, artifacts:defaultartifacts
ImportWorker Server TCP listen port: 0
AcceleratorClientConnectionCallback - disconnected - :0
Begin MonoManager ReloadAssembly
Registering precompiled unity dll's ...
Register platform support module: C:/Program Files/Unity/Hub/Editor/6000.0.80f1/Editor/Data/PlaybackEngines/WindowsStandaloneSupport/UnityEditor.WindowsStandalone.Extensions.dll
Registered in 0.003138 seconds.
- Loaded All Assemblies, in  0.360 seconds
Native extension for WindowsStandalone target not found
Package Manager log level set to [2]
Mono: successfully reloaded assembly
- Finished resetting the current domain, in  0.294 seconds
Domain Reload Profiling: 652ms
	BeginReloadAssembly (126ms)
		ExecutionOrderSort (0ms)
		DisableScriptedObjects (0ms)
		BackupInstance (0ms)
		ReleaseScriptingObjects (0ms)
		CreateAndSetChildDomain (1ms)
	RebuildCommonClasses (35ms)
	RebuildNativeTypeToScriptingClass (10ms)
	initialDomainReloadingComplete (48ms)
	LoadAllAssembliesAndSetupDomain (139ms)
		LoadAssemblies (122ms)
		RebuildTransferFunctionScriptingTraits (0ms)
		AnalyzeDomain (136ms)
			TypeCache.Refresh (134ms)
				TypeCache.ScanAssembly (123ms)
			BuildScriptInfoCaches (0ms)
			ResolveRequiredComponents (0ms)
	FinalizeReload (295ms)
		ReleaseScriptCaches (0ms)
		RebuildScriptCaches (0ms)
		SetupLoadedEditorAssemblies (264ms)
			LogAssemblyErrors (0ms)
			InitializePlatformSupportModulesInManaged (19ms)
			SetLoadedEditorAssemblies (4ms)
			BeforeProcessingInitializeOnLoad (56ms)
			ProcessInitializeOnLoadAttributes (137ms)
			ProcessInitializeOnLoadMethodAttributes (49ms)
			AfterProcessingInitializeOnLoad (0ms)
			EditorAssembliesLoaded (0ms)
		ExecutionOrderSort2 (0ms)
		AwakeInstancesAfterBackupRestoration (0ms)
[Licensing::Client] Successfully resolved entitlement details
Application.AssetDatabase Initial Refresh Start
[Package Manager] Restoring resolved packages state from cache
[Licensing::Client] Successfully resolved entitlement details
[Package Manager] Registered 46 packages:
  Packages from [https://packages.unity.com]:
    com.unity.burst@1.8.29 (location: D:\KiwiAvatarSystem\Library\PackageCache\com.unity.burst@6bb9aca3ef38)
    com.unity.collections@2.6.7 (location: D:\KiwiAvatarSystem\Library\PackageCache\com.unity.collections@31e963071226)
    com.unity.mathematics@1.3.3 (location: D:\KiwiAvatarSystem\Library\PackageCache\com.unity.mathematics@19a9377c4ffa)
    com.unity.ai.inference@2.4.1 (location: D:\KiwiAvatarSystem\Library\PackageCache\com.unity.ai.inference@587873fd5e1b)
    com.unity.dt.app-ui@1.3.6 (location: D:\KiwiAvatarSystem\Library\PackageCache\com.unity.dt.app-ui@3bbd9e4c5c92)
    com.unity.nuget.newtonsoft-json@3.2.2 (location: D:\KiwiAvatarSystem\Library\PackageCache\com.unity.nuget.newtonsoft-json@4dfd81071c64)
    com.unity.nuget.mono-cecil@1.11.6 (location: D:\KiwiAvatarSystem\Library\PackageCache\com.unity.nuget.mono-cecil@ecb9724e46ff)
    com.unity.test-framework.performance@3.5.0 (location: D:\KiwiAvatarSystem\Library\PackageCache\com.unity.test-framework.performance@8b56083ec0f0)
  Packages from [https://registry.npmjs.com]:
    jp.keijiro.klak.spout@2.0.6 (location: D:\KiwiAvatarSystem\Library\PackageCache\jp.keijiro.klak.spout@cd3751890357)
  Built-in packages:
    com.unity.test-framework@1.6.0 (location: D:\KiwiAvatarSystem\Library\PackageCache\com.unity.test-framework@082c24152fd4)
    com.unity.ugui@2.0.0 (location: D:\KiwiAvatarSystem\Library\PackageCache\com.unity.ugui@4601c9db1b9b)
    com.unity.modules.ai@1.0.0 (location: D:\KiwiAvatarSystem\Library\PackageCache\com.unity.modules.ai)
    com.unity.modules.androidjni@1.0.0 (location: D:\KiwiAvatarSystem\Library\PackageCache\com.unity.modules.androidjni)
    com.unity.modules.animation@1.0.0 (location: D:\KiwiAvatarSystem\Library\PackageCache\com.unity.modules.animation)
    com.unity.modules.assetbundle@1.0.0 (location: D:\KiwiAvatarSystem\Library\PackageCache\com.unity.modules.assetbundle)
    com.unity.modules.audio@1.0.0 (location: D:\KiwiAvatarSystem\Library\PackageCache\com.unity.modules.audio)
    com.unity.modules.cloth@1.0.0 (location: D:\KiwiAvatarSystem\Library\PackageCache\com.unity.modules.cloth)
    com.unity.modules.director@1.0.0 (location: D:\KiwiAvatarSystem\Library\PackageCache\com.unity.modules.director)
    com.unity.modules.imageconversion@1.0.0 (location: D:\KiwiAvatarSystem\Library\PackageCache\com.unity.modules.imageconversion)
    com.unity.modules.imgui@1.0.0 (location: D:\KiwiAvatarSystem\Library\PackageCache\com.unity.modules.imgui)
    com.unity.modules.jsonserialize@1.0.0 (location: D:\KiwiAvatarSystem\Library\PackageCache\com.unity.modules.jsonserialize)
    com.unity.modules.particlesystem@1.0.0 (location: D:\KiwiAvatarSystem\Library\PackageCache\com.unity.modules.particlesystem)
    com.unity.modules.physics@1.0.0 (location: D:\KiwiAvatarSystem\Library\PackageCache\com.unity.modules.physics)
    com.unity.modules.physics2d@1.0.0 (location: D:\KiwiAvatarSystem\Library\PackageCache\com.unity.modules.physics2d)
    com.unity.modules.screencapture@1.0.0 (location: D:\KiwiAvatarSystem\Library\PackageCache\com.unity.modules.screencapture)
    com.unity.modules.terrain@1.0.0 (location: D:\KiwiAvatarSystem\Library\PackageCache\com.unity.modules.terrain)
    com.unity.modules.terrainphysics@1.0.0 (location: D:\KiwiAvatarSystem\Library\PackageCache\com.unity.modules.terrainphysics)
    com.unity.modules.tilemap@1.0.0 (location: D:\KiwiAvatarSystem\Library\PackageCache\com.unity.modules.tilemap)
    com.unity.modules.ui@1.0.0 (location: D:\KiwiAvatarSystem\Library\PackageCache\com.unity.modules.ui)
    com.unity.modules.uielements@1.0.0 (location: D:\KiwiAvatarSystem\Library\PackageCache\com.unity.modules.uielements)
    com.unity.modules.umbra@1.0.0 (location: D:\KiwiAvatarSystem\Library\PackageCache\com.unity.modules.umbra)
    com.unity.modules.unityanalytics@1.0.0 (location: D:\KiwiAvatarSystem\Library\PackageCache\com.unity.modules.unityanalytics)
    com.unity.modules.unitywebrequest@1.0.0 (location: D:\KiwiAvatarSystem\Library\PackageCache\com.unity.modules.unitywebrequest)
    com.unity.modules.unitywebrequestassetbundle@1.0.0 (location: D:\KiwiAvatarSystem\Library\PackageCache\com.unity.modules.unitywebrequestassetbundle)
    com.unity.modules.unitywebrequestaudio@1.0.0 (location: D:\KiwiAvatarSystem\Library\PackageCache\com.unity.modules.unitywebrequestaudio)
    com.unity.modules.unitywebrequesttexture@1.0.0 (location: D:\KiwiAvatarSystem\Library\PackageCache\com.unity.modules.unitywebrequesttexture)
    com.unity.modules.unitywebrequestwww@1.0.0 (location: D:\KiwiAvatarSystem\Library\PackageCache\com.unity.modules.unitywebrequestwww)
    com.unity.modules.vehicles@1.0.0 (location: D:\KiwiAvatarSystem\Library\PackageCache\com.unity.modules.vehicles)
    com.unity.modules.video@1.0.0 (location: D:\KiwiAvatarSystem\Library\PackageCache\com.unity.modules.video)
    com.unity.modules.vr@1.0.0 (location: D:\KiwiAvatarSystem\Library\PackageCache\com.unity.modules.vr)
    com.unity.modules.wind@1.0.0 (location: D:\KiwiAvatarSystem\Library\PackageCache\com.unity.modules.wind)
    com.unity.modules.xr@1.0.0 (location: D:\KiwiAvatarSystem\Library\PackageCache\com.unity.modules.xr)
    com.unity.modules.hierarchycore@1.0.0 (location: D:\KiwiAvatarSystem\Library\PackageCache\com.unity.modules.hierarchycore)
    com.unity.ext.nunit@2.0.5 (location: D:\KiwiAvatarSystem\Library\PackageCache\com.unity.ext.nunit@031a54704bff)
    com.unity.modules.subsystems@1.0.0 (location: D:\KiwiAvatarSystem\Library\PackageCache\com.unity.modules.subsystems)
  Local Tarball packages:
    com.github.homuler.mediapipe@file:D:\KiwiAvatarSystem\Packages\com.github.homuler.mediapipe-0.16.3.tgz (location: D:\KiwiAvatarSystem\Library\PackageCache\com.github.homuler.mediapipe@66127f8e750d)
[Subsystems] No new subsystems found in resolved package list.
[Package Manager] Done registering packages in 0.02 seconds
Asset Packages/jp.keijiro.klak.spout/Plugin/KlakSpout_v206_ORIGINAL.dll has no meta file, but it's in an immutable folder. The asset will be ignored.
Duplicate assembly 'System.Runtime.CompilerServices.Unsafe.dll' with different versions detected, using 'Packages/com.unity.collections/Unity.Collections.Tests/System.Runtime.CompilerServices.Unsafe/System.Runtime.CompilerServices.Unsafe.dll, AssemblyName=System.Runtime.CompilerServices.Unsafe, Version=6.0.0.0, Culture=neutral, PublicKeyToken=b03f5f7f11d50a3a' and ignoring 'Packages/com.github.homuler.mediapipe/Runtime/Plugins/Protobuf/System.Runtime.CompilerServices.Unsafe.dll, AssemblyName=System.Runtime.CompilerServices.Unsafe, Version=4.0.4.1, Culture=neutral, PublicKeyToken=b03f5f7f11d50a3a'.Starting: C:\Program Files\Unity\Hub\Editor\6000.0.80f1\Editor\Data\bee_backend.exe --ipc --defer-dag-verification --dagfile="Library/Bee/1900b0aE.dag" --continue-on-failure --profile="Library/Bee/backend1.traceevents" ScriptAssemblies
WorkingDir: D:/KiwiAvatarSystem
DisplayProgressbar: Compiling Scripts
ExitCode: 0 Duration: 0s225ms
[379/654    0s] WriteResponseFile Library/Bee/artifacts/rsp/4747638433968585886.rsp
[515/654    0s] ILPP-Configuration Library/ilpp-configuration.nevergeneratedoutput
*** Tundra build success (0.19 seconds), 2 items updated, 654 evaluated
AssetDatabase: script compilation time: 0.615361s
Begin MonoManager ReloadAssembly
Duplicate assembly 'System.Runtime.CompilerServices.Unsafe.dll' with different versions detected, using 'Packages/com.unity.collections/Unity.Collections.Tests/System.Runtime.CompilerServices.Unsafe/System.Runtime.CompilerServices.Unsafe.dll, AssemblyName=System.Runtime.CompilerServices.Unsafe, Version=6.0.0.0, Culture=neutral, PublicKeyToken=b03f5f7f11d50a3a' and ignoring 'Packages/com.github.homuler.mediapipe/Runtime/Plugins/Protobuf/System.Runtime.CompilerServices.Unsafe.dll, AssemblyName=System.Runtime.CompilerServices.Unsafe, Version=4.0.4.1, Culture=neutral, PublicKeyToken=b03f5f7f11d50a3a'.- Loaded All Assemblies, in  0.640 seconds
Refreshing native plugins compatible for Editor in 4.04 ms, found 7 plugins.
Native extension for WindowsStandalone target not found
Refreshing native plugins compatible for Editor in 3.72 ms, found 7 plugins.
Duplicate assembly 'System.Runtime.CompilerServices.Unsafe.dll' with different versions detected, using 'Packages/com.unity.collections/Unity.Collections.Tests/System.Runtime.CompilerServices.Unsafe/System.Runtime.CompilerServices.Unsafe.dll, AssemblyName=System.Runtime.CompilerServices.Unsafe, Version=6.0.0.0, Culture=neutral, PublicKeyToken=b03f5f7f11d50a3a' and ignoring 'Packages/com.github.homuler.mediapipe/Runtime/Plugins/Protobuf/System.Runtime.CompilerServices.Unsafe.dll, AssemblyName=System.Runtime.CompilerServices.Unsafe, Version=4.0.4.1, Culture=neutral, PublicKeyToken=b03f5f7f11d50a3a'.Mono: successfully reloaded assembly
- Finished resetting the current domain, in  2.354 seconds
Domain Reload Profiling: 2991ms
	BeginReloadAssembly (277ms)
		ExecutionOrderSort (0ms)
		DisableScriptedObjects (11ms)
		BackupInstance (0ms)
		ReleaseScriptingObjects (0ms)
		CreateAndSetChildDomain (146ms)
	RebuildCommonClasses (30ms)
	RebuildNativeTypeToScriptingClass (9ms)
	initialDomainReloadingComplete (27ms)
	LoadAllAssembliesAndSetupDomain (293ms)
		LoadAssemblies (264ms)
		RebuildTransferFunctionScriptingTraits (0ms)
		AnalyzeDomain (121ms)
			TypeCache.Refresh (93ms)
				TypeCache.ScanAssembly (83ms)
			BuildScriptInfoCaches (22ms)
			ResolveRequiredComponents (3ms)
	FinalizeReload (2355ms)
		ReleaseScriptCaches (0ms)
		RebuildScriptCaches (0ms)
		SetupLoadedEditorAssemblies (2210ms)
			LogAssemblyErrors (0ms)
			InitializePlatformSupportModulesInManaged (12ms)
			SetLoadedEditorAssemblies (4ms)
			BeforeProcessingInitializeOnLoad (134ms)
			ProcessInitializeOnLoadAttributes (1918ms)
			ProcessInitializeOnLoadMethodAttributes (134ms)
			AfterProcessingInitializeOnLoad (7ms)
			EditorAssembliesLoaded (0ms)
		ExecutionOrderSort2 (0ms)
		AwakeInstancesAfterBackupRestoration (16ms)
The following asset(s) located in immutable packages were unexpectedly altered. Making changes to immutable packages isn't recommended because the changes can be lost without any warning during Package Manager operations.
  Packages/jp.keijiro.klak.spout/Plugin/KlakSpout.dll
Refreshing native plugins compatible for Editor in 3.80 ms, found 7 plugins.
Preloading 1 native plugins for Editor in 0.63 ms.
Asset Pipeline Refresh (id=a3e18fc255dc7854cbc6b130bf3e66b9): Total: 4.677 seconds - Initiated by InitialRefreshV2(ForceSynchronousImport)
	Summary:
		Imports: total=0 (actual=0, local cache=0, cache server=0)
		Asset DB Process Time: managed=0 ms, native=3092 ms
		Asset DB Callback time: managed=131 ms, native=163 ms
		Scripting: domain reloads=1, domain reload time=640 ms, compile time=618 ms, other=30 ms
		Project Asset Count: scripts=835, non-scripts=937
		Asset File Changes: new=0, changed=1, moved=0, deleted=0
		Scan Filter Count: 0
	InvokeCustomDependenciesCallbacks: 0.004ms
	InvokePackagesCallback: 633.911ms
	ApplyChangesToAssetFolders: 1.456ms
	Scan: 59.516ms
	OnSourceAssetsModified: 0.844ms
	CategorizeAssetsWithTransientArtifact: 25.204ms
	ProcessAssetsWithTransientArtifactChanges: 39.779ms
	CategorizeAssets: 18.366ms
	ImportOutOfDateAssets: 2365.834ms (1746.914ms without children)
		CompileScripts: 618.267ms
		ReloadNativeAssets: 0.000ms
		UnloadImportedAssets: 0.142ms
		EnsureUptoDateAssetsAreRegisteredWithGuidPM: 0.229ms
		InitializingProgressBar: 0.000ms
		PostProcessAllAssetNotificationsAddChangedAssets: 0.000ms
		OnDemandSchedulerStart: 0.281ms
	PostProcessAllAssets: 136.099ms
	Hotreload: 7.620ms
	GatherAllCurrentPrimaryArtifactRevisions: 0.011ms
	UnloadStreamsBegin: 0.473ms
	PersistCurrentRevisions: 0.046ms
	UnloadStreamsEnd: 0.001ms
	GenerateScriptTypeHashes: 3.867ms
	Untracked: 1387.928ms

Application.AssetDatabase Initial Refresh End
Scanning for USB devices : 13.911ms
Initializing Unity extensions:
[MODES] ModeService[none].Initialize
[MODES] ModeService[none].LoadModes
[MODES] Loading mode Default (0) for mode-current-id-KiwiAvatarSystem
Unloading 148 Unused Serialized files (Serialized files now loaded: 0)
Unloading 3834 unused Assets / (19.4 MB). Loaded Objects now: 4167.
Memory consumption went from 161.7 MB to 142.3 MB.
Total: 24.080600 ms (FindLiveObjects: 0.393200 ms CreateObjectMapping: 0.231700 ms MarkObjects: 16.930100 ms  DeleteObjects: 6.524700 ms)

[KiwiV42.3Build] contract=KIWI_V5_1_PHASE16_20_32_V42_3_DX12_PLAYER_BUILD_API_LOCK
UnityEngine.Debug:ExtractStackTraceNoAlloc (byte*,int,string)
UnityEngine.StackTraceUtility:ExtractStackTrace ()
UnityEngine.DebugLogHandler:Internal_Log (UnityEngine.LogType,UnityEngine.LogOption,string,UnityEngine.Object)
UnityEngine.DebugLogHandler:LogFormat (UnityEngine.LogType,UnityEngine.Object,string,object[])
UnityEngine.Logger:Log (UnityEngine.LogType,object)
UnityEngine.Debug:Log (object)
KiwiStandaloneBuildDiagnostic:BuildWindows64 () (at Assets/KiwiAvatarSystem/Editor/KiwiStandaloneBuildDiagnostic.cs:91)

(Filename: Assets/KiwiAvatarSystem/Editor/KiwiStandaloneBuildDiagnostic.cs Line: 91)

[KiwiV42.3Build] output=D:\KiwiAvatarSystem\Builds\v44_18_4SpoutUnwrapDiagnostic\KiwiAvatarSystem_v44_18_4_SPOUT_UNWRAP.exe
UnityEngine.Debug:ExtractStackTraceNoAlloc (byte*,int,string)
UnityEngine.StackTraceUtility:ExtractStackTrace ()
UnityEngine.DebugLogHandler:Internal_Log (UnityEngine.LogType,UnityEngine.LogOption,string,UnityEngine.Object)
UnityEngine.DebugLogHandler:LogFormat (UnityEngine.LogType,UnityEngine.Object,string,object[])
UnityEngine.Logger:Log (UnityEngine.LogType,object)
UnityEngine.Debug:Log (object)
KiwiStandaloneBuildDiagnostic:BuildWindows64 () (at Assets/KiwiAvatarSystem/Editor/KiwiStandaloneBuildDiagnostic.cs:95)

(Filename: Assets/KiwiAvatarSystem/Editor/KiwiStandaloneBuildDiagnostic.cs Line: 95)

[KiwiV42.3Build] scenes=Assets/Scenes/Face Landmark Detection.unity
UnityEngine.Debug:ExtractStackTraceNoAlloc (byte*,int,string)
UnityEngine.StackTraceUtility:ExtractStackTrace ()
UnityEngine.DebugLogHandler:Internal_Log (UnityEngine.LogType,UnityEngine.LogOption,string,UnityEngine.Object)
UnityEngine.DebugLogHandler:LogFormat (UnityEngine.LogType,UnityEngine.Object,string,object[])
UnityEngine.Logger:Log (UnityEngine.LogType,object)
UnityEngine.Debug:Log (object)
KiwiStandaloneBuildDiagnostic:BuildWindows64 () (at Assets/KiwiAvatarSystem/Editor/KiwiStandaloneBuildDiagnostic.cs:99)

(Filename: Assets/KiwiAvatarSystem/Editor/KiwiStandaloneBuildDiagnostic.cs Line: 99)

[KiwiV42.3Build] graphics API before automatic=0 apis=Direct3D12
UnityEngine.Debug:ExtractStackTraceNoAlloc (byte*,int,string)
UnityEngine.StackTraceUtility:ExtractStackTrace ()
UnityEngine.DebugLogHandler:Internal_Log (UnityEngine.LogType,UnityEngine.LogOption,string,UnityEngine.Object)
UnityEngine.DebugLogHandler:LogFormat (UnityEngine.LogType,UnityEngine.Object,string,object[])
UnityEngine.Logger:Log (UnityEngine.LogType,object)
UnityEngine.Debug:Log (object)
KiwiStandaloneBuildDiagnostic:EnsureDx12OnlyBuildGraphicsApi () (at Assets/KiwiAvatarSystem/Editor/KiwiStandaloneBuildDiagnostic.cs:177)
KiwiStandaloneBuildDiagnostic:BuildWindows64 () (at Assets/KiwiAvatarSystem/Editor/KiwiStandaloneBuildDiagnostic.cs:105)

(Filename: Assets/KiwiAvatarSystem/Editor/KiwiStandaloneBuildDiagnostic.cs Line: 177)

[KiwiV42.3Build] graphics API after automatic=0 apis=Direct3D12 verified=1
UnityEngine.Debug:ExtractStackTraceNoAlloc (byte*,int,string)
UnityEngine.StackTraceUtility:ExtractStackTrace ()
UnityEngine.DebugLogHandler:Internal_Log (UnityEngine.LogType,UnityEngine.LogOption,string,UnityEngine.Object)
UnityEngine.DebugLogHandler:LogFormat (UnityEngine.LogType,UnityEngine.Object,string,object[])
UnityEngine.Logger:Log (UnityEngine.LogType,object)
UnityEngine.Debug:Log (object)
KiwiStandaloneBuildDiagnostic:EnsureDx12OnlyBuildGraphicsApi () (at Assets/KiwiAvatarSystem/Editor/KiwiStandaloneBuildDiagnostic.cs:219)
KiwiStandaloneBuildDiagnostic:BuildWindows64 () (at Assets/KiwiAvatarSystem/Editor/KiwiStandaloneBuildDiagnostic.cs:105)

(Filename: Assets/KiwiAvatarSystem/Editor/KiwiStandaloneBuildDiagnostic.cs Line: 219)

[KiwiV42.3Build] Running mandatory Release Candidate Full Preflight before build.
UnityEngine.Debug:ExtractStackTraceNoAlloc (byte*,int,string)
UnityEngine.StackTraceUtility:ExtractStackTrace ()
UnityEngine.DebugLogHandler:Internal_Log (UnityEngine.LogType,UnityEngine.LogOption,string,UnityEngine.Object)
UnityEngine.DebugLogHandler:LogFormat (UnityEngine.LogType,UnityEngine.Object,string,object[])
UnityEngine.Logger:Log (UnityEngine.LogType,object)
UnityEngine.Debug:Log (object)
KiwiStandaloneBuildDiagnostic:RunRequiredFullPreflight (string) (at Assets/KiwiAvatarSystem/Editor/KiwiStandaloneBuildDiagnostic.cs:253)
KiwiStandaloneBuildDiagnostic:BuildWindows64 () (at Assets/KiwiAvatarSystem/Editor/KiwiStandaloneBuildDiagnostic.cs:107)

(Filename: Assets/KiwiAvatarSystem/Editor/KiwiStandaloneBuildDiagnostic.cs Line: 253)

Opening scene 'Assets/Scenes/Face Landmark Detection.unity additively'
d3d12: upload buffer was too small for the requested resource! Size: 16777216. Requested: 20344040.
Loaded scene 'Assets/Scenes/Face Landmark Detection.unity'
	Deserialize:            13.528 ms
	Integration:            618.601 ms
	Integration of assets:  0.056 ms
	Thread Wait Time:       0.022 ms
	Total Operation Time:   632.206 ms
[KiwiPreflight] Phase 16.19 PASS scenes=1 objects/components=50/61 warning/error/critical=2/0/0 fingerprint=1baa811c58ca6a45fb7507db25c248c507265676267cae2b6af405b3c8051c93
UnityEngine.Debug:ExtractStackTraceNoAlloc (byte*,int,string)
UnityEngine.StackTraceUtility:ExtractStackTrace ()
UnityEngine.DebugLogHandler:Internal_Log (UnityEngine.LogType,UnityEngine.LogOption,string,UnityEngine.Object)
UnityEngine.DebugLogHandler:LogFormat (UnityEngine.LogType,UnityEngine.Object,string,object[])
UnityEngine.Logger:Log (UnityEngine.LogType,object)
UnityEngine.Debug:Log (object)
KiwiReleaseCandidatePreflight:LogReportSummary (KiwiReleaseCandidatePreflight/PreflightReport) (at Assets/KiwiAvatarSystem/Editor/KiwiReleaseCandidatePreflight.cs:2707)
KiwiReleaseCandidatePreflight:RunFullPreflight (bool) (at Assets/KiwiAvatarSystem/Editor/KiwiReleaseCandidatePreflight.cs:669)
KiwiStandaloneBuildDiagnostic:RunRequiredFullPreflight (string) (at Assets/KiwiAvatarSystem/Editor/KiwiStandaloneBuildDiagnostic.cs:256)
KiwiStandaloneBuildDiagnostic:BuildWindows64 () (at Assets/KiwiAvatarSystem/Editor/KiwiStandaloneBuildDiagnostic.cs:107)

(Filename: Assets/KiwiAvatarSystem/Editor/KiwiReleaseCandidatePreflight.cs Line: 2707)

[KiwiV42.3Build] preflight passed=True releaseCandidateReady=True warning/error/critical=2/0/0 fingerprint=1baa811c58ca6a45fb7507db25c248c507265676267cae2b6af405b3c8051c93
UnityEngine.Debug:ExtractStackTraceNoAlloc (byte*,int,string)
UnityEngine.StackTraceUtility:ExtractStackTrace ()
UnityEngine.DebugLogHandler:Internal_Log (UnityEngine.LogType,UnityEngine.LogOption,string,UnityEngine.Object)
UnityEngine.DebugLogHandler:LogFormat (UnityEngine.LogType,UnityEngine.Object,string,object[])
UnityEngine.Logger:Log (UnityEngine.LogType,object)
UnityEngine.Debug:Log (object)
KiwiStandaloneBuildDiagnostic:RunRequiredFullPreflight (string) (at Assets/KiwiAvatarSystem/Editor/KiwiStandaloneBuildDiagnostic.cs:280)
KiwiStandaloneBuildDiagnostic:BuildWindows64 () (at Assets/KiwiAvatarSystem/Editor/KiwiStandaloneBuildDiagnostic.cs:107)

(Filename: Assets/KiwiAvatarSystem/Editor/KiwiStandaloneBuildDiagnostic.cs Line: 280)

[KiwiV42.3Build] mandatory preflight PASS; current fingerprint=1baa811c58ca6a45fb7507db25c248c507265676267cae2b6af405b3c8051c93
UnityEngine.Debug:ExtractStackTraceNoAlloc (byte*,int,string)
UnityEngine.StackTraceUtility:ExtractStackTrace ()
UnityEngine.DebugLogHandler:Internal_Log (UnityEngine.LogType,UnityEngine.LogOption,string,UnityEngine.Object)
UnityEngine.DebugLogHandler:LogFormat (UnityEngine.LogType,UnityEngine.Object,string,object[])
UnityEngine.Logger:Log (UnityEngine.LogType,object)
UnityEngine.Debug:Log (object)
KiwiStandaloneBuildDiagnostic:RunRequiredFullPreflight (string) (at Assets/KiwiAvatarSystem/Editor/KiwiStandaloneBuildDiagnostic.cs:335)
KiwiStandaloneBuildDiagnostic:BuildWindows64 () (at Assets/KiwiAvatarSystem/Editor/KiwiStandaloneBuildDiagnostic.cs:107)

(Filename: Assets/KiwiAvatarSystem/Editor/KiwiStandaloneBuildDiagnostic.cs Line: 335)

[KiwiV39ShaderAudit] Editor asset path=Assets/KiwiAvatarSystem/Resources/KiwiFacePartBlockMatch.compute TextureToTensorExact=0 Match=1
UnityEngine.Debug:ExtractStackTraceNoAlloc (byte*,int,string)
UnityEngine.StackTraceUtility:ExtractStackTrace ()
UnityEngine.DebugLogHandler:Internal_Log (UnityEngine.LogType,UnityEngine.LogOption,string,UnityEngine.Object)
UnityEngine.DebugLogHandler:LogFormat (UnityEngine.LogType,UnityEngine.Object,string,object[])
UnityEngine.Logger:Log (UnityEngine.LogType,object)
UnityEngine.Debug:Log (object)
KiwiComputeShaderPackagingAudit:ResetAndInventory (UnityEditor.Build.Reporting.BuildReport) (at Assets/KiwiAvatarSystem/Editor/KiwiComputeShaderPackagingAudit.cs:248)
KiwiComputeShaderPackagingAudit:OnPreprocessBuild (UnityEditor.Build.Reporting.BuildReport) (at Assets/KiwiAvatarSystem/Editor/KiwiComputeShaderPackagingAudit.cs:107)
UnityEditor.Build.BuildPipelineInterfaces/<>c__DisplayClass17_0:<OnBuildPreProcess>b__1 (UnityEditor.Build.IPreprocessBuildWithReport)
UnityEditor.Build.BuildPipelineInterfaces:InvokeCallbackInterfacesPair<UnityEditor.Build.IPreprocessBuild, UnityEditor.Build.IPreprocessBuildWithReport> (System.Collections.Generic.List`1<UnityEditor.Build.IPreprocessBuild>,System.Action`1<UnityEditor.Build.IPreprocessBuild>,System.Collections.Generic.List`1<UnityEditor.Build.IPreprocessBuildWithReport>,System.Action`1<UnityEditor.Build.IPreprocessBuildWithReport>,bool)
UnityEditor.Build.BuildPipelineInterfaces:OnBuildPreProcess (UnityEditor.Build.Reporting.BuildReport)
UnityEditor.BuildPipeline:BuildPlayerInternalNoCheck (string[],string,string,UnityEditor.BuildTargetGroup,UnityEditor.BuildTarget,int,UnityEditor.BuildOptions,string[],bool)
UnityEditor.BuildPipeline:BuildPlayerInternal (string[],string,string,UnityEditor.BuildTargetGroup,UnityEditor.BuildTarget,int,UnityEditor.BuildOptions,string[])
UnityEditor.BuildPipeline:BuildPlayer (string[],string,string,UnityEditor.BuildTargetGroup,UnityEditor.BuildTarget,int,UnityEditor.BuildOptions,string[])
UnityEditor.BuildPipeline:BuildPlayer (UnityEditor.BuildPlayerOptions)
KiwiStandaloneBuildDiagnostic:BuildWindows64 () (at Assets/KiwiAvatarSystem/Editor/KiwiStandaloneBuildDiagnostic.cs:130)

(Filename: Assets/KiwiAvatarSystem/Editor/KiwiComputeShaderPackagingAudit.cs Line: 248)

[KiwiV39ShaderAudit] Editor asset path=Packages/com.unity.ai.inference/Runtime/Core/Resources/Sentis/TextureConversion/TextureToTensor.compute TextureToTensorExact=1 Match=0
UnityEngine.Debug:ExtractStackTraceNoAlloc (byte*,int,string)
UnityEngine.StackTraceUtility:ExtractStackTrace ()
UnityEngine.DebugLogHandler:Internal_Log (UnityEngine.LogType,UnityEngine.LogOption,string,UnityEngine.Object)
UnityEngine.DebugLogHandler:LogFormat (UnityEngine.LogType,UnityEngine.Object,string,object[])
UnityEngine.Logger:Log (UnityEngine.LogType,object)
UnityEngine.Debug:Log (object)
KiwiComputeShaderPackagingAudit:ResetAndInventory (UnityEditor.Build.Reporting.BuildReport) (at Assets/KiwiAvatarSystem/Editor/KiwiComputeShaderPackagingAudit.cs:248)
KiwiComputeShaderPackagingAudit:OnPreprocessBuild (UnityEditor.Build.Reporting.BuildReport) (at Assets/KiwiAvatarSystem/Editor/KiwiComputeShaderPackagingAudit.cs:107)
UnityEditor.Build.BuildPipelineInterfaces/<>c__DisplayClass17_0:<OnBuildPreProcess>b__1 (UnityEditor.Build.IPreprocessBuildWithReport)
UnityEditor.Build.BuildPipelineInterfaces:InvokeCallbackInterfacesPair<UnityEditor.Build.IPreprocessBuild, UnityEditor.Build.IPreprocessBuildWithReport> (System.Collections.Generic.List`1<UnityEditor.Build.IPreprocessBuild>,System.Action`1<UnityEditor.Build.IPreprocessBuild>,System.Collections.Generic.List`1<UnityEditor.Build.IPreprocessBuildWithReport>,System.Action`1<UnityEditor.Build.IPreprocessBuildWithReport>,bool)
UnityEditor.Build.BuildPipelineInterfaces:OnBuildPreProcess (UnityEditor.Build.Reporting.BuildReport)
UnityEditor.BuildPipeline:BuildPlayerInternalNoCheck (string[],string,string,UnityEditor.BuildTargetGroup,UnityEditor.BuildTarget,int,UnityEditor.BuildOptions,string[],bool)
UnityEditor.BuildPipeline:BuildPlayerInternal (string[],string,string,UnityEditor.BuildTargetGroup,UnityEditor.BuildTarget,int,UnityEditor.BuildOptions,string[])
UnityEditor.BuildPipeline:BuildPlayer (string[],string,string,UnityEditor.BuildTargetGroup,UnityEditor.BuildTarget,int,UnityEditor.BuildOptions,string[])
UnityEditor.BuildPipeline:BuildPlayer (UnityEditor.BuildPlayerOptions)
KiwiStandaloneBuildDiagnostic:BuildWindows64 () (at Assets/KiwiAvatarSystem/Editor/KiwiStandaloneBuildDiagnostic.cs:130)

(Filename: Assets/KiwiAvatarSystem/Editor/KiwiComputeShaderPackagingAudit.cs Line: 248)

[KiwiV39ShaderAudit] inventory complete assets=42 target=StandaloneWindows64
UnityEngine.Debug:ExtractStackTraceNoAlloc (byte*,int,string)
UnityEngine.StackTraceUtility:ExtractStackTrace ()
UnityEngine.DebugLogHandler:Internal_Log (UnityEngine.LogType,UnityEngine.LogOption,string,UnityEngine.Object)
UnityEngine.DebugLogHandler:LogFormat (UnityEngine.LogType,UnityEngine.Object,string,object[])
UnityEngine.Logger:Log (UnityEngine.LogType,object)
UnityEngine.Debug:Log (object)
KiwiComputeShaderPackagingAudit:ResetAndInventory (UnityEditor.Build.Reporting.BuildReport) (at Assets/KiwiAvatarSystem/Editor/KiwiComputeShaderPackagingAudit.cs:259)
KiwiComputeShaderPackagingAudit:OnPreprocessBuild (UnityEditor.Build.Reporting.BuildReport) (at Assets/KiwiAvatarSystem/Editor/KiwiComputeShaderPackagingAudit.cs:107)
UnityEditor.Build.BuildPipelineInterfaces/<>c__DisplayClass17_0:<OnBuildPreProcess>b__1 (UnityEditor.Build.IPreprocessBuildWithReport)
UnityEditor.Build.BuildPipelineInterfaces:InvokeCallbackInterfacesPair<UnityEditor.Build.IPreprocessBuild, UnityEditor.Build.IPreprocessBuildWithReport> (System.Collections.Generic.List`1<UnityEditor.Build.IPreprocessBuild>,System.Action`1<UnityEditor.Build.IPreprocessBuild>,System.Collections.Generic.List`1<UnityEditor.Build.IPreprocessBuildWithReport>,System.Action`1<UnityEditor.Build.IPreprocessBuildWithReport>,bool)
UnityEditor.Build.BuildPipelineInterfaces:OnBuildPreProcess (UnityEditor.Build.Reporting.BuildReport)
UnityEditor.BuildPipeline:BuildPlayerInternalNoCheck (string[],string,string,UnityEditor.BuildTargetGroup,UnityEditor.BuildTarget,int,UnityEditor.BuildOptions,string[],bool)
UnityEditor.BuildPipeline:BuildPlayerInternal (string[],string,string,UnityEditor.BuildTargetGroup,UnityEditor.BuildTarget,int,UnityEditor.BuildOptions,string[])
UnityEditor.BuildPipeline:BuildPlayer (string[],string,string,UnityEditor.BuildTargetGroup,UnityEditor.BuildTarget,int,UnityEditor.BuildOptions,string[])
UnityEditor.BuildPipeline:BuildPlayer (UnityEditor.BuildPlayerOptions)
KiwiStandaloneBuildDiagnostic:BuildWindows64 () (at Assets/KiwiAvatarSystem/Editor/KiwiStandaloneBuildDiagnostic.cs:130)

(Filename: Assets/KiwiAvatarSystem/Editor/KiwiComputeShaderPackagingAudit.cs Line: 259)

Refreshing native plugins compatible for Editor in 3.92 ms, found 7 plugins.
Refreshing native plugins compatible for Editor in 3.72 ms, found 7 plugins.
Preloading 1 native plugins for Editor in 0.05 ms.
Asset Pipeline Refresh (id=3a255ba480cc36e49bdd0478c6a94185): Total: 0.055 seconds - Initiated by StopAssetImportingV2(NoUpdateAssetOptions)
[KiwiInferenceV42.1] PluginImporter policy PASS importer=1 native=1 preloaded=1 anyPlatform=0 editor=0 win64=1 cpu=x86_64 unity=6000.0.80f1
UnityEngine.Debug:ExtractStackTraceNoAlloc (byte*,int,string)
UnityEngine.StackTraceUtility:ExtractStackTrace ()
UnityEngine.DebugLogHandler:Internal_Log (UnityEngine.LogType,UnityEngine.LogOption,string,UnityEngine.Object)
UnityEngine.DebugLogHandler:LogFormat (UnityEngine.LogType,UnityEngine.Object,string,object[])
UnityEngine.Logger:Log (UnityEngine.LogType,object)
UnityEngine.Debug:Log (object)
KiwiV42PluginImportPolicy:ApplyAndValidateInternal (bool) (at Assets/KiwiAvatarSystem/Editor/KiwiV42PluginImportPolicy.cs:171)
KiwiV42PluginBuildGuard:OnPreprocessBuild (UnityEditor.Build.Reporting.BuildReport) (at Assets/KiwiAvatarSystem/Editor/KiwiV42PluginImportPolicy.cs:286)
UnityEditor.Build.BuildPipelineInterfaces/<>c__DisplayClass17_0:<OnBuildPreProcess>b__1 (UnityEditor.Build.IPreprocessBuildWithReport)
UnityEditor.Build.BuildPipelineInterfaces:InvokeCallbackInterfacesPair<UnityEditor.Build.IPreprocessBuild, UnityEditor.Build.IPreprocessBuildWithReport> (System.Collections.Generic.List`1<UnityEditor.Build.IPreprocessBuild>,System.Action`1<UnityEditor.Build.IPreprocessBuild>,System.Collections.Generic.List`1<UnityEditor.Build.IPreprocessBuildWithReport>,System.Action`1<UnityEditor.Build.IPreprocessBuildWithReport>,bool)
UnityEditor.Build.BuildPipelineInterfaces:OnBuildPreProcess (UnityEditor.Build.Reporting.BuildReport)
UnityEditor.BuildPipeline:BuildPlayerInternalNoCheck (string[],string,string,UnityEditor.BuildTargetGroup,UnityEditor.BuildTarget,int,UnityEditor.BuildOptions,string[],bool)
UnityEditor.BuildPipeline:BuildPlayerInternal (string[],string,string,UnityEditor.BuildTargetGroup,UnityEditor.BuildTarget,int,UnityEditor.BuildOptions,string[])
UnityEditor.BuildPipeline:BuildPlayer (string[],string,string,UnityEditor.BuildTargetGroup,UnityEditor.BuildTarget,int,UnityEditor.BuildOptions,string[])
UnityEditor.BuildPipeline:BuildPlayer (UnityEditor.BuildPlayerOptions)
KiwiStandaloneBuildDiagnostic:BuildWindows64 () (at Assets/KiwiAvatarSystem/Editor/KiwiStandaloneBuildDiagnostic.cs:130)

(Filename: Assets/KiwiAvatarSystem/Editor/KiwiV42PluginImportPolicy.cs Line: 171)

[TestRunBuilder] Creating new file 'Assets/Resources/PerformanceTestRunInfo.json' (2459 bytes)
UnityEngine.Debug:ExtractStackTraceNoAlloc (byte*,int,string)
UnityEngine.StackTraceUtility:ExtractStackTrace ()
UnityEngine.DebugLogHandler:Internal_Log (UnityEngine.LogType,UnityEngine.LogOption,string,UnityEngine.Object)
UnityEngine.DebugLogHandler:LogFormat (UnityEngine.LogType,UnityEngine.Object,string,object[])
UnityEngine.Logger:Log (UnityEngine.LogType,object)
UnityEngine.Debug:Log (object)
Unity.PerformanceTesting.Editor.TestRunBuilder:SaveToStorage (object,string) (at ./Library/PackageCache/com.unity.test-framework.performance@8b56083ec0f0/Editor/TestRunBuilder.cs:242)
Unity.PerformanceTesting.Editor.TestRunBuilder:OnPreprocessBuild (UnityEditor.Build.Reporting.BuildReport) (at ./Library/PackageCache/com.unity.test-framework.performance@8b56083ec0f0/Editor/TestRunBuilder.cs:35)
UnityEditor.Build.BuildPipelineInterfaces/<>c__DisplayClass17_0:<OnBuildPreProcess>b__1 (UnityEditor.Build.IPreprocessBuildWithReport)
UnityEditor.Build.BuildPipelineInterfaces:InvokeCallbackInterfacesPair<UnityEditor.Build.IPreprocessBuild, UnityEditor.Build.IPreprocessBuildWithReport> (System.Collections.Generic.List`1<UnityEditor.Build.IPreprocessBuild>,System.Action`1<UnityEditor.Build.IPreprocessBuild>,System.Collections.Generic.List`1<UnityEditor.Build.IPreprocessBuildWithReport>,System.Action`1<UnityEditor.Build.IPreprocessBuildWithReport>,bool)
UnityEditor.Build.BuildPipelineInterfaces:OnBuildPreProcess (UnityEditor.Build.Reporting.BuildReport)
UnityEditor.BuildPipeline:BuildPlayerInternalNoCheck (string[],string,string,UnityEditor.BuildTargetGroup,UnityEditor.BuildTarget,int,UnityEditor.BuildOptions,string[],bool)
UnityEditor.BuildPipeline:BuildPlayerInternal (string[],string,string,UnityEditor.BuildTargetGroup,UnityEditor.BuildTarget,int,UnityEditor.BuildOptions,string[])
UnityEditor.BuildPipeline:BuildPlayer (string[],string,string,UnityEditor.BuildTargetGroup,UnityEditor.BuildTarget,int,UnityEditor.BuildOptions,string[])
UnityEditor.BuildPipeline:BuildPlayer (UnityEditor.BuildPlayerOptions)
KiwiStandaloneBuildDiagnostic:BuildWindows64 () (at Assets/KiwiAvatarSystem/Editor/KiwiStandaloneBuildDiagnostic.cs:130)

(Filename: ./Library/PackageCache/com.unity.test-framework.performance@8b56083ec0f0/Editor/TestRunBuilder.cs Line: 242)

[TestRunBuilder] Creating new file 'Assets/Resources/PerformanceTestRunSettings.json' (23 bytes)
UnityEngine.Debug:ExtractStackTraceNoAlloc (byte*,int,string)
UnityEngine.StackTraceUtility:ExtractStackTrace ()
UnityEngine.DebugLogHandler:Internal_Log (UnityEngine.LogType,UnityEngine.LogOption,string,UnityEngine.Object)
UnityEngine.DebugLogHandler:LogFormat (UnityEngine.LogType,UnityEngine.Object,string,object[])
UnityEngine.Logger:Log (UnityEngine.LogType,object)
UnityEngine.Debug:Log (object)
Unity.PerformanceTesting.Editor.TestRunBuilder:SaveToStorage (object,string) (at ./Library/PackageCache/com.unity.test-framework.performance@8b56083ec0f0/Editor/TestRunBuilder.cs:242)
Unity.PerformanceTesting.Editor.TestRunBuilder:OnPreprocessBuild (UnityEditor.Build.Reporting.BuildReport) (at ./Library/PackageCache/com.unity.test-framework.performance@8b56083ec0f0/Editor/TestRunBuilder.cs:38)
UnityEditor.Build.BuildPipelineInterfaces/<>c__DisplayClass17_0:<OnBuildPreProcess>b__1 (UnityEditor.Build.IPreprocessBuildWithReport)
UnityEditor.Build.BuildPipelineInterfaces:InvokeCallbackInterfacesPair<UnityEditor.Build.IPreprocessBuild, UnityEditor.Build.IPreprocessBuildWithReport> (System.Collections.Generic.List`1<UnityEditor.Build.IPreprocessBuild>,System.Action`1<UnityEditor.Build.IPreprocessBuild>,System.Collections.Generic.List`1<UnityEditor.Build.IPreprocessBuildWithReport>,System.Action`1<UnityEditor.Build.IPreprocessBuildWithReport>,bool)
UnityEditor.Build.BuildPipelineInterfaces:OnBuildPreProcess (UnityEditor.Build.Reporting.BuildReport)
UnityEditor.BuildPipeline:BuildPlayerInternalNoCheck (string[],string,string,UnityEditor.BuildTargetGroup,UnityEditor.BuildTarget,int,UnityEditor.BuildOptions,string[],bool)
UnityEditor.BuildPipeline:BuildPlayerInternal (string[],string,string,UnityEditor.BuildTargetGroup,UnityEditor.BuildTarget,int,UnityEditor.BuildOptions,string[])
UnityEditor.BuildPipeline:BuildPlayer (string[],string,string,UnityEditor.BuildTargetGroup,UnityEditor.BuildTarget,int,UnityEditor.BuildOptions,string[])
UnityEditor.BuildPipeline:BuildPlayer (UnityEditor.BuildPlayerOptions)
KiwiStandaloneBuildDiagnostic:BuildWindows64 () (at Assets/KiwiAvatarSystem/Editor/KiwiStandaloneBuildDiagnostic.cs:130)

(Filename: ./Library/PackageCache/com.unity.test-framework.performance@8b56083ec0f0/Editor/TestRunBuilder.cs Line: 242)

App UI Settings is not a persistent object. Skipping adding it to preloaded assets.
If this is not intended, please make sure the App UI Settings object is saved to disk and selected in the Project Settings (Edit > Project Settings > App UI).
UnityEngine.Debug:ExtractStackTraceNoAlloc (byte*,int,string)
UnityEngine.StackTraceUtility:ExtractStackTrace ()
UnityEngine.DebugLogHandler:Internal_Log (UnityEngine.LogType,UnityEngine.LogOption,string,UnityEngine.Object)
UnityEngine.DebugLogHandler:LogFormat (UnityEngine.LogType,UnityEngine.Object,string,object[])
UnityEngine.Logger:Log (UnityEngine.LogType,object)
UnityEngine.Debug:LogWarning (object)
Unity.AppUI.Editor.AppUIBuildSetup:EnsureAppUISettingsArePreloaded () (at ./Library/PackageCache/com.unity.dt.app-ui@3bbd9e4c5c92/Editor/AppUIBuildSetup.cs:101)
Unity.AppUI.Editor.AppUIBuildSetup:OnPreprocessBuild (UnityEditor.Build.Reporting.BuildReport) (at ./Library/PackageCache/com.unity.dt.app-ui@3bbd9e4c5c92/Editor/AppUIBuildSetup.cs:72)
UnityEditor.Build.BuildPipelineInterfaces/<>c__DisplayClass17_0:<OnBuildPreProcess>b__1 (UnityEditor.Build.IPreprocessBuildWithReport)
UnityEditor.Build.BuildPipelineInterfaces:InvokeCallbackInterfacesPair<UnityEditor.Build.IPreprocessBuild, UnityEditor.Build.IPreprocessBuildWithReport> (System.Collections.Generic.List`1<UnityEditor.Build.IPreprocessBuild>,System.Action`1<UnityEditor.Build.IPreprocessBuild>,System.Collections.Generic.List`1<UnityEditor.Build.IPreprocessBuildWithReport>,System.Action`1<UnityEditor.Build.IPreprocessBuildWithReport>,bool)
UnityEditor.Build.BuildPipelineInterfaces:OnBuildPreProcess (UnityEditor.Build.Reporting.BuildReport)
UnityEditor.BuildPipeline:BuildPlayerInternalNoCheck (string[],string,string,UnityEditor.BuildTargetGroup,UnityEditor.BuildTarget,int,UnityEditor.BuildOptions,string[],bool)
UnityEditor.BuildPipeline:BuildPlayerInternal (string[],string,string,UnityEditor.BuildTargetGroup,UnityEditor.BuildTarget,int,UnityEditor.BuildOptions,string[])
UnityEditor.BuildPipeline:BuildPlayer (string[],string,string,UnityEditor.BuildTargetGroup,UnityEditor.BuildTarget,int,UnityEditor.BuildOptions,string[])
UnityEditor.BuildPipeline:BuildPlayer (UnityEditor.BuildPlayerOptions)
KiwiStandaloneBuildDiagnostic:BuildWindows64 () (at Assets/KiwiAvatarSystem/Editor/KiwiStandaloneBuildDiagnostic.cs:130)

(Filename: ./Library/PackageCache/com.unity.dt.app-ui@3bbd9e4c5c92/Editor/AppUIBuildSetup.cs Line: 101)

Start importing ProjectSettings/ProjectSettings.asset using Guid(00000000000000004000000000000000) (LibraryAssetImporter) -> (artifact id: 'ecf7795b165c4bbd0ae27f374626fe01') in 0.0070977 seconds
Start importing ProjectSettings/GraphicsSettings.asset using Guid(00000000000000006100000000000000) (LibraryAssetImporter) -> (artifact id: 'e6ce6f5c780bb00842ec7d12f6fff323') in 0.0019306 seconds
Start importing Assets/Resources/PerformanceTestRunSettings.json using Guid(8181bdc48b36d7146adaf283b3af511a) (TextScriptImporter) -> (artifact id: '8bc4b5e992b8ae41c0280790a70ba183') in 0.0141568 seconds
Start importing Assets/Resources/PerformanceTestRunInfo.json using Guid(c91ee6e470f160947bf06ffd8b9a3042) (TextScriptImporter) -> (artifact id: '7aebd67fef370b8c97956be22d6f7479') in 0.0104224 seconds
Launched and connected shader compiler UnityShaderCompiler.exe after 0.01 seconds
Refreshing native plugins compatible for Editor in 4.21 ms, found 7 plugins.
Preloading 1 native plugins for Editor in 0.05 ms.
Asset Pipeline Refresh (id=ca5dfbe321e819c4dad9447165916100): Total: 0.145 seconds - Initiated by StopAssetImportingV2(NoUpdateAssetOptions)
Starting: C:\Program Files\Unity\Hub\Editor\6000.0.80f1\Editor\Data\bee_backend.exe --ipc --defer-dag-verification --dagfile="Library/Bee/1900b0aESkipCompile.dag" --continue-on-failure --profile="Library/Bee/backend1.traceevents" ScriptAssembliesAndTypeDB
WorkingDir: D:/KiwiAvatarSystem
ExitCode: 0 Duration: 0s144ms
*** Tundra build success (0.10 seconds), 0 items updated, 3 evaluated
Asset Pipeline Refresh (id=115c933242ffe484cb688872f64191e2): Total: 0.011 seconds - Initiated by RefreshV2(NoUpdateAssetOptions)
[ScriptCompilation] Requested script compilation because: Recompiling scripts for player build.
BuildPlayer: start building target 19
Duplicate assembly 'System.Runtime.CompilerServices.Unsafe.dll' with different versions detected, using 'Packages/com.unity.collections/Unity.Collections.Tests/System.Runtime.CompilerServices.Unsafe/System.Runtime.CompilerServices.Unsafe.dll, AssemblyName=System.Runtime.CompilerServices.Unsafe, Version=6.0.0.0, Culture=neutral, PublicKeyToken=b03f5f7f11d50a3a' and ignoring 'Packages/com.github.homuler.mediapipe/Runtime/Plugins/Protobuf/System.Runtime.CompilerServices.Unsafe.dll, AssemblyName=System.Runtime.CompilerServices.Unsafe, Version=4.0.4.1, Culture=neutral, PublicKeyToken=b03f5f7f11d50a3a'.Starting: C:\Program Files\Unity\Hub\Editor\6000.0.80f1\Editor\Data\bee_backend.exe --ipc --defer-dag-verification --dagfile="Library/Bee/1900b0aPDevDbg.dag" --continue-on-failure --profile="Library/Bee/backend1.traceevents" ScriptAssembliesAndTypeDB
WorkingDir: D:/KiwiAvatarSystem
Duplicate assembly 'System.Runtime.CompilerServices.Unsafe.dll' with different versions detected, using 'Packages/com.unity.collections/Unity.Collections.Tests/System.Runtime.CompilerServices.Unsafe/System.Runtime.CompilerServices.Unsafe.dll, AssemblyName=System.Runtime.CompilerServices.Unsafe, Version=6.0.0.0, Culture=neutral, PublicKeyToken=b03f5f7f11d50a3a' and ignoring 'Packages/com.github.homuler.mediapipe/Runtime/Plugins/Protobuf/System.Runtime.CompilerServices.Unsafe.dll, AssemblyName=System.Runtime.CompilerServices.Unsafe, Version=4.0.4.1, Culture=neutral, PublicKeyToken=b03f5f7f11d50a3a'.Total cache size 231230986
Total cache size after purge 231230986, took 00:00:00.1967774
Duplicate assembly 'System.Runtime.CompilerServices.Unsafe.dll' with different versions detected, using 'Packages/com.unity.collections/Unity.Collections.Tests/System.Runtime.CompilerServices.Unsafe/System.Runtime.CompilerServices.Unsafe.dll, AssemblyName=System.Runtime.CompilerServices.Unsafe, Version=6.0.0.0, Culture=neutral, PublicKeyToken=b03f5f7f11d50a3a' and ignoring 'Packages/com.github.homuler.mediapipe/Runtime/Plugins/Protobuf/System.Runtime.CompilerServices.Unsafe.dll, AssemblyName=System.Runtime.CompilerServices.Unsafe, Version=4.0.4.1, Culture=neutral, PublicKeyToken=b03f5f7f11d50a3a'.Duplicate assembly 'System.Runtime.CompilerServices.Unsafe.dll' with different versions detected, using 'Packages/com.unity.collections/Unity.Collections.Tests/System.Runtime.CompilerServices.Unsafe/System.Runtime.CompilerServices.Unsafe.dll, AssemblyName=System.Runtime.CompilerServices.Unsafe, Version=6.0.0.0, Culture=neutral, PublicKeyToken=b03f5f7f11d50a3a' and ignoring 'Packages/com.github.homuler.mediapipe/Runtime/Plugins/Protobuf/System.Runtime.CompilerServices.Unsafe.dll, AssemblyName=System.Runtime.CompilerServices.Unsafe, Version=4.0.4.1, Culture=neutral, PublicKeyToken=b03f5f7f11d50a3a'.ExitCode: 0 Duration: 1s889ms
[360/511    0s] WriteResponseFile Library/Bee/artifacts/rsp/4747638433968585886.rsp
[439/511    0s] ILPP-Configuration Library/ilpp-configuration.nevergeneratedoutput
[463/511    0s] CopyFiles Library/Bee/PlayerScriptAssemblies/UniGLTF.UniUnlit.pdb
[464/511    0s] CopyFiles Library/Bee/PlayerScriptAssemblies/UniGLTF.UniUnlit.dll
[465/511    0s] CopyFiles Library/Bee/PlayerScriptAssemblies/Klak.Spout.Runtime.dll
[466/511    0s] CopyFiles Library/Bee/PlayerScriptAssemblies/Klak.Spout.Runtime.pdb
[467/511    0s] CopyFiles Library/Bee/PlayerScriptAssemblies/UniGLTF.dll
[468/511    0s] CopyFiles Library/Bee/PlayerScriptAssemblies/Assembly-CSharp.dll
[469/511    0s] CopyFiles Library/Bee/PlayerScriptAssemblies/Mediapipe.Runtime.pdb
[470/511    0s] CopyFiles Library/Bee/PlayerScriptAssemblies/Unity.Collections.pdb
[471/511    0s] CopyFiles Library/Bee/PlayerScriptAssemblies/Assembly-CSharp.pdb
[472/511    0s] CopyFiles Library/Bee/PlayerScriptAssemblies/VRM.dll
[473/511    0s] CopyFiles Library/Bee/PlayerScriptAssemblies/SpringBoneJobs.pdb
[474/511    0s] CopyFiles Library/Bee/PlayerScriptAssemblies/Unity.Collections.dll
[475/511    0s] CopyFiles Library/Bee/PlayerScriptAssemblies/SpringBoneJobs.dll
[476/511    0s] CopyFiles Library/Bee/PlayerScriptAssemblies/Mediapipe.Runtime.dll
[477/511    0s] CopyFiles Library/Bee/PlayerScriptAssemblies/UniGLTF.pdb
[478/511    0s] CopyFiles Library/Bee/PlayerScriptAssemblies/UnityEngine.UI.pdb
[479/511    0s] CopyFiles Library/Bee/PlayerScriptAssemblies/VRM.pdb
[480/511    0s] CopyFiles Library/Bee/PlayerScriptAssemblies/UnityEngine.UI.dll
[481/511    0s] CopyFiles Library/Bee/PlayerScriptAssemblies/Unity.AppUI.Navigation.dll
[482/511    0s] CopyFiles Library/Bee/PlayerScriptAssemblies/Unity.AppUI.MVVM.dll
[483/511    0s] CopyFiles Library/Bee/PlayerScriptAssemblies/Unity.AppUI.Undo.dll
[484/511    0s] CopyFiles Library/Bee/PlayerScriptAssemblies/Unity.InferenceEngine.dll
[485/511    0s] CopyFiles Library/Bee/PlayerScriptAssemblies/Unity.TextMeshPro.dll
[486/511    0s] CopyFiles Library/Bee/PlayerScriptAssemblies/Unity.InferenceEngine.Tokenization.dll
[487/511    0s] CopyFiles Library/Bee/PlayerScriptAssemblies/Unity.Burst.dll
[488/511    0s] CopyFiles Library/Bee/PlayerScriptAssemblies/UniGLTF.Utils.dll
[489/511    0s] CopyFiles Library/Bee/PlayerScriptAssemblies/MToon.dll
[490/511    0s] CopyFiles Library/Bee/PlayerScriptAssemblies/Unity.AppUI.Redux.dll
[491/511    0s] CopyFiles Library/Bee/PlayerScriptAssemblies/UniHumanoid.dll
[492/511    0s] CopyFiles Library/Bee/PlayerScriptAssemblies/Unity.AppUI.InternalAPIBridge.dll
[493/511    0s] CopyFiles Library/Bee/PlayerScriptAssemblies/Unity.Mathematics.dll
[494/511    0s] CopyFiles Library/Bee/PlayerScriptAssemblies/Unity.AppUI.dll
[495/511    0s] CopyFiles Library/Bee/PlayerScriptAssemblies/Unity.AppUI.pdb
[496/511    0s] CopyFiles Library/Bee/PlayerScriptAssemblies/MToon.pdb
[497/511    0s] CopyFiles Library/Bee/PlayerScriptAssemblies/UniHumanoid.pdb
[498/511    0s] CopyFiles Library/Bee/PlayerScriptAssemblies/UniGLTF.Utils.pdb
[499/511    0s] CopyFiles Library/Bee/PlayerScriptAssemblies/Unity.AppUI.InternalAPIBridge.pdb
[500/511    0s] CopyFiles Library/Bee/PlayerScriptAssemblies/Unity.Mathematics.pdb
[501/511    0s] CopyFiles Library/Bee/PlayerScriptAssemblies/Unity.AppUI.Redux.pdb
[502/511    0s] CopyFiles Library/Bee/PlayerScriptAssemblies/Unity.AppUI.MVVM.pdb
[503/511    0s] CopyFiles Library/Bee/PlayerScriptAssemblies/Unity.AppUI.Undo.pdb
[504/511    0s] CopyFiles Library/Bee/PlayerScriptAssemblies/Unity.AppUI.Navigation.pdb
[505/511    0s] CopyFiles Library/Bee/PlayerScriptAssemblies/Unity.Burst.pdb
[506/511    0s] CopyFiles Library/Bee/PlayerScriptAssemblies/Unity.TextMeshPro.pdb
[507/511    0s] CopyFiles Library/Bee/PlayerScriptAssemblies/Unity.InferenceEngine.Tokenization.pdb
[508/511    0s] CopyFiles Library/Bee/PlayerScriptAssemblies/Unity.InferenceEngine.pdb
*** Tundra build success (1.86 seconds), 48 items updated, 511 evaluated
Rebuilding Data files because Assets/Resources/PerformanceTestRunSettings.json is dirty (hash)
Total cache size 231230986
Total cache size after purge 231230986, took 00:00:00.1974414
Opening scene 'Assets/Scenes/Face Landmark Detection.unity'
Unloading 2 Unused Serialized files (Serialized files now loaded: 0)
Loaded scene 'Assets/Scenes/Face Landmark Detection.unity'
	Deserialize:            3.011 ms
	Integration:            324.723 ms
	Integration of assets:  0.004 ms
	Thread Wait Time:       31.344 ms
	Total Operation Time:   359.082 ms
Unloading 109 unused Assets / (11.6 MB). Loaded Objects now: 5352.
Memory consumption went from 200.7 MB to 189.1 MB.
Total: 10.498900 ms (FindLiveObjects: 0.353900 ms CreateObjectMapping: 0.089900 ms MarkObjects: 6.751400 ms  DeleteObjects: 3.303200 ms)

Created GICache directory at C:/Users/main/AppData/LocalLow/Unity/Caches/GiCache. Took: 0.013s, timestamps: [11.240 - 11.253]
Duplicate assembly 'System.Runtime.CompilerServices.Unsafe.dll' with different versions detected, using 'Packages/com.unity.collections/Unity.Collections.Tests/System.Runtime.CompilerServices.Unsafe/System.Runtime.CompilerServices.Unsafe.dll, AssemblyName=System.Runtime.CompilerServices.Unsafe, Version=6.0.0.0, Culture=neutral, PublicKeyToken=b03f5f7f11d50a3a' and ignoring 'Packages/com.github.homuler.mediapipe/Runtime/Plugins/Protobuf/System.Runtime.CompilerServices.Unsafe.dll, AssemblyName=System.Runtime.CompilerServices.Unsafe, Version=4.0.4.1, Culture=neutral, PublicKeyToken=b03f5f7f11d50a3a'.

Mono dependencies included in the build
Dependency assembly - System.ComponentModel.dll
Dependency assembly - Mono.Parallel.dll
Dependency assembly - System.Security.Cryptography.X509Certificates.dll
Dependency assembly - System.Security.Cryptography.Cng.dll
Dependency assembly - System.AppContext.dll
Dependency assembly - System.Security.Cryptography.RSA.dll
Dependency assembly - System.ServiceModel.Discovery.dll
Dependency assembly - System.ComponentModel.DataAnnotations.dll
Dependency assembly - System.Reflection.DispatchProxy.dll
Dependency assembly - System.Web.ApplicationServices.dll
Dependency assembly - Mono.Http.dll
Dependency assembly - System.Data.Entity.dll
Dependency assembly - System.Design.dll
Dependency assembly - System.Management.dll
Dependency assembly - System.Security.Cryptography.Pkcs.dll
Dependency assembly - Unity.AppUI.Redux.dll
Dependency assembly - Mono.Btls.Interface.dll
Dependency assembly - System.Web.Services.dll
Dependency assembly - System.Windows.Forms.dll
Dependency assembly - System.Globalization.Extensions.dll
Dependency assembly - System.IO.MemoryMappedFiles.dll
Dependency assembly - System.Runtime.CompilerServices.Unsafe.dll
Dependency assembly - System.Net.WebHeaderCollection.dll
Dependency assembly - System.ServiceModel.Security.dll
Dependency assembly - System.Web.DynamicData.dll
Dependency assembly - System.Runtime.Serialization.Xml.dll
Dependency assembly - Mono.Options.dll
Dependency assembly - System.DirectoryServices.dll
Dependency assembly - System.Linq.dll
Dependency assembly - System.IO.Hashing.dll
Dependency assembly - System.Collections.Specialized.dll
Dependency assembly - System.Xml.XmlDocument.dll
Dependency assembly - I18N.dll
Dependency assembly - System.Linq.Parallel.dll
Dependency assembly - System.Runtime.Loader.dll
Dependency assembly - monodoc.dll
Dependency assembly - Microsoft.Build.Engine.dll
Dependency assembly - System.Collections.NonGeneric.dll
Dependency assembly - System.Security.Cryptography.DeriveBytes.dll
Dependency assembly - System.Diagnostics.Tracing.dll
Dependency assembly - System.Runtime.Serialization.Formatters.dll
Dependency assembly - System.IdentityModel.dll
Dependency assembly - System.ServiceModel.Duplex.dll
Dependency assembly - Commons.Xml.Relaxng.dll
Dependency assembly - Assembly-CSharp.dll
Dependency assembly - UniGLTF.Utils.dll
Dependency assembly - System.Globalization.Calendars.dll
Dependency assembly - System.Numerics.Vectors.dll
Dependency assembly - System.Net.dll
Dependency assembly - IBM.Data.DB2.dll
Dependency assembly - Unity.AppUI.MVVM.dll
Dependency assembly - System.Linq.Queryable.dll
Dependency assembly - System.Reflection.Emit.Lightweight.dll
Dependency assembly - Mono.Profiler.Log.dll
Dependency assembly - System.IO.FileSystem.Watcher.dll
Dependency assembly - System.ServiceModel.Activation.dll
Dependency assembly - System.Xml.XmlSerializer.dll
Dependency assembly - Unity.AppUI.dll
Dependency assembly - System.Net.Sockets.dll
Dependency assembly - System.Drawing.Primitives.dll
Dependency assembly - System.Xml.XPath.XDocument.dll
Dependency assembly - System.Data.SqlClient.dll
Dependency assembly - System.Deployment.dll
Dependency assembly - System.ServiceModel.Primitives.dll
Dependency assembly - Mono.Messaging.RabbitMQ.dll
Dependency assembly - System.ServiceModel.dll
Dependency assembly - I18N.Rare.dll
Dependency assembly - System.Reactive.Linq.dll
Dependency assembly - System.IdentityModel.Selectors.dll
Dependency assembly - System.ComponentModel.Composition.dll
Dependency assembly - System.Net.Http.WebRequest.dll
Dependency assembly - System.Json.Microsoft.dll
Dependency assembly - System.Reactive.Observable.Aliases.dll
Dependency assembly - System.Reactive.Windows.Forms.dll
Dependency assembly - System.Web.Http.SelfHost.dll
Dependency assembly - System.Xml.XDocument.dll
Dependency assembly - System.Security.Principal.dll
Dependency assembly - System.Memory.dll
Dependency assembly - System.Configuration.Install.dll
Dependency assembly - System.Diagnostics.TextWriterTraceListener.dll
Dependency assembly - System.Net.NetworkInformation.dll
Dependency assembly - System.Security.SecureString.dll
Dependency assembly - Unity.AppUI.Undo.dll
Dependency assembly - System.Drawing.dll
Dependency assembly - System.Runtime.Numerics.dll
Dependency assembly - Novell.Directory.Ldap.dll
Dependency assembly - System.Transactions.dll
Dependency assembly - System.Net.Requests.dll
Dependency assembly - System.Security.Cryptography.Encoding.dll
Dependency assembly - System.Xml.Xsl.Primitives.dll
Dependency assembly - System.Reflection.Context.dll
Dependency assembly - System.Net.Http.Rtc.dll
Dependency assembly - Unity.InferenceEngine.Tokenization.dll
Dependency assembly - System.Net.Utilities.dll
Dependency assembly - System.ObjectModel.dll
Dependency assembly - System.Net.Ping.dll
Dependency assembly - SMDiagnostics.dll
Dependency assembly - System.Reactive.Providers.dll
Dependency assembly - System.Reactive.Debugger.dll
Dependency assembly - System.IO.FileSystem.dll
Dependency assembly - System.Net.Primitives.dll
Dependency assembly - System.Collections.dll
Dependency assembly - System.Resources.Writer.dll
Dependency assembly - System.Xml.Serialization.dll
Dependency assembly - System.Web.Routing.dll
Dependency assembly - System.Security.Cryptography.Hashing.dll
Dependency assembly - System.IO.IsolatedStorage.dll
Dependency assembly - System.Reflection.TypeExtensions.dll
Dependency assembly - Mono.C5.dll
Dependency assembly - System.Resources.ReaderWriter.dll
Dependency assembly - System.Xml.dll
Dependency assembly - System.Runtime.DurableInstancing.dll
Dependency assembly - Microsoft.Build.Framework.dll
Dependency assembly - I18N.West.dll
Dependency assembly - System.ServiceModel.Web.dll
Dependency assembly - System.Text.Encoding.Extensions.dll
Dependency assembly - Microsoft.Win32.Registry.dll
Dependency assembly - System.Net.WebSockets.dll
Dependency assembly - System.Diagnostics.Debug.dll
Dependency assembly - System.Diagnostics.Tools.dll
Dependency assembly - System.IO.Compression.ZipFile.dll
Dependency assembly - System.Security.Cryptography.Algorithms.dll
Dependency assembly - ICSharpCode.SharpZipLib.dll
Dependency assembly - System.Web.Http.dll
Dependency assembly - System.Security.Cryptography.OpenSsl.dll
Dependency assembly - System.Threading.Timer.dll
Dependency assembly - System.Collections.Concurrent.dll
Dependency assembly - System.Numerics.dll
Dependency assembly - Unity.AppUI.InternalAPIBridge.dll
Dependency assembly - System.IO.FileSystem.AccessControl.dll
Dependency assembly - WebMatrix.Data.dll
Dependency assembly - System.Xml.ReaderWriter.dll
Dependency assembly - System.Threading.Tasks.Parallel.dll
Dependency assembly - System.Text.Encoding.CodePages.dll
Dependency assembly - Microsoft.Win32.Registry.AccessControl.dll
Dependency assembly - System.Data.Services.dll
Dependency assembly - UniHumanoid.dll
Dependency assembly - Unity.InferenceEngine.dll
Dependency assembly - System.Net.Mail.dll
Dependency assembly - System.ComponentModel.Primitives.dll
Dependency assembly - System.Threading.Tasks.dll
Dependency assembly - System.Reactive.Core.dll
Dependency assembly - Unity.Burst.Unsafe.dll
Dependency assembly - System.Reactive.Runtime.Remoting.dll
Dependency assembly - System.Security.Cryptography.ProtectedData.dll
Dependency assembly - System.Security.dll
Dependency assembly - System.Web.Http.WebHost.dll
Dependency assembly - Mono.Messaging.dll
Dependency assembly - System.IO.FileSystem.DriveInfo.dll
Dependency assembly - System.IO.Pipes.dll
Dependency assembly - System.Resources.Reader.dll
Dependency assembly - Mono.Posix.dll
Dependency assembly - System.Runtime.InteropServices.dll
Dependency assembly - System.Net.Http.dll
Dependency assembly - System.Xaml.dll
Dependency assembly - System.Security.Cryptography.Csp.dll
Dependency assembly - System.Threading.dll
Dependency assembly - SpringBoneJobs.dll
Dependency assembly - System.Dynamic.dll
Dependency assembly - System.Runtime.Serialization.Primitives.dll
Dependency assembly - RabbitMQ.Client.dll
Dependency assembly - System.ComponentModel.EventBasedAsync.dll
Dependency assembly - Microsoft.Build.dll
Dependency assembly - System.dll
Dependency assembly - Mediapipe.Runtime.dll
Dependency assembly - Mono.Security.dll
Dependency assembly - System.Xml.Linq.dll
Dependency assembly - System.Reactive.PlatformServices.dll
Dependency assembly - Accessibility.dll
Dependency assembly - System.Core.dll
Dependency assembly - System.Runtime.Serialization.dll
Dependency assembly - I18N.CJK.dll
Dependency assembly - Mono.Cairo.dll
Dependency assembly - Mono.XBuild.Tasks.dll
Dependency assembly - System.Web.Abstractions.dll
Dependency assembly - System.Dynamic.Runtime.dll
Dependency assembly - System.Security.Cryptography.Encryption.Aes.dll
Dependency assembly - System.Diagnostics.FileVersionInfo.dll
Dependency assembly - System.Drawing.Design.dll
Dependency assembly - System.Web.RegularExpressions.dll
Dependency assembly - System.ValueTuple.dll
Dependency assembly - System.Web.dll
Dependency assembly - System.Net.HttpListener.dll
Dependency assembly - System.ServiceModel.Routing.dll
Dependency assembly - Microsoft.ML.OnnxRuntime.dll
Dependency assembly - System.Reflection.Primitives.dll
Dependency assembly - System.ComponentModel.TypeConverter.dll
Dependency assembly - System.Threading.Tasks.Extensions.dll
Dependency assembly - System.Security.Cryptography.Primitives.dll
Dependency assembly - System.ComponentModel.Annotations.dll
Dependency assembly - System.IO.FileSystem.Primitives.dll
Dependency assembly - Microsoft.Build.Utilities.v4.0.dll
Dependency assembly - Microsoft.VisualC.dll
Dependency assembly - System.Runtime.CompilerServices.VisualC.dll
Dependency assembly - System.Web.Extensions.dll
Dependency assembly - mscorlib.dll
Dependency assembly - System.Runtime.Handles.dll
Dependency assembly - System.Threading.Thread.dll
Dependency assembly - Microsoft.CSharp.dll
Dependency assembly - MToon.dll
Dependency assembly - System.Buffers.dll
Dependency assembly - UnityEngine.UI.dll
Dependency assembly - System.Net.NameResolution.dll
Dependency assembly - System.Net.AuthenticationManager.dll
Dependency assembly - System.ServiceProcess.dll
Dependency assembly - System.Security.Cryptography.Encryption.ECDsa.dll
Dependency assembly - System.Text.Encoding.dll
Dependency assembly - System.Xml.XPath.dll
Dependency assembly - System.Security.Claims.dll
Dependency assembly - Unity.Collections.dll
Dependency assembly - System.Data.OracleClient.dll
Dependency assembly - System.Reactive.Experimental.dll
Dependency assembly - netstandard.dll
Dependency assembly - System.DirectoryServices.Protocols.dll
Dependency assembly - SystemWebTestShim.dll
Dependency assembly - cscompmgd.dll
Dependency assembly - System.IO.dll
Dependency assembly - System.IO.UnmanagedMemoryStream.dll
Dependency assembly - Unity.AppUI.Navigation.dll
Dependency assembly - System.Runtime.Extensions.dll
Dependency assembly - System.Runtime.Remoting.dll
Dependency assembly - System.Diagnostics.TraceEvent.dll
Dependency assembly - Mono.WebBrowser.dll
Dependency assembly - System.Workflow.Activities.dll
Dependency assembly - System.Reactive.Windows.Threading.dll
Dependency assembly - System.Threading.Tasks.Dataflow.dll
Dependency assembly - System.Workflow.Runtime.dll
Dependency assembly - Unity.TextMeshPro.dll
Dependency assembly - VRM.dll
Dependency assembly - Mono.CompilerServices.SymbolWriter.dll
Dependency assembly - UniGLTF.UniUnlit.dll
Dependency assembly - System.Console.dll
Dependency assembly - System.Security.Cryptography.Encryption.dll
Dependency assembly - System.Diagnostics.TraceSource.dll
Dependency assembly - System.Diagnostics.Process.dll
Dependency assembly - System.Threading.AccessControl.dll
Dependency assembly - System.Data.Linq.dll
Dependency assembly - PEAPI.dll
Dependency assembly - System.Runtime.Caching.dll
Dependency assembly - System.ServiceProcess.ServiceController.dll
Dependency assembly - Google.Protobuf.dll
Dependency assembly - System.Web.Extensions.Design.dll
Dependency assembly - System.Security.Principal.Windows.dll
Dependency assembly - CustomMarshalers.dll
Dependency assembly - System.Text.RegularExpressions.dll
Dependency assembly - Microsoft.Win32.Primitives.dll
Dependency assembly - System.Threading.Overlapped.dll
Dependency assembly - System.Reactive.Interfaces.dll
Dependency assembly - Mono.Security.Win32.dll
Dependency assembly - System.Net.Cache.dll
Dependency assembly - Unity.Burst.dll
Dependency assembly - Mono.Data.Sqlite.dll
Dependency assembly - System.Web.Mvc.dll
Dependency assembly - System.Security.Cryptography.RandomNumberGenerator.dll
Dependency assembly - System.Net.Http.Formatting.dll
Dependency assembly - I18N.MidEast.dll
Dependency assembly - System.ServiceModel.Internals.dll
Dependency assembly - System.Diagnostics.Contracts.dll
Dependency assembly - System.EnterpriseServices.dll
Dependency assembly - Mono.Data.Tds.dll
Dependency assembly - Mono.Simd.dll
Dependency assembly - System.Globalization.dll
Dependency assembly - Klak.Spout.Runtime.dll
Dependency assembly - System.Threading.ThreadPool.dll
Dependency assembly - WindowsBase.dll
Dependency assembly - System.Web.WebPages.Razor.dll
Dependency assembly - System.Messaging.dll
Dependency assembly - System.Data.DataSetExtensions.dll
Dependency assembly - System.Data.dll
Dependency assembly - Unity.Collections.LowLevel.ILSupport.dll
Dependency assembly - System.Security.Cryptography.Encryption.ECDiffieHellman.dll
Dependency assembly - System.Security.Cryptography.Hashing.Algorithms.dll
Dependency assembly - System.Runtime.Serialization.Formatters.Soap.dll
Dependency assembly - UniGLTF.dll
Dependency assembly - System.Reflection.Emit.dll
Dependency assembly - System.ServiceModel.Http.dll
Dependency assembly - System.Linq.Expressions.dll
Dependency assembly - System.Configuration.dll
Dependency assembly - System.Diagnostics.StackTrace.dll
Dependency assembly - System.Data.Common.dll
Dependency assembly - System.Runtime.InteropServices.RuntimeInformation.dll
Dependency assembly - System.Runtime.InteropServices.WindowsRuntime.dll
Dependency assembly - System.Net.ServicePoint.dll
Dependency assembly - Microsoft.Build.Tasks.v4.0.dll
Dependency assembly - Unity.Mathematics.dll
Dependency assembly - System.Net.WebSockets.Client.dll
Dependency assembly - System.IO.Compression.dll
Dependency assembly - System.Runtime.dll
Dependency assembly - I18N.Other.dll
Dependency assembly - System.Resources.ResourceManager.dll
Dependency assembly - System.Web.Mobile.dll
Dependency assembly - Newtonsoft.Json.dll
Dependency assembly - System.Reflection.Extensions.dll
Dependency assembly - System.Runtime.Serialization.Json.dll
Dependency assembly - System.Reflection.Emit.ILGeneration.dll
Dependency assembly - Mono.Management.dll
Dependency assembly - Mono.CSharp.dll
Dependency assembly - System.IO.Compression.FileSystem.dll
Dependency assembly - Mono.Tasklets.dll
Dependency assembly - Microsoft.Web.Infrastructure.dll
Dependency assembly - System.Json.dll
Dependency assembly - System.Web.WebPages.dll
Dependency assembly - System.Security.AccessControl.dll
Dependency assembly - System.Web.Razor.dll
Dependency assembly - System.Net.Security.dll
Dependency assembly - System.Xml.XPath.XmlDocument.dll
Dependency assembly - System.Reflection.dll
Dependency assembly - System.Data.Services.Client.dll
Dependency assembly - System.Workflow.ComponentModel.dll
Dependency assembly - System.Windows.dll
Dependency assembly - System.Windows.Forms.DataVisualization.dll
Dependency assembly - System.Web.WebPages.Deployment.dll
Dependency assembly - System.ServiceModel.NetTcp.dll

Unloading 128 Unused Serialized files (Serialized files now loaded: 0)
Unloading 1120 unused Assets / (64.0 MB). Loaded Objects now: 4224.
Memory consumption went from 223.8 MB to 159.9 MB.
Total: 22.131800 ms (FindLiveObjects: 0.221700 ms CreateObjectMapping: 0.093400 ms MarkObjects: 10.738700 ms  DeleteObjects: 11.076500 ms)

Unloading 0 Unused Serialized files (Serialized files now loaded: 0)
Unloading 0 unused Assets / (20.3 KB). Loaded Objects now: 4224.
Memory consumption went from 158.9 MB to 158.9 MB.
Total: 10.788500 ms (FindLiveObjects: 0.558400 ms CreateObjectMapping: 0.115500 ms MarkObjects: 10.093900 ms  DeleteObjects: 0.019200 ms)

Unloading 7 Unused Serialized files (Serialized files now loaded: 0)
Unloading 164 unused Assets / (139.3 MB). Loaded Objects now: 4224.
Memory consumption went from 267.6 MB to 128.3 MB.
Total: 33.432200 ms (FindLiveObjects: 0.541900 ms CreateObjectMapping: 0.102000 ms MarkObjects: 14.030200 ms  DeleteObjects: 18.757000 ms)

Compiling shader "Hidden/App UI/CanvasBackground" pass "GridBackground" (vp)
    Full variant space:         2
    After settings filtering:   2
    After built-in stripping:   2
    After scriptable stripping: 2
    Processed in 0.01 seconds
    starting compilation...
    finished in 0.00 seconds. Local cache hits 2 (0.00s CPU time), remote cache hits 0 (0.00s CPU time), compiled 0 variants (0.00s CPU time), skipped 0 variants
    Prepared data for serialisation in 0.00s
Compiling shader "Hidden/App UI/CanvasBackground" pass "GridBackground" (fp)
    Full variant space:         2
    After settings filtering:   2
    After built-in stripping:   2
    After scriptable stripping: 2
    Processed in 0.00 seconds
    starting compilation...
    finished in 0.00 seconds. Local cache hits 2 (0.00s CPU time), remote cache hits 0 (0.00s CPU time), compiled 0 variants (0.00s CPU time), skipped 0 variants
    Prepared data for serialisation in 0.00s
Serialized binary data for shader Hidden/App UI/CanvasBackground in 0.00s
    d3d11 (total internal programs: 4, unique: 4)
Compiling shader "Hidden/App UI/CircularProgress" pass "" (vp)
    Full variant space:         2
    After settings filtering:   2
    After built-in stripping:   2
    After scriptable stripping: 2
    Processed in 0.00 seconds
    starting compilation...
    finished in 0.00 seconds. Local cache hits 2 (0.00s CPU time), remote cache hits 0 (0.00s CPU time), compiled 0 variants (0.00s CPU time), skipped 0 variants
    Prepared data for serialisation in 0.00s
Compiling shader "Hidden/App UI/CircularProgress" pass "" (fp)
    Full variant space:         2
    After settings filtering:   2
    After built-in stripping:   2
    After scriptable stripping: 2
    Processed in 0.00 seconds
    starting compilation...
    finished in 0.00 seconds. Local cache hits 2 (0.00s CPU time), remote cache hits 0 (0.00s CPU time), compiled 0 variants (0.00s CPU time), skipped 0 variants
    Prepared data for serialisation in 0.00s
Serialized binary data for shader Hidden/App UI/CircularProgress in 0.00s
    d3d11 (total internal programs: 4, unique: 4)
Compiling shader "Hidden/App UI/SVSquare" pass "" (vp)
    Full variant space:         1
    After settings filtering:   1
    After built-in stripping:   1
    After scriptable stripping: 1
    Processed in 0.00 seconds
    starting compilation...
    finished in 0.00 seconds. Local cache hits 1 (0.00s CPU time), remote cache hits 0 (0.00s CPU time), compiled 0 variants (0.00s CPU time), skipped 0 variants
    Prepared data for serialisation in 0.00s
Compiling shader "Hidden/App UI/SVSquare" pass "" (fp)
    Full variant space:         1
    After settings filtering:   1
    After built-in stripping:   1
    After scriptable stripping: 1
    Processed in 0.00 seconds
    starting compilation...
    finished in 0.00 seconds. Local cache hits 1 (0.00s CPU time), remote cache hits 0 (0.00s CPU time), compiled 0 variants (0.00s CPU time), skipped 0 variants
    Prepared data for serialisation in 0.00s
Serialized binary data for shader Hidden/App UI/SVSquare in 0.00s
    d3d11 (total internal programs: 2, unique: 2)
Compiling shader "Hidden/App UI/ColorSwatch" pass "" (vp)
    Full variant space:         1
    After settings filtering:   1
    After built-in stripping:   1
    After scriptable stripping: 1
    Processed in 0.00 seconds
    starting compilation...
    finished in 0.00 seconds. Local cache hits 1 (0.00s CPU time), remote cache hits 0 (0.00s CPU time), compiled 0 variants (0.00s CPU time), skipped 0 variants
    Prepared data for serialisation in 0.00s
Compiling shader "Hidden/App UI/ColorSwatch" pass "" (fp)
    Full variant space:         1
    After settings filtering:   1
    After built-in stripping:   1
    After scriptable stripping: 1
    Processed in 0.00 seconds
    starting compilation...
    finished in 0.00 seconds. Local cache hits 1 (0.00s CPU time), remote cache hits 0 (0.00s CPU time), compiled 0 variants (0.00s CPU time), skipped 0 variants
    Prepared data for serialisation in 0.00s
Compiling shader "Hidden/App UI/ColorSwatch" pass "" (vp)
    Full variant space:         1
    After settings filtering:   1
    After built-in stripping:   1
    After scriptable stripping: 1
    Processed in 0.00 seconds
    starting compilation...
    finished in 0.00 seconds. Local cache hits 1 (0.00s CPU time), remote cache hits 0 (0.00s CPU time), compiled 0 variants (0.00s CPU time), skipped 0 variants
    Prepared data for serialisation in 0.00s
Compiling shader "Hidden/App UI/ColorSwatch" pass "" (fp)
    Full variant space:         1
    After settings filtering:   1
    After built-in stripping:   1
    After scriptable stripping: 1
    Processed in 0.00 seconds
    starting compilation...
    finished in 0.00 seconds. Local cache hits 1 (0.00s CPU time), remote cache hits 0 (0.00s CPU time), compiled 0 variants (0.00s CPU time), skipped 0 variants
    Prepared data for serialisation in 0.00s
Serialized binary data for shader Hidden/App UI/ColorSwatch in 0.00s
    d3d11 (total internal programs: 4, unique: 3)
Compiling shader "Hidden/App UI/LinearProgress" pass "" (vp)
    Full variant space:         2
    After settings filtering:   2
    After built-in stripping:   2
    After scriptable stripping: 2
    Processed in 0.00 seconds
    starting compilation...
    finished in 0.00 seconds. Local cache hits 2 (0.00s CPU time), remote cache hits 0 (0.00s CPU time), compiled 0 variants (0.00s CPU time), skipped 0 variants
    Prepared data for serialisation in 0.00s
Compiling shader "Hidden/App UI/LinearProgress" pass "" (fp)
    Full variant space:         2
    After settings filtering:   2
    After built-in stripping:   2
    After scriptable stripping: 2
    Processed in 0.00 seconds
    starting compilation...
    finished in 0.00 seconds. Local cache hits 2 (0.00s CPU time), remote cache hits 0 (0.00s CPU time), compiled 0 variants (0.00s CPU time), skipped 0 variants
    Prepared data for serialisation in 0.00s
Serialized binary data for shader Hidden/App UI/LinearProgress in 0.00s
    d3d11 (total internal programs: 4, unique: 4)
Compiling shader "Hidden/App UI/ColorWheel" pass "" (vp)
    Full variant space:         1
    After settings filtering:   1
    After built-in stripping:   1
    After scriptable stripping: 1
    Processed in 0.00 seconds
    starting compilation...
    finished in 0.00 seconds. Local cache hits 1 (0.00s CPU time), remote cache hits 0 (0.00s CPU time), compiled 0 variants (0.00s CPU time), skipped 0 variants
    Prepared data for serialisation in 0.00s
Compiling shader "Hidden/App UI/ColorWheel" pass "" (fp)
    Full variant space:         1
    After settings filtering:   1
    After built-in stripping:   1
    After scriptable stripping: 1
    Processed in 0.00 seconds
    starting compilation...
    finished in 0.00 seconds. Local cache hits 1 (0.00s CPU time), remote cache hits 0 (0.00s CPU time), compiled 0 variants (0.00s CPU time), skipped 0 variants
    Prepared data for serialisation in 0.00s
Serialized binary data for shader Hidden/App UI/ColorWheel in 0.00s
    d3d11 (total internal programs: 2, unique: 2)
Compiling shader "Hidden/App UI/Box" pass "Clear" (vp)
    Full variant space:         4
    After settings filtering:   4
    After built-in stripping:   1
    After scriptable stripping: 1
    Processed in 0.00 seconds
    starting compilation...
    finished in 0.00 seconds. Local cache hits 1 (0.00s CPU time), remote cache hits 0 (0.00s CPU time), compiled 0 variants (0.00s CPU time), skipped 0 variants
    Prepared data for serialisation in 0.00s
Compiling shader "Hidden/App UI/Box" pass "Clear" (fp)
    Full variant space:         4
    After settings filtering:   4
    After built-in stripping:   1
    After scriptable stripping: 1
    Processed in 0.00 seconds
    starting compilation...
    finished in 0.00 seconds. Local cache hits 1 (0.00s CPU time), remote cache hits 0 (0.00s CPU time), compiled 0 variants (0.00s CPU time), skipped 0 variants
    Prepared data for serialisation in 0.00s
Compiling shader "Hidden/App UI/Box" pass "BoxShadows" (vp)
    Full variant space:         2
    After settings filtering:   2
    After built-in stripping:   2
    After scriptable stripping: 2
    Processed in 0.00 seconds
    starting compilation...
    finished in 0.00 seconds. Local cache hits 2 (0.00s CPU time), remote cache hits 0 (0.00s CPU time), compiled 0 variants (0.00s CPU time), skipped 0 variants
    Prepared data for serialisation in 0.00s
Compiling shader "Hidden/App UI/Box" pass "BoxShadows" (fp)
    Full variant space:         2
    After settings filtering:   2
    After built-in stripping:   2
    After scriptable stripping: 2
    Processed in 0.00 seconds
    starting compilation...
    finished in 0.00 seconds. Local cache hits 2 (0.00s CPU time), remote cache hits 0 (0.00s CPU time), compiled 0 variants (0.00s CPU time), skipped 0 variants
    Prepared data for serialisation in 0.00s
Compiling shader "Hidden/App UI/Box" pass "BackgroundColor" (vp)
    Full variant space:         1
    After settings filtering:   1
    After built-in stripping:   1
    After scriptable stripping: 1
    Processed in 0.00 seconds
    starting compilation...
    finished in 0.00 seconds. Local cache hits 1 (0.00s CPU time), remote cache hits 0 (0.00s CPU time), compiled 0 variants (0.00s CPU time), skipped 0 variants
    Prepared data for serialisation in 0.00s
Compiling shader "Hidden/App UI/Box" pass "BackgroundColor" (fp)
    Full variant space:         1
    After settings filtering:   1
    After built-in stripping:   1
    After scriptable stripping: 1
    Processed in 0.00 seconds
    starting compilation...
    finished in 0.00 seconds. Local cache hits 1 (0.00s CPU time), remote cache hits 0 (0.00s CPU time), compiled 0 variants (0.00s CPU time), skipped 0 variants
    Prepared data for serialisation in 0.00s
Compiling shader "Hidden/App UI/Box" pass "BackgroundImage" (vp)
    Full variant space:         1
    After settings filtering:   1
    After built-in stripping:   1
    After scriptable stripping: 1
    Processed in 0.00 seconds
    starting compilation...
    finished in 0.00 seconds. Local cache hits 1 (0.00s CPU time), remote cache hits 0 (0.00s CPU time), compiled 0 variants (0.00s CPU time), skipped 0 variants
    Prepared data for serialisation in 0.00s
Compiling shader "Hidden/App UI/Box" pass "BackgroundImage" (fp)
    Full variant space:         1
    After settings filtering:   1
    After built-in stripping:   1
    After scriptable stripping: 1
    Processed in 0.00 seconds
    starting compilation...
    finished in 0.00 seconds. Local cache hits 1 (0.00s CPU time), remote cache hits 0 (0.00s CPU time), compiled 0 variants (0.00s CPU time), skipped 0 variants
    Prepared data for serialisation in 0.00s
Compiling shader "Hidden/App UI/Box" pass "InsetBoxShadows" (vp)
    Full variant space:         2
    After settings filtering:   2
    After built-in stripping:   2
    After scriptable stripping: 2
    Processed in 0.00 seconds
    starting compilation...
    finished in 0.00 seconds. Local cache hits 2 (0.00s CPU time), remote cache hits 0 (0.00s CPU time), compiled 0 variants (0.00s CPU time), skipped 0 variants
    Prepared data for serialisation in 0.00s
Compiling shader "Hidden/App UI/Box" pass "InsetBoxShadows" (fp)
    Full variant space:         2
    After settings filtering:   2
    After built-in stripping:   2
    After scriptable stripping: 2
    Processed in 0.00 seconds
    starting compilation...
    finished in 0.00 seconds. Local cache hits 2 (0.00s CPU time), remote cache hits 0 (0.00s CPU time), compiled 0 variants (0.00s CPU time), skipped 0 variants
    Prepared data for serialisation in 0.00s
Compiling shader "Hidden/App UI/Box" pass "Border" (vp)
    Full variant space:         2
    After settings filtering:   2
    After built-in stripping:   2
    After scriptable stripping: 2
    Processed in 0.00 seconds
    starting compilation...
    finished in 0.00 seconds. Local cache hits 2 (0.00s CPU time), remote cache hits 0 (0.00s CPU time), compiled 0 variants (0.00s CPU time), skipped 0 variants
    Prepared data for serialisation in 0.00s
Compiling shader "Hidden/App UI/Box" pass "Border" (fp)
    Full variant space:         2
    After settings filtering:   2
    After built-in stripping:   2
    After scriptable stripping: 2
    Processed in 0.00 seconds
    starting compilation...
    finished in 0.00 seconds. Local cache hits 2 (0.00s CPU time), remote cache hits 0 (0.00s CPU time), compiled 0 variants (0.00s CPU time), skipped 0 variants
    Prepared data for serialisation in 0.00s
Compiling shader "Hidden/App UI/Box" pass "Outline" (vp)
    Full variant space:         2
    After settings filtering:   2
    After built-in stripping:   2
    After scriptable stripping: 2
    Processed in 0.00 seconds
    starting compilation...
    finished in 0.00 seconds. Local cache hits 2 (0.00s CPU time), remote cache hits 0 (0.00s CPU time), compiled 0 variants (0.00s CPU time), skipped 0 variants
    Prepared data for serialisation in 0.00s
Compiling shader "Hidden/App UI/Box" pass "Outline" (fp)
    Full variant space:         2
    After settings filtering:   2
    After built-in stripping:   2
    After scriptable stripping: 2
    Processed in 0.00 seconds
    starting compilation...
    finished in 0.00 seconds. Local cache hits 2 (0.00s CPU time), remote cache hits 0 (0.00s CPU time), compiled 0 variants (0.00s CPU time), skipped 0 variants
    Prepared data for serialisation in 0.00s
Serialized binary data for shader Hidden/App UI/Box in 0.00s
    d3d11 (total internal programs: 22, unique: 13)
Compiling shader "Hidden/App UI/Mask" pass "" (vp)
    Full variant space:         1
    After settings filtering:   1
    After built-in stripping:   1
    After scriptable stripping: 1
    Processed in 0.00 seconds
    starting compilation...
    finished in 0.00 seconds. Local cache hits 1 (0.00s CPU time), remote cache hits 0 (0.00s CPU time), compiled 0 variants (0.00s CPU time), skipped 0 variants
    Prepared data for serialisation in 0.00s
Compiling shader "Hidden/App UI/Mask" pass "" (fp)
    Full variant space:         1
    After settings filtering:   1
    After built-in stripping:   1
    After scriptable stripping: 1
    Processed in 0.00 seconds
    starting compilation...
    finished in 0.00 seconds. Local cache hits 1 (0.00s CPU time), remote cache hits 0 (0.00s CPU time), compiled 0 variants (0.00s CPU time), skipped 0 variants
    Prepared data for serialisation in 0.00s
Serialized binary data for shader Hidden/App UI/Mask in 0.00s
    d3d11 (total internal programs: 2, unique: 2)
Compiling shader "Hidden/Sentis/ReduceExpBias" pass "" (vp)
    Full variant space:         1
    After settings filtering:   1
    After built-in stripping:   1
    After scriptable stripping: 1
    Processed in 0.00 seconds
    starting compilation...
    finished in 0.00 seconds. Local cache hits 1 (0.00s CPU time), remote cache hits 0 (0.00s CPU time), compiled 0 variants (0.00s CPU time), skipped 0 variants
    Prepared data for serialisation in 0.00s
Compiling shader "Hidden/Sentis/ReduceExpBias" pass "" (fp)
    Full variant space:         1
    After settings filtering:   1
    After built-in stripping:   1
    After scriptable stripping: 1
    Processed in 0.00 seconds
    starting compilation...
    finished in 0.00 seconds. Local cache hits 1 (0.00s CPU time), remote cache hits 0 (0.00s CPU time), compiled 0 variants (0.00s CPU time), skipped 0 variants
    Prepared data for serialisation in 0.00s
Serialized binary data for shader Hidden/Sentis/ReduceExpBias in 0.00s
    d3d11 (total internal programs: 2, unique: 2)
Compiling shader "Hidden/Sentis/Activation" pass "" (vp)
    Full variant space:         49
    After settings filtering:   49
    After built-in stripping:   49
    After scriptable stripping: 49
    Processed in 0.00 seconds
    starting compilation...
    finished in 0.00 seconds. Local cache hits 49 (0.07s CPU time), remote cache hits 0 (0.00s CPU time), compiled 0 variants (0.00s CPU time), skipped 0 variants
    Prepared data for serialisation in 0.00s
Compiling shader "Hidden/Sentis/Activation" pass "" (fp)
    Full variant space:         49
    After settings filtering:   49
    After built-in stripping:   49
    After scriptable stripping: 49
    Processed in 0.00 seconds
    starting compilation...
    finished in 0.00 seconds. Local cache hits 49 (0.06s CPU time), remote cache hits 0 (0.00s CPU time), compiled 0 variants (0.00s CPU time), skipped 0 variants
    Prepared data for serialisation in 0.00s
Serialized binary data for shader Hidden/Sentis/Activation in 0.00s
    d3d11 (total internal programs: 98, unique: 98)
Compiling shader "Hidden/Sentis/Dense" pass "" (vp)
    Full variant space:         4
    After settings filtering:   4
    After built-in stripping:   4
    After scriptable stripping: 4
    Processed in 0.00 seconds
    starting compilation...
    finished in 0.00 seconds. Local cache hits 4 (0.00s CPU time), remote cache hits 0 (0.00s CPU time), compiled 0 variants (0.00s CPU time), skipped 0 variants
    Prepared data for serialisation in 0.00s
Compiling shader "Hidden/Sentis/Dense" pass "" (fp)
    Full variant space:         4
    After settings filtering:   4
    After built-in stripping:   4
    After scriptable stripping: 4
    Processed in 0.00 seconds
    starting compilation...
    finished in 0.00 seconds. Local cache hits 4 (0.00s CPU time), remote cache hits 0 (0.00s CPU time), compiled 0 variants (0.00s CPU time), skipped 0 variants
    Prepared data for serialisation in 0.00s
Serialized binary data for shader Hidden/Sentis/Dense in 0.00s
    d3d11 (total internal programs: 8, unique: 8)
Compiling shader "Hidden/Sentis/Pad" pass "" (vp)
    Full variant space:         10
    After settings filtering:   10
    After built-in stripping:   10
    After scriptable stripping: 10
    Processed in 0.00 seconds
    starting compilation...
    finished in 0.00 seconds. Local cache hits 10 (0.01s CPU time), remote cache hits 0 (0.00s CPU time), compiled 0 variants (0.00s CPU time), skipped 0 variants
    Prepared data for serialisation in 0.00s
Compiling shader "Hidden/Sentis/Pad" pass "" (fp)
    Full variant space:         10
    After settings filtering:   10
    After built-in stripping:   10
    After scriptable stripping: 10
    Processed in 0.00 seconds
    starting compilation...
    finished in 0.00 seconds. Local cache hits 10 (0.01s CPU time), remote cache hits 0 (0.00s CPU time), compiled 0 variants (0.00s CPU time), skipped 0 variants
    Prepared data for serialisation in 0.00s
Serialized binary data for shader Hidden/Sentis/Pad in 0.00s
    d3d11 (total internal programs: 20, unique: 20)
Shader warning in 'Hidden/Sentis/Pad': integer modulus may be much slower, try using uints if possible. at Packages/com.unity.ai.inference/Runtime/Core/Resources/Sentis/PixelShaders/Pad.shader(55) (on d3d11)

Compiling Subshader: 0, Pass: , Fragment program with INT WRAP
Platform defines: SHADER_API_DESKTOP UNITY_ENABLE_DETAIL_NORMALMAP UNITY_ENABLE_REFLECTION_BUFFERS UNITY_LIGHTMAP_FULL_HDR UNITY_LIGHT_PROBE_PROXY_VOLUME UNITY_PBS_USE_BRDF1 UNITY_PLATFORM_SUPPORTS_DEPTH_FETCH UNITY_SPECCUBE_BLENDING UNITY_SPECCUBE_BOX_PROJECTION UNITY_USE_DITHER_MASK_FOR_ALPHABLENDED_SHADOWS
Disabled keywords: CONSTANT EDGE REFLECT SHADER_API_GLES30 SHADER_API_GLES31 SHADER_API_GLES32 SYMMETRIC UNITY_ASTC_NORMALMAP_ENCODING UNITY_COLORSPACE_GAMMA UNITY_FRAMEBUFFER_FETCH_AVAILABLE UNITY_HARDWARE_TIER1 UNITY_HARDWARE_TIER2 UNITY_HARDWARE_TIER3 UNITY_LIGHTMAP_DLDR_ENCODING UNITY_LIGHTMAP_RGBM_ENCODING UNITY_METAL_SHADOWS_USE_POINT_FILTERING UNITY_NO_DXT5nm UNITY_NO_SCREENSPACE_SHADOWS UNITY_PBS_USE_BRDF2 UNITY_PBS_USE_BRDF3 UNITY_PRETRANSFORM_TO_DISPLAY_ORIENTATION UNITY_UNIFIED_SHADER_PRECISION_MODEL UNITY_VIRTUAL_TEXTURING
Compiling shader "Hidden/Sentis/WindowedDFTMatrix" pass "" (vp)
    Full variant space:         8
    After settings filtering:   8
    After built-in stripping:   8
    After scriptable stripping: 8
    Processed in 0.00 seconds
    starting compilation...
    finished in 0.00 seconds. Local cache hits 8 (0.00s CPU time), remote cache hits 0 (0.00s CPU time), compiled 0 variants (0.00s CPU time), skipped 0 variants
    Prepared data for serialisation in 0.00s
Compiling shader "Hidden/Sentis/WindowedDFTMatrix" pass "" (fp)
    Full variant space:         8
    After settings filtering:   8
    After built-in stripping:   8
    After scriptable stripping: 8
    Processed in 0.00 seconds
    starting compilation...
    finished in 0.00 seconds. Local cache hits 8 (0.00s CPU time), remote cache hits 0 (0.00s CPU time), compiled 0 variants (0.00s CPU time), skipped 0 variants
    Prepared data for serialisation in 0.00s
Serialized binary data for shader Hidden/Sentis/WindowedDFTMatrix in 0.00s
    d3d11 (total internal programs: 16, unique: 16)
Compiling shader "Hidden/Sentis/MatMul" pass "" (vp)
    Full variant space:         1
    After settings filtering:   1
    After built-in stripping:   1
    After scriptable stripping: 1
    Processed in 0.00 seconds
    starting compilation...
    finished in 0.00 seconds. Local cache hits 1 (0.00s CPU time), remote cache hits 0 (0.00s CPU time), compiled 0 variants (0.00s CPU time), skipped 0 variants
    Prepared data for serialisation in 0.00s
Compiling shader "Hidden/Sentis/MatMul" pass "" (fp)
    Full variant space:         1
    After settings filtering:   1
    After built-in stripping:   1
    After scriptable stripping: 1
    Processed in 0.00 seconds
    starting compilation...
    finished in 0.00 seconds. Local cache hits 1 (0.00s CPU time), remote cache hits 0 (0.00s CPU time), compiled 0 variants (0.00s CPU time), skipped 0 variants
    Prepared data for serialisation in 0.00s
Serialized binary data for shader Hidden/Sentis/MatMul in 0.00s
    d3d11 (total internal programs: 2, unique: 2)
Compiling shader "Hidden/Sentis/Transpose" pass "" (vp)
    Full variant space:         2
    After settings filtering:   2
    After built-in stripping:   2
    After scriptable stripping: 2
    Processed in 0.00 seconds
    starting compilation...
    finished in 0.00 seconds. Local cache hits 2 (0.00s CPU time), remote cache hits 0 (0.00s CPU time), compiled 0 variants (0.00s CPU time), skipped 0 variants
    Prepared data for serialisation in 0.00s
Compiling shader "Hidden/Sentis/Transpose" pass "" (fp)
    Full variant space:         2
    After settings filtering:   2
    After built-in stripping:   2
    After scriptable stripping: 2
    Processed in 0.00 seconds
    starting compilation...
    finished in 0.00 seconds. Local cache hits 2 (0.00s CPU time), remote cache hits 0 (0.00s CPU time), compiled 0 variants (0.00s CPU time), skipped 0 variants
    Prepared data for serialisation in 0.00s
Serialized binary data for shader Hidden/Sentis/Transpose in 0.00s
    d3d11 (total internal programs: 4, unique: 4)
Compiling shader "Hidden/Sentis/ActivationInt" pass "" (vp)
    Full variant space:         7
    After settings filtering:   7
    After built-in stripping:   7
    After scriptable stripping: 7
    Processed in 0.00 seconds
    starting compilation...
    finished in 0.00 seconds. Local cache hits 7 (0.00s CPU time), remote cache hits 0 (0.00s CPU time), compiled 0 variants (0.00s CPU time), skipped 0 variants
    Prepared data for serialisation in 0.00s
Compiling shader "Hidden/Sentis/ActivationInt" pass "" (fp)
    Full variant space:         7
    After settings filtering:   7
    After built-in stripping:   7
    After scriptable stripping: 7
    Processed in 0.00 seconds
    starting compilation...
    finished in 0.00 seconds. Local cache hits 7 (0.00s CPU time), remote cache hits 0 (0.00s CPU time), compiled 0 variants (0.00s CPU time), skipped 0 variants
    Prepared data for serialisation in 0.00s
Serialized binary data for shader Hidden/Sentis/ActivationInt in 0.00s
    d3d11 (total internal programs: 14, unique: 14)
Compiling shader "Hidden/Sentis/Trilu" pass "" (vp)
    Full variant space:         2
    After settings filtering:   2
    After built-in stripping:   2
    After scriptable stripping: 2
    Processed in 0.00 seconds
    starting compilation...
    finished in 0.00 seconds. Local cache hits 2 (0.00s CPU time), remote cache hits 0 (0.00s CPU time), compiled 0 variants (0.00s CPU time), skipped 0 variants
    Prepared data for serialisation in 0.00s
Compiling shader "Hidden/Sentis/Trilu" pass "" (fp)
    Full variant space:         2
    After settings filtering:   2
    After built-in stripping:   2
    After scriptable stripping: 2
    Processed in 0.00 seconds
    starting compilation...
    finished in 0.00 seconds. Local cache hits 2 (0.00s CPU time), remote cache hits 0 (0.00s CPU time), compiled 0 variants (0.00s CPU time), skipped 0 variants
    Prepared data for serialisation in 0.00s
Serialized binary data for shader Hidden/Sentis/Trilu in 0.00s
    d3d11 (total internal programs: 4, unique: 4)
Compiling shader "Hidden/Sentis/InstanceNormalizationTail" pass "" (vp)
    Full variant space:         1
    After settings filtering:   1
    After built-in stripping:   1
    After scriptable stripping: 1
    Processed in 0.00 seconds
    starting compilation...
    finished in 0.00 seconds. Local cache hits 1 (0.00s CPU time), remote cache hits 0 (0.00s CPU time), compiled 0 variants (0.00s CPU time), skipped 0 variants
    Prepared data for serialisation in 0.00s
Compiling shader "Hidden/Sentis/InstanceNormalizationTail" pass "" (fp)
    Full variant space:         1
    After settings filtering:   1
    After built-in stripping:   1
    After scriptable stripping: 1
    Processed in 0.00 seconds
    starting compilation...
    finished in 0.00 seconds. Local cache hits 1 (0.00s CPU time), remote cache hits 0 (0.00s CPU time), compiled 0 variants (0.00s CPU time), skipped 0 variants
    Prepared data for serialisation in 0.00s
Serialized binary data for shader Hidden/Sentis/InstanceNormalizationTail in 0.00s
    d3d11 (total internal programs: 2, unique: 2)
Compiling shader "Hidden/Sentis/Tile" pass "" (vp)
    Full variant space:         2
    After settings filtering:   2
    After built-in stripping:   2
    After scriptable stripping: 2
    Processed in 0.00 seconds
    starting compilation...
    finished in 0.00 seconds. Local cache hits 2 (0.00s CPU time), remote cache hits 0 (0.00s CPU time), compiled 0 variants (0.00s CPU time), skipped 0 variants
    Prepared data for serialisation in 0.00s
Compiling shader "Hidden/Sentis/Tile" pass "" (fp)
    Full variant space:         2
    After settings filtering:   2
    After built-in stripping:   2
    After scriptable stripping: 2
    Processed in 0.00 seconds
    starting compilation...
    finished in 0.00 seconds. Local cache hits 2 (0.00s CPU time), remote cache hits 0 (0.00s CPU time), compiled 0 variants (0.00s CPU time), skipped 0 variants
    Prepared data for serialisation in 0.00s
Serialized binary data for shader Hidden/Sentis/Tile in 0.00s
    d3d11 (total internal programs: 4, unique: 4)
Compiling shader "Hidden/Sentis/TextureConversion/TensorToTexture" pass "" (vp)
    Full variant space:         12
    After settings filtering:   12
    After built-in stripping:   12
    After scriptable stripping: 12
    Processed in 0.00 seconds
    starting compilation...
    finished in 0.00 seconds. Local cache hits 12 (0.01s CPU time), remote cache hits 0 (0.00s CPU time), compiled 0 variants (0.00s CPU time), skipped 0 variants
    Prepared data for serialisation in 0.00s
Compiling shader "Hidden/Sentis/TextureConversion/TensorToTexture" pass "" (fp)
    Full variant space:         12
    After settings filtering:   12
    After built-in stripping:   12
    After scriptable stripping: 12
    Processed in 0.00 seconds
    starting compilation...
    finished in 0.00 seconds. Local cache hits 12 (0.01s CPU time), remote cache hits 0 (0.00s CPU time), compiled 0 variants (0.00s CPU time), skipped 0 variants
    Prepared data for serialisation in 0.00s
Serialized binary data for shader Hidden/Sentis/TextureConversion/TensorToTexture in 0.00s
    d3d11 (total internal programs: 24, unique: 24)
Compiling shader "Hidden/Sentis/TextureTensorDataDownload" pass "" (vp)
    Full variant space:         3
    After settings filtering:   3
    After built-in stripping:   3
    After scriptable stripping: 3
    Processed in 0.00 seconds
    starting compilation...
    finished in 0.00 seconds. Local cache hits 3 (0.00s CPU time), remote cache hits 0 (0.00s CPU time), compiled 0 variants (0.00s CPU time), skipped 0 variants
    Prepared data for serialisation in 0.00s
Compiling shader "Hidden/Sentis/TextureTensorDataDownload" pass "" (fp)
    Full variant space:         3
    After settings filtering:   3
    After built-in stripping:   3
    After scriptable stripping: 3
    Processed in 0.00 seconds
    starting compilation...
    finished in 0.00 seconds. Local cache hits 3 (0.00s CPU time), remote cache hits 0 (0.00s CPU time), compiled 0 variants (0.00s CPU time), skipped 0 variants
    Prepared data for serialisation in 0.00s
Serialized binary data for shader Hidden/Sentis/TextureTensorDataDownload in 0.00s
    d3d11 (total internal programs: 6, unique: 6)
Compiling shader "Hidden/Sentis/MelWeightMatrix" pass "" (vp)
    Full variant space:         1
    After settings filtering:   1
    After built-in stripping:   1
    After scriptable stripping: 1
    Processed in 0.00 seconds
    starting compilation...
    finished in 0.00 seconds. Local cache hits 1 (0.00s CPU time), remote cache hits 0 (0.00s CPU time), compiled 0 variants (0.00s CPU time), skipped 0 variants
    Prepared data for serialisation in 0.00s
Compiling shader "Hidden/Sentis/MelWeightMatrix" pass "" (fp)
    Full variant space:         1
    After settings filtering:   1
    After built-in stripping:   1
    After scriptable stripping: 1
    Processed in 0.00 seconds
    starting compilation...
    finished in 0.00 seconds. Local cache hits 1 (0.00s CPU time), remote cache hits 0 (0.00s CPU time), compiled 0 variants (0.00s CPU time), skipped 0 variants
    Prepared data for serialisation in 0.00s
Serialized binary data for shader Hidden/Sentis/MelWeightMatrix in 0.00s
    d3d11 (total internal programs: 2, unique: 2)
Compiling shader "Hidden/Sentis/CumSum" pass "" (vp)
    Full variant space:         8
    After settings filtering:   8
    After built-in stripping:   8
    After scriptable stripping: 8
    Processed in 0.00 seconds
    starting compilation...
    finished in 0.00 seconds. Local cache hits 8 (0.00s CPU time), remote cache hits 0 (0.00s CPU time), compiled 0 variants (0.00s CPU time), skipped 0 variants
    Prepared data for serialisation in 0.00s
Compiling shader "Hidden/Sentis/CumSum" pass "" (fp)
    Full variant space:         8
    After settings filtering:   8
    After built-in stripping:   8
    After scriptable stripping: 8
    Processed in 0.00 seconds
    starting compilation...
    finished in 0.00 seconds. Local cache hits 8 (0.00s CPU time), remote cache hits 0 (0.00s CPU time), compiled 0 variants (0.00s CPU time), skipped 0 variants
    Prepared data for serialisation in 0.00s
Serialized binary data for shader Hidden/Sentis/CumSum in 0.00s
    d3d11 (total internal programs: 16, unique: 16)
Compiling shader "Hidden/Sentis/Window" pass "" (vp)
    Full variant space:         3
    After settings filtering:   3
    After built-in stripping:   3
    After scriptable stripping: 3
    Processed in 0.00 seconds
    starting compilation...
    finished in 0.00 seconds. Local cache hits 3 (0.00s CPU time), remote cache hits 0 (0.00s CPU time), compiled 0 variants (0.00s CPU time), skipped 0 variants
    Prepared data for serialisation in 0.00s
Compiling shader "Hidden/Sentis/Window" pass "" (fp)
    Full variant space:         3
    After settings filtering:   3
    After built-in stripping:   3
    After scriptable stripping: 3
    Processed in 0.00 seconds
    starting compilation...
    finished in 0.00 seconds. Local cache hits 3 (0.00s CPU time), remote cache hits 0 (0.00s CPU time), compiled 0 variants (0.00s CPU time), skipped 0 variants
    Prepared data for serialisation in 0.00s
Serialized binary data for shader Hidden/Sentis/Window in 0.00s
    d3d11 (total internal programs: 6, unique: 6)
Compiling shader "Hidden/Sentis/LayerNormalizationTail" pass "" (vp)
    Full variant space:         1
    After settings filtering:   1
    After built-in stripping:   1
    After scriptable stripping: 1
    Processed in 0.00 seconds
    starting compilation...
    finished in 0.00 seconds. Local cache hits 1 (0.00s CPU time), remote cache hits 0 (0.00s CPU time), compiled 0 variants (0.00s CPU time), skipped 0 variants
    Prepared data for serialisation in 0.00s
Compiling shader "Hidden/Sentis/LayerNormalizationTail" pass "" (fp)
    Full variant space:         1
    After settings filtering:   1
    After built-in stripping:   1
    After scriptable stripping: 1
    Processed in 0.00 seconds
    starting compilation...
    finished in 0.00 seconds. Local cache hits 1 (0.00s CPU time), remote cache hits 0 (0.00s CPU time), compiled 0 variants (0.00s CPU time), skipped 0 variants
    Prepared data for serialisation in 0.00s
Serialized binary data for shader Hidden/Sentis/LayerNormalizationTail in 0.00s
    d3d11 (total internal programs: 2, unique: 2)
Compiling shader "Hidden/Sentis/IsInfNaN" pass "" (vp)
    Full variant space:         2
    After settings filtering:   2
    After built-in stripping:   2
    After scriptable stripping: 2
    Processed in 0.00 seconds
    starting compilation...
    finished in 0.00 seconds. Local cache hits 2 (0.00s CPU time), remote cache hits 0 (0.00s CPU time), compiled 0 variants (0.00s CPU time), skipped 0 variants
    Prepared data for serialisation in 0.00s
Compiling shader "Hidden/Sentis/IsInfNaN" pass "" (fp)
    Full variant space:         2
    After settings filtering:   2
    After built-in stripping:   2
    After scriptable stripping: 2
    Processed in 0.00 seconds
    starting compilation...
    finished in 0.00 seconds. Local cache hits 2 (0.00s CPU time), remote cache hits 0 (0.00s CPU time), compiled 0 variants (0.00s CPU time), skipped 0 variants
    Prepared data for serialisation in 0.00s
Serialized binary data for shader Hidden/Sentis/IsInfNaN in 0.00s
    d3d11 (total internal programs: 4, unique: 4)
Compiling shader "Hidden/Sentis/GatherElements" pass "" (vp)
    Full variant space:         4
    After settings filtering:   4
    After built-in stripping:   4
    After scriptable stripping: 4
    Processed in 0.00 seconds
    starting compilation...
    finished in 0.00 seconds. Local cache hits 4 (0.00s CPU time), remote cache hits 0 (0.00s CPU time), compiled 0 variants (0.00s CPU time), skipped 0 variants
    Prepared data for serialisation in 0.00s
Compiling shader "Hidden/Sentis/GatherElements" pass "" (fp)
    Full variant space:         4
    After settings filtering:   4
    After built-in stripping:   4
    After scriptable stripping: 4
    Processed in 0.00 seconds
    starting compilation...
    finished in 0.00 seconds. Local cache hits 4 (0.00s CPU time), remote cache hits 0 (0.00s CPU time), compiled 0 variants (0.00s CPU time), skipped 0 variants
    Prepared data for serialisation in 0.00s
Serialized binary data for shader Hidden/Sentis/GatherElements in 0.00s
    d3d11 (total internal programs: 8, unique: 8)
Compiling shader "Hidden/Sentis/TextureConversion/TextureToTensor" pass "" (vp)
    Full variant space:         12
    After settings filtering:   12
    After built-in stripping:   12
    After scriptable stripping: 12
    Processed in 0.00 seconds
    starting compilation...
    finished in 0.00 seconds. Local cache hits 12 (0.01s CPU time), remote cache hits 0 (0.00s CPU time), compiled 0 variants (0.00s CPU time), skipped 0 variants
    Prepared data for serialisation in 0.00s
Compiling shader "Hidden/Sentis/TextureConversion/TextureToTensor" pass "" (fp)
    Full variant space:         12
    After settings filtering:   12
    After built-in stripping:   12
    After scriptable stripping: 12
    Processed in 0.00 seconds
    starting compilation...
    finished in 0.00 seconds. Local cache hits 12 (0.01s CPU time), remote cache hits 0 (0.00s CPU time), compiled 0 variants (0.00s CPU time), skipped 0 variants
    Prepared data for serialisation in 0.00s
Serialized binary data for shader Hidden/Sentis/TextureConversion/TextureToTensor in 0.00s
    d3d11 (total internal programs: 24, unique: 24)
Compiling shader "Hidden/Sentis/DepthwiseConv" pass "" (vp)
    Full variant space:         12
    After settings filtering:   12
    After built-in stripping:   12
    After scriptable stripping: 12
    Processed in 0.00 seconds
    starting compilation...
    finished in 0.00 seconds. Local cache hits 12 (0.01s CPU time), remote cache hits 0 (0.00s CPU time), compiled 0 variants (0.00s CPU time), skipped 0 variants
    Prepared data for serialisation in 0.00s
Compiling shader "Hidden/Sentis/DepthwiseConv" pass "" (fp)
    Full variant space:         12
    After settings filtering:   12
    After built-in stripping:   12
    After scriptable stripping: 12
    Processed in 0.00 seconds
    starting compilation...
    finished in 0.00 seconds. Local cache hits 12 (0.01s CPU time), remote cache hits 0 (0.00s CPU time), compiled 0 variants (0.00s CPU time), skipped 0 variants
    Prepared data for serialisation in 0.00s
Serialized binary data for shader Hidden/Sentis/DepthwiseConv in 0.00s
    d3d11 (total internal programs: 24, unique: 24)
Compiling shader "Hidden/Sentis/ConvTranspose" pass "" (vp)
    Full variant space:         648
    After settings filtering:   648
    After built-in stripping:   648
    After scriptable stripping: 648
    Processed in 0.00 seconds
    starting compilation...
    finished in 0.04 seconds. Local cache hits 648 (1.11s CPU time), remote cache hits 0 (0.00s CPU time), compiled 0 variants (0.00s CPU time), skipped 0 variants
    Prepared data for serialisation in 0.00s
Compiling shader "Hidden/Sentis/ConvTranspose" pass "" (fp)
    Full variant space:         648
    After settings filtering:   648
    After built-in stripping:   648
    After scriptable stripping: 648
    Processed in 0.00 seconds
    starting compilation...
    finished in 0.04 seconds. Local cache hits 648 (1.19s CPU time), remote cache hits 0 (0.00s CPU time), compiled 0 variants (0.00s CPU time), skipped 0 variants
    Prepared data for serialisation in 0.01s
Serialized binary data for shader Hidden/Sentis/ConvTranspose in 0.00s
    d3d11 (total internal programs: 1296, unique: 1296)
Shader warning in 'Hidden/Sentis/ConvTranspose': integer modulus may be much slower, try using uints if possible. at Packages/com.unity.ai.inference/Runtime/Core/Resources/Sentis/PixelShaders/ConvTranspose.shader(215) (on d3d11)

Compiling Subshader: 0, Pass: , Fragment program with CONVTRANSPOSE2D DILATIONX_GT_STRIDE DILATIONY_GT_ONE_LTE_STRIDE DILATIONZ_GT_ONE_LTE_STRIDE NONE
Platform defines: SHADER_API_DESKTOP UNITY_ENABLE_DETAIL_NORMALMAP UNITY_ENABLE_REFLECTION_BUFFERS UNITY_LIGHTMAP_FULL_HDR UNITY_LIGHT_PROBE_PROXY_VOLUME UNITY_PBS_USE_BRDF1 UNITY_PLATFORM_SUPPORTS_DEPTH_FETCH UNITY_SPECCUBE_BLENDING UNITY_SPECCUBE_BOX_PROJECTION UNITY_USE_DITHER_MASK_FOR_ALPHABLENDED_SHADOWS
Disabled keywords: CONVTRANSPOSE1D CONVTRANSPOSE3D DILATIONX_GT_ONE_LTE_STRIDE DILATIONY_GT_STRIDE DILATIONZ_GT_STRIDE GROUPS_ENABLED RELU SHADER_API_GLES30 SHADER_API_GLES31 SHADER_API_GLES32 UNITY_ASTC_NORMALMAP_ENCODING UNITY_COLORSPACE_GAMMA UNITY_FRAMEBUFFER_FETCH_AVAILABLE UNITY_HARDWARE_TIER1 UNITY_HARDWARE_TIER2 UNITY_HARDWARE_TIER3 UNITY_LIGHTMAP_DLDR_ENCODING UNITY_LIGHTMAP_RGBM_ENCODING UNITY_METAL_SHADOWS_USE_POINT_FILTERING UNITY_NO_DXT5nm UNITY_NO_SCREENSPACE_SHADOWS UNITY_PBS_USE_BRDF2 UNITY_PBS_USE_BRDF3 UNITY_PRETRANSFORM_TO_DISPLAY_ORIENTATION UNITY_UNIFIED_SHADER_PRECISION_MODEL UNITY_VIRTUAL_TEXTURING USEBIAS
Shader warning in 'Hidden/Sentis/ConvTranspose': integer modulus may be much slower, try using uints if possible. at Packages/com.unity.ai.inference/Runtime/Core/Resources/Sentis/PixelShaders/ConvTranspose.shader(218) (on d3d11)

Compiling Subshader: 0, Pass: , Fragment program with CONVTRANSPOSE2D DILATIONX_GT_STRIDE DILATIONY_GT_ONE_LTE_STRIDE DILATIONZ_GT_ONE_LTE_STRIDE NONE
Platform defines: SHADER_API_DESKTOP UNITY_ENABLE_DETAIL_NORMALMAP UNITY_ENABLE_REFLECTION_BUFFERS UNITY_LIGHTMAP_FULL_HDR UNITY_LIGHT_PROBE_PROXY_VOLUME UNITY_PBS_USE_BRDF1 UNITY_PLATFORM_SUPPORTS_DEPTH_FETCH UNITY_SPECCUBE_BLENDING UNITY_SPECCUBE_BOX_PROJECTION UNITY_USE_DITHER_MASK_FOR_ALPHABLENDED_SHADOWS
Disabled keywords: CONVTRANSPOSE1D CONVTRANSPOSE3D DILATIONX_GT_ONE_LTE_STRIDE DILATIONY_GT_STRIDE DILATIONZ_GT_STRIDE GROUPS_ENABLED RELU SHADER_API_GLES30 SHADER_API_GLES31 SHADER_API_GLES32 UNITY_ASTC_NORMALMAP_ENCODING UNITY_COLORSPACE_GAMMA UNITY_FRAMEBUFFER_FETCH_AVAILABLE UNITY_HARDWARE_TIER1 UNITY_HARDWARE_TIER2 UNITY_HARDWARE_TIER3 UNITY_LIGHTMAP_DLDR_ENCODING UNITY_LIGHTMAP_RGBM_ENCODING UNITY_METAL_SHADOWS_USE_POINT_FILTERING UNITY_NO_DXT5nm UNITY_NO_SCREENSPACE_SHADOWS UNITY_PBS_USE_BRDF2 UNITY_PBS_USE_BRDF3 UNITY_PRETRANSFORM_TO_DISPLAY_ORIENTATION UNITY_UNIFIED_SHADER_PRECISION_MODEL UNITY_VIRTUAL_TEXTURING USEBIAS
Shader warning in 'Hidden/Sentis/ConvTranspose': integer modulus may be much slower, try using uints if possible. at Packages/com.unity.ai.inference/Runtime/Core/Resources/Sentis/PixelShaders/ConvTranspose.shader(256) (on d3d11)

Compiling Subshader: 0, Pass: , Fragment program with CONVTRANSPOSE2D DILATIONX_GT_ONE_LTE_STRIDE DILATIONY_GT_STRIDE NONE USEBIAS
Platform defines: SHADER_API_DESKTOP UNITY_ENABLE_DETAIL_NORMALMAP UNITY_ENABLE_REFLECTION_BUFFERS UNITY_LIGHTMAP_FULL_HDR UNITY_LIGHT_PROBE_PROXY_VOLUME UNITY_PBS_USE_BRDF1 UNITY_PLATFORM_SUPPORTS_DEPTH_FETCH UNITY_SPECCUBE_BLENDING UNITY_SPECCUBE_BOX_PROJECTION UNITY_USE_DITHER_MASK_FOR_ALPHABLENDED_SHADOWS
Disabled keywords: CONVTRANSPOSE1D CONVTRANSPOSE3D DILATIONX_GT_STRIDE DILATIONY_GT_ONE_LTE_STRIDE DILATIONZ_GT_ONE_LTE_STRIDE DILATIONZ_GT_STRIDE GROUPS_ENABLED RELU SHADER_API_GLES30 SHADER_API_GLES31 SHADER_API_GLES32 UNITY_ASTC_NORMALMAP_ENCODING UNITY_COLORSPACE_GAMMA UNITY_FRAMEBUFFER_FETCH_AVAILABLE UNITY_HARDWARE_TIER1 UNITY_HARDWARE_TIER2 UNITY_HARDWARE_TIER3 UNITY_LIGHTMAP_DLDR_ENCODING UNITY_LIGHTMAP_RGBM_ENCODING UNITY_METAL_SHADOWS_USE_POINT_FILTERING UNITY_NO_DXT5nm UNITY_NO_SCREENSPACE_SHADOWS UNITY_PBS_USE_BRDF2 UNITY_PBS_USE_BRDF3 UNITY_PRETRANSFORM_TO_DISPLAY_ORIENTATION UNITY_UNIFIED_SHADER_PRECISION_MODEL UNITY_VIRTUAL_TEXTURING
Shader warning in 'Hidden/Sentis/ConvTranspose': integer modulus may be much slower, try using uints if possible. at Packages/com.unity.ai.inference/Runtime/Core/Resources/Sentis/PixelShaders/ConvTranspose.shader(259) (on d3d11)

Compiling Subshader: 0, Pass: , Fragment program with CONVTRANSPOSE2D DILATIONX_GT_ONE_LTE_STRIDE DILATIONY_GT_STRIDE NONE USEBIAS
Platform defines: SHADER_API_DESKTOP UNITY_ENABLE_DETAIL_NORMALMAP UNITY_ENABLE_REFLECTION_BUFFERS UNITY_LIGHTMAP_FULL_HDR UNITY_LIGHT_PROBE_PROXY_VOLUME UNITY_PBS_USE_BRDF1 UNITY_PLATFORM_SUPPORTS_DEPTH_FETCH UNITY_SPECCUBE_BLENDING UNITY_SPECCUBE_BOX_PROJECTION UNITY_USE_DITHER_MASK_FOR_ALPHABLENDED_SHADOWS
Disabled keywords: CONVTRANSPOSE1D CONVTRANSPOSE3D DILATIONX_GT_STRIDE DILATIONY_GT_ONE_LTE_STRIDE DILATIONZ_GT_ONE_LTE_STRIDE DILATIONZ_GT_STRIDE GROUPS_ENABLED RELU SHADER_API_GLES30 SHADER_API_GLES31 SHADER_API_GLES32 UNITY_ASTC_NORMALMAP_ENCODING UNITY_COLORSPACE_GAMMA UNITY_FRAMEBUFFER_FETCH_AVAILABLE UNITY_HARDWARE_TIER1 UNITY_HARDWARE_TIER2 UNITY_HARDWARE_TIER3 UNITY_LIGHTMAP_DLDR_ENCODING UNITY_LIGHTMAP_RGBM_ENCODING UNITY_METAL_SHADOWS_USE_POINT_FILTERING UNITY_NO_DXT5nm UNITY_NO_SCREENSPACE_SHADOWS UNITY_PBS_USE_BRDF2 UNITY_PBS_USE_BRDF3 UNITY_PRETRANSFORM_TO_DISPLAY_ORIENTATION UNITY_UNIFIED_SHADER_PRECISION_MODEL UNITY_VIRTUAL_TEXTURING
Shader warning in 'Hidden/Sentis/ConvTranspose': integer modulus may be much slower, try using uints if possible. at Packages/com.unity.ai.inference/Runtime/Core/Resources/Sentis/PixelShaders/ConvTranspose.shader(296) (on d3d11)

Compiling Subshader: 0, Pass: , Fragment program with CONVTRANSPOSE3D DILATIONX_GT_STRIDE DILATIONZ_GT_STRIDE RELU
Platform defines: SHADER_API_DESKTOP UNITY_ENABLE_DETAIL_NORMALMAP UNITY_ENABLE_REFLECTION_BUFFERS UNITY_LIGHTMAP_FULL_HDR UNITY_LIGHT_PROBE_PROXY_VOLUME UNITY_PBS_USE_BRDF1 UNITY_PLATFORM_SUPPORTS_DEPTH_FETCH UNITY_SPECCUBE_BLENDING UNITY_SPECCUBE_BOX_PROJECTION UNITY_USE_DITHER_MASK_FOR_ALPHABLENDED_SHADOWS
Disabled keywords: CONVTRANSPOSE1D CONVTRANSPOSE2D DILATIONX_GT_ONE_LTE_STRIDE DILATIONY_GT_ONE_LTE_STRIDE DILATIONY_GT_STRIDE DILATIONZ_GT_ONE_LTE_STRIDE GROUPS_ENABLED NONE SHADER_API_GLES30 SHADER_API_GLES31 SHADER_API_GLES32 UNITY_ASTC_NORMALMAP_ENCODING UNITY_COLORSPACE_GAMMA UNITY_FRAMEBUFFER_FETCH_AVAILABLE UNITY_HARDWARE_TIER1 UNITY_HARDWARE_TIER2 UNITY_HARDWARE_TIER3 UNITY_LIGHTMAP_DLDR_ENCODING UNITY_LIGHTMAP_RGBM_ENCODING UNITY_METAL_SHADOWS_USE_POINT_FILTERING UNITY_NO_DXT5nm UNITY_NO_SCREENSPACE_SHADOWS UNITY_PBS_USE_BRDF2 UNITY_PBS_USE_BRDF3 UNITY_PRETRANSFORM_TO_DISPLAY_ORIENTATION UNITY_UNIFIED_SHADER_PRECISION_MODEL UNITY_VIRTUAL_TEXTURING USEBIAS
Shader warning in 'Hidden/Sentis/ConvTranspose': integer modulus may be much slower, try using uints if possible. at Packages/com.unity.ai.inference/Runtime/Core/Resources/Sentis/PixelShaders/ConvTranspose.shader(299) (on d3d11)

Compiling Subshader: 0, Pass: , Fragment program with CONVTRANSPOSE3D DILATIONX_GT_STRIDE DILATIONZ_GT_STRIDE RELU
Platform defines: SHADER_API_DESKTOP UNITY_ENABLE_DETAIL_NORMALMAP UNITY_ENABLE_REFLECTION_BUFFERS UNITY_LIGHTMAP_FULL_HDR UNITY_LIGHT_PROBE_PROXY_VOLUME UNITY_PBS_USE_BRDF1 UNITY_PLATFORM_SUPPORTS_DEPTH_FETCH UNITY_SPECCUBE_BLENDING UNITY_SPECCUBE_BOX_PROJECTION UNITY_USE_DITHER_MASK_FOR_ALPHABLENDED_SHADOWS
Disabled keywords: CONVTRANSPOSE1D CONVTRANSPOSE2D DILATIONX_GT_ONE_LTE_STRIDE DILATIONY_GT_ONE_LTE_STRIDE DILATIONY_GT_STRIDE DILATIONZ_GT_ONE_LTE_STRIDE GROUPS_ENABLED NONE SHADER_API_GLES30 SHADER_API_GLES31 SHADER_API_GLES32 UNITY_ASTC_NORMALMAP_ENCODING UNITY_COLORSPACE_GAMMA UNITY_FRAMEBUFFER_FETCH_AVAILABLE UNITY_HARDWARE_TIER1 UNITY_HARDWARE_TIER2 UNITY_HARDWARE_TIER3 UNITY_LIGHTMAP_DLDR_ENCODING UNITY_LIGHTMAP_RGBM_ENCODING UNITY_METAL_SHADOWS_USE_POINT_FILTERING UNITY_NO_DXT5nm UNITY_NO_SCREENSPACE_SHADOWS UNITY_PBS_USE_BRDF2 UNITY_PBS_USE_BRDF3 UNITY_PRETRANSFORM_TO_DISPLAY_ORIENTATION UNITY_UNIFIED_SHADER_PRECISION_MODEL UNITY_VIRTUAL_TEXTURING USEBIAS
Compressed shader 'Hidden/Sentis/ConvTranspose' on d3d11 from 5.67MB to 0.17MB
Compressed shader 'Hidden/Sentis/ConvTranspose' in 0.05s
Compiling shader "Hidden/Sentis/DepthToSpace" pass "" (vp)
    Full variant space:         4
    After settings filtering:   4
    After built-in stripping:   4
    After scriptable stripping: 4
    Processed in 0.00 seconds
    starting compilation...
    finished in 0.00 seconds. Local cache hits 4 (0.00s CPU time), remote cache hits 0 (0.00s CPU time), compiled 0 variants (0.00s CPU time), skipped 0 variants
    Prepared data for serialisation in 0.00s
Compiling shader "Hidden/Sentis/DepthToSpace" pass "" (fp)
    Full variant space:         4
    After settings filtering:   4
    After built-in stripping:   4
    After scriptable stripping: 4
    Processed in 0.00 seconds
    starting compilation...
    finished in 0.00 seconds. Local cache hits 4 (0.00s CPU time), remote cache hits 0 (0.00s CPU time), compiled 0 variants (0.00s CPU time), skipped 0 variants
    Prepared data for serialisation in 0.00s
Serialized binary data for shader Hidden/Sentis/DepthToSpace in 0.00s
    d3d11 (total internal programs: 8, unique: 8)
Compiling shader "Hidden/UniGLTF/NormalMapExporter" pass "" (vp)
    Full variant space:         1
    After settings filtering:   1
    After built-in stripping:   1
    After scriptable stripping: 1
    Processed in 0.00 seconds
    starting compilation...
    finished in 0.00 seconds. Local cache hits 1 (0.00s CPU time), remote cache hits 0 (0.00s CPU time), compiled 0 variants (0.00s CPU time), skipped 0 variants
    Prepared data for serialisation in 0.00s
Compiling shader "Hidden/UniGLTF/NormalMapExporter" pass "" (fp)
    Full variant space:         1
    After settings filtering:   1
    After built-in stripping:   1
    After scriptable stripping: 1
    Processed in 0.00 seconds
    starting compilation...
    finished in 0.00 seconds. Local cache hits 1 (0.00s CPU time), remote cache hits 0 (0.00s CPU time), compiled 0 variants (0.00s CPU time), skipped 0 variants
    Prepared data for serialisation in 0.00s
Serialized binary data for shader Hidden/UniGLTF/NormalMapExporter in 0.00s
    d3d11 (total internal programs: 2, unique: 2)
Compiling shader "Hidden/Sentis/SpaceToDepth" pass "" (vp)
    Full variant space:         2
    After settings filtering:   2
    After built-in stripping:   2
    After scriptable stripping: 2
    Processed in 0.00 seconds
    starting compilation...
    finished in 0.00 seconds. Local cache hits 2 (0.00s CPU time), remote cache hits 0 (0.00s CPU time), compiled 0 variants (0.00s CPU time), skipped 0 variants
    Prepared data for serialisation in 0.00s
Compiling shader "Hidden/Sentis/SpaceToDepth" pass "" (fp)
    Full variant space:         2
    After settings filtering:   2
    After built-in stripping:   2
    After scriptable stripping: 2
    Processed in 0.00 seconds
    starting compilation...
    finished in 0.00 seconds. Local cache hits 2 (0.00s CPU time), remote cache hits 0 (0.00s CPU time), compiled 0 variants (0.00s CPU time), skipped 0 variants
    Prepared data for serialisation in 0.00s
Serialized binary data for shader Hidden/Sentis/SpaceToDepth in 0.00s
    d3d11 (total internal programs: 4, unique: 4)
Compiling shader "Hidden/Sentis/ScatterND" pass "" (vp)
    Full variant space:         20
    After settings filtering:   20
    After built-in stripping:   20
    After scriptable stripping: 20
    Processed in 0.00 seconds
    starting compilation...
    finished in 0.01 seconds. Local cache hits 20 (0.03s CPU time), remote cache hits 0 (0.00s CPU time), compiled 0 variants (0.00s CPU time), skipped 0 variants
    Prepared data for serialisation in 0.00s
Compiling shader "Hidden/Sentis/ScatterND" pass "" (fp)
    Full variant space:         20
    After settings filtering:   20
    After built-in stripping:   20
    After scriptable stripping: 20
    Processed in 0.00 seconds
    starting compilation...
    finished in 0.01 seconds. Local cache hits 20 (0.04s CPU time), remote cache hits 0 (0.00s CPU time), compiled 0 variants (0.00s CPU time), skipped 0 variants
    Prepared data for serialisation in 0.00s
Serialized binary data for shader Hidden/Sentis/ScatterND in 0.00s
    d3d11 (total internal programs: 40, unique: 40)
Shader warning in 'Hidden/Sentis/ScatterND': 'j': loop control variable conflicts with a previous declaration in the outer scope; most recent declaration will be used at Packages/com.unity.ai.inference/Runtime/Core/Resources/Sentis/PixelShaders/ScatterND.shader(72) (on d3d11)

Compiling Subshader: 0, Pass: , Vertex program with ReduceAdd ScatterInt
Platform defines: SHADER_API_DESKTOP UNITY_ENABLE_DETAIL_NORMALMAP UNITY_ENABLE_REFLECTION_BUFFERS UNITY_LIGHTMAP_FULL_HDR UNITY_LIGHT_PROBE_PROXY_VOLUME UNITY_PBS_USE_BRDF1 UNITY_PLATFORM_SUPPORTS_DEPTH_FETCH UNITY_SPECCUBE_BLENDING UNITY_SPECCUBE_BOX_PROJECTION UNITY_USE_DITHER_MASK_FOR_ALPHABLENDED_SHADOWS
Disabled keywords: K_LARGE ReduceMax ReduceMin ReduceMul ReduceNone SHADER_API_GLES30 SHADER_API_GLES31 SHADER_API_GLES32 UNITY_ASTC_NORMALMAP_ENCODING UNITY_COLORSPACE_GAMMA UNITY_FRAMEBUFFER_FETCH_AVAILABLE UNITY_HARDWARE_TIER1 UNITY_HARDWARE_TIER2 UNITY_HARDWARE_TIER3 UNITY_LIGHTMAP_DLDR_ENCODING UNITY_LIGHTMAP_RGBM_ENCODING UNITY_METAL_SHADOWS_USE_POINT_FILTERING UNITY_NO_DXT5nm UNITY_NO_SCREENSPACE_SHADOWS UNITY_PBS_USE_BRDF2 UNITY_PBS_USE_BRDF3 UNITY_PRETRANSFORM_TO_DISPLAY_ORIENTATION UNITY_UNIFIED_SHADER_PRECISION_MODEL UNITY_VIRTUAL_TEXTURING
Shader warning in 'Hidden/Sentis/ScatterND': signed/unsigned mismatch, unsigned assumed at Packages/com.unity.ai.inference/Runtime/Core/Resources/Sentis/PixelShaders/ScatterND.shader(75) (on d3d11)

Compiling Subshader: 0, Pass: , Vertex program with ReduceAdd ScatterInt
Platform defines: SHADER_API_DESKTOP UNITY_ENABLE_DETAIL_NORMALMAP UNITY_ENABLE_REFLECTION_BUFFERS UNITY_LIGHTMAP_FULL_HDR UNITY_LIGHT_PROBE_PROXY_VOLUME UNITY_PBS_USE_BRDF1 UNITY_PLATFORM_SUPPORTS_DEPTH_FETCH UNITY_SPECCUBE_BLENDING UNITY_SPECCUBE_BOX_PROJECTION UNITY_USE_DITHER_MASK_FOR_ALPHABLENDED_SHADOWS
Disabled keywords: K_LARGE ReduceMax ReduceMin ReduceMul ReduceNone SHADER_API_GLES30 SHADER_API_GLES31 SHADER_API_GLES32 UNITY_ASTC_NORMALMAP_ENCODING UNITY_COLORSPACE_GAMMA UNITY_FRAMEBUFFER_FETCH_AVAILABLE UNITY_HARDWARE_TIER1 UNITY_HARDWARE_TIER2 UNITY_HARDWARE_TIER3 UNITY_LIGHTMAP_DLDR_ENCODING UNITY_LIGHTMAP_RGBM_ENCODING UNITY_METAL_SHADOWS_USE_POINT_FILTERING UNITY_NO_DXT5nm UNITY_NO_SCREENSPACE_SHADOWS UNITY_PBS_USE_BRDF2 UNITY_PBS_USE_BRDF3 UNITY_PRETRANSFORM_TO_DISPLAY_ORIENTATION UNITY_UNIFIED_SHADER_PRECISION_MODEL UNITY_VIRTUAL_TEXTURING
Shader warning in 'Hidden/Sentis/ScatterND': signed/unsigned mismatch, unsigned assumed at Packages/com.unity.ai.inference/Runtime/Core/Resources/Sentis/PixelShaders/ScatterND.shader(77) (on d3d11)

Compiling Subshader: 0, Pass: , Vertex program with ReduceAdd ScatterInt
Platform defines: SHADER_API_DESKTOP UNITY_ENABLE_DETAIL_NORMALMAP UNITY_ENABLE_REFLECTION_BUFFERS UNITY_LIGHTMAP_FULL_HDR UNITY_LIGHT_PROBE_PROXY_VOLUME UNITY_PBS_USE_BRDF1 UNITY_PLATFORM_SUPPORTS_DEPTH_FETCH UNITY_SPECCUBE_BLENDING UNITY_SPECCUBE_BOX_PROJECTION UNITY_USE_DITHER_MASK_FOR_ALPHABLENDED_SHADOWS
Disabled keywords: K_LARGE ReduceMax ReduceMin ReduceMul ReduceNone SHADER_API_GLES30 SHADER_API_GLES31 SHADER_API_GLES32 UNITY_ASTC_NORMALMAP_ENCODING UNITY_COLORSPACE_GAMMA UNITY_FRAMEBUFFER_FETCH_AVAILABLE UNITY_HARDWARE_TIER1 UNITY_HARDWARE_TIER2 UNITY_HARDWARE_TIER3 UNITY_LIGHTMAP_DLDR_ENCODING UNITY_LIGHTMAP_RGBM_ENCODING UNITY_METAL_SHADOWS_USE_POINT_FILTERING UNITY_NO_DXT5nm UNITY_NO_SCREENSPACE_SHADOWS UNITY_PBS_USE_BRDF2 UNITY_PBS_USE_BRDF3 UNITY_PRETRANSFORM_TO_DISPLAY_ORIENTATION UNITY_UNIFIED_SHADER_PRECISION_MODEL UNITY_VIRTUAL_TEXTURING
Shader warning in 'Hidden/Sentis/ScatterND': signed/unsigned mismatch, unsigned assumed at Packages/com.unity.ai.inference/Runtime/Core/Resources/Sentis/PixelShaders/ScatterND.shader(79) (on d3d11)

Compiling Subshader: 0, Pass: , Vertex program with ReduceAdd ScatterInt
Platform defines: SHADER_API_DESKTOP UNITY_ENABLE_DETAIL_NORMALMAP UNITY_ENABLE_REFLECTION_BUFFERS UNITY_LIGHTMAP_FULL_HDR UNITY_LIGHT_PROBE_PROXY_VOLUME UNITY_PBS_USE_BRDF1 UNITY_PLATFORM_SUPPORTS_DEPTH_FETCH UNITY_SPECCUBE_BLENDING UNITY_SPECCUBE_BOX_PROJECTION UNITY_USE_DITHER_MASK_FOR_ALPHABLENDED_SHADOWS
Disabled keywords: K_LARGE ReduceMax ReduceMin ReduceMul ReduceNone SHADER_API_GLES30 SHADER_API_GLES31 SHADER_API_GLES32 UNITY_ASTC_NORMALMAP_ENCODING UNITY_COLORSPACE_GAMMA UNITY_FRAMEBUFFER_FETCH_AVAILABLE UNITY_HARDWARE_TIER1 UNITY_HARDWARE_TIER2 UNITY_HARDWARE_TIER3 UNITY_LIGHTMAP_DLDR_ENCODING UNITY_LIGHTMAP_RGBM_ENCODING UNITY_METAL_SHADOWS_USE_POINT_FILTERING UNITY_NO_DXT5nm UNITY_NO_SCREENSPACE_SHADOWS UNITY_PBS_USE_BRDF2 UNITY_PBS_USE_BRDF3 UNITY_PRETRANSFORM_TO_DISPLAY_ORIENTATION UNITY_UNIFIED_SHADER_PRECISION_MODEL UNITY_VIRTUAL_TEXTURING
Shader warning in 'Hidden/Sentis/ScatterND': signed/unsigned mismatch, unsigned assumed at Packages/com.unity.ai.inference/Runtime/Core/Resources/Sentis/PixelShaders/ScatterND.shader(81) (on d3d11)

Compiling Subshader: 0, Pass: , Vertex program with ReduceAdd ScatterInt
Platform defines: SHADER_API_DESKTOP UNITY_ENABLE_DETAIL_NORMALMAP UNITY_ENABLE_REFLECTION_BUFFERS UNITY_LIGHTMAP_FULL_HDR UNITY_LIGHT_PROBE_PROXY_VOLUME UNITY_PBS_USE_BRDF1 UNITY_PLATFORM_SUPPORTS_DEPTH_FETCH UNITY_SPECCUBE_BLENDING UNITY_SPECCUBE_BOX_PROJECTION UNITY_USE_DITHER_MASK_FOR_ALPHABLENDED_SHADOWS
Disabled keywords: K_LARGE ReduceMax ReduceMin ReduceMul ReduceNone SHADER_API_GLES30 SHADER_API_GLES31 SHADER_API_GLES32 UNITY_ASTC_NORMALMAP_ENCODING UNITY_COLORSPACE_GAMMA UNITY_FRAMEBUFFER_FETCH_AVAILABLE UNITY_HARDWARE_TIER1 UNITY_HARDWARE_TIER2 UNITY_HARDWARE_TIER3 UNITY_LIGHTMAP_DLDR_ENCODING UNITY_LIGHTMAP_RGBM_ENCODING UNITY_METAL_SHADOWS_USE_POINT_FILTERING UNITY_NO_DXT5nm UNITY_NO_SCREENSPACE_SHADOWS UNITY_PBS_USE_BRDF2 UNITY_PBS_USE_BRDF3 UNITY_PRETRANSFORM_TO_DISPLAY_ORIENTATION UNITY_UNIFIED_SHADER_PRECISION_MODEL UNITY_VIRTUAL_TEXTURING
Shader warning in 'Hidden/Sentis/ScatterND': signed/unsigned mismatch, unsigned assumed at Packages/com.unity.ai.inference/Runtime/Core/Resources/Sentis/PixelShaders/ScatterND.shader(86) (on d3d11)

Compiling Subshader: 0, Pass: , Vertex program with K_LARGE ReduceNone
Platform defines: SHADER_API_DESKTOP UNITY_ENABLE_DETAIL_NORMALMAP UNITY_ENABLE_REFLECTION_BUFFERS UNITY_LIGHTMAP_FULL_HDR UNITY_LIGHT_PROBE_PROXY_VOLUME UNITY_PBS_USE_BRDF1 UNITY_PLATFORM_SUPPORTS_DEPTH_FETCH UNITY_SPECCUBE_BLENDING UNITY_SPECCUBE_BOX_PROJECTION UNITY_USE_DITHER_MASK_FOR_ALPHABLENDED_SHADOWS
Disabled keywords: ReduceAdd ReduceMax ReduceMin ReduceMul SHADER_API_GLES30 SHADER_API_GLES31 SHADER_API_GLES32 ScatterInt UNITY_ASTC_NORMALMAP_ENCODING UNITY_COLORSPACE_GAMMA UNITY_FRAMEBUFFER_FETCH_AVAILABLE UNITY_HARDWARE_TIER1 UNITY_HARDWARE_TIER2 UNITY_HARDWARE_TIER3 UNITY_LIGHTMAP_DLDR_ENCODING UNITY_LIGHTMAP_RGBM_ENCODING UNITY_METAL_SHADOWS_USE_POINT_FILTERING UNITY_NO_DXT5nm UNITY_NO_SCREENSPACE_SHADOWS UNITY_PBS_USE_BRDF2 UNITY_PBS_USE_BRDF3 UNITY_PRETRANSFORM_TO_DISPLAY_ORIENTATION UNITY_UNIFIED_SHADER_PRECISION_MODEL UNITY_VIRTUAL_TEXTURING
Shader warning in 'Hidden/Sentis/ScatterND': signed/unsigned mismatch, unsigned assumed at Packages/com.unity.ai.inference/Runtime/Core/Resources/Sentis/PixelShaders/ScatterND.shader(88) (on d3d11)

Compiling Subshader: 0, Pass: , Vertex program with K_LARGE ReduceNone
Platform defines: SHADER_API_DESKTOP UNITY_ENABLE_DETAIL_NORMALMAP UNITY_ENABLE_REFLECTION_BUFFERS UNITY_LIGHTMAP_FULL_HDR UNITY_LIGHT_PROBE_PROXY_VOLUME UNITY_PBS_USE_BRDF1 UNITY_PLATFORM_SUPPORTS_DEPTH_FETCH UNITY_SPECCUBE_BLENDING UNITY_SPECCUBE_BOX_PROJECTION UNITY_USE_DITHER_MASK_FOR_ALPHABLENDED_SHADOWS
Disabled keywords: ReduceAdd ReduceMax ReduceMin ReduceMul SHADER_API_GLES30 SHADER_API_GLES31 SHADER_API_GLES32 ScatterInt UNITY_ASTC_NORMALMAP_ENCODING UNITY_COLORSPACE_GAMMA UNITY_FRAMEBUFFER_FETCH_AVAILABLE UNITY_HARDWARE_TIER1 UNITY_HARDWARE_TIER2 UNITY_HARDWARE_TIER3 UNITY_LIGHTMAP_DLDR_ENCODING UNITY_LIGHTMAP_RGBM_ENCODING UNITY_METAL_SHADOWS_USE_POINT_FILTERING UNITY_NO_DXT5nm UNITY_NO_SCREENSPACE_SHADOWS UNITY_PBS_USE_BRDF2 UNITY_PBS_USE_BRDF3 UNITY_PRETRANSFORM_TO_DISPLAY_ORIENTATION UNITY_UNIFIED_SHADER_PRECISION_MODEL UNITY_VIRTUAL_TEXTURING
Shader warning in 'Hidden/Sentis/ScatterND': signed/unsigned mismatch, unsigned assumed at Packages/com.unity.ai.inference/Runtime/Core/Resources/Sentis/PixelShaders/ScatterND.shader(90) (on d3d11)

Compiling Subshader: 0, Pass: , Vertex program with K_LARGE ReduceNone
Platform defines: SHADER_API_DESKTOP UNITY_ENABLE_DETAIL_NORMALMAP UNITY_ENABLE_REFLECTION_BUFFERS UNITY_LIGHTMAP_FULL_HDR UNITY_LIGHT_PROBE_PROXY_VOLUME UNITY_PBS_USE_BRDF1 UNITY_PLATFORM_SUPPORTS_DEPTH_FETCH UNITY_SPECCUBE_BLENDING UNITY_SPECCUBE_BOX_PROJECTION UNITY_USE_DITHER_MASK_FOR_ALPHABLENDED_SHADOWS
Disabled keywords: ReduceAdd ReduceMax ReduceMin ReduceMul SHADER_API_GLES30 SHADER_API_GLES31 SHADER_API_GLES32 ScatterInt UNITY_ASTC_NORMALMAP_ENCODING UNITY_COLORSPACE_GAMMA UNITY_FRAMEBUFFER_FETCH_AVAILABLE UNITY_HARDWARE_TIER1 UNITY_HARDWARE_TIER2 UNITY_HARDWARE_TIER3 UNITY_LIGHTMAP_DLDR_ENCODING UNITY_LIGHTMAP_RGBM_ENCODING UNITY_METAL_SHADOWS_USE_POINT_FILTERING UNITY_NO_DXT5nm UNITY_NO_SCREENSPACE_SHADOWS UNITY_PBS_USE_BRDF2 UNITY_PBS_USE_BRDF3 UNITY_PRETRANSFORM_TO_DISPLAY_ORIENTATION UNITY_UNIFIED_SHADER_PRECISION_MODEL UNITY_VIRTUAL_TEXTURING
Shader warning in 'Hidden/Sentis/ScatterND': signed/unsigned mismatch, unsigned assumed at Packages/com.unity.ai.inference/Runtime/Core/Resources/Sentis/PixelShaders/ScatterND.shader(92) (on d3d11)

Compiling Subshader: 0, Pass: , Vertex program with K_LARGE ReduceNone
Platform defines: SHADER_API_DESKTOP UNITY_ENABLE_DETAIL_NORMALMAP UNITY_ENABLE_REFLECTION_BUFFERS UNITY_LIGHTMAP_FULL_HDR UNITY_LIGHT_PROBE_PROXY_VOLUME UNITY_PBS_USE_BRDF1 UNITY_PLATFORM_SUPPORTS_DEPTH_FETCH UNITY_SPECCUBE_BLENDING UNITY_SPECCUBE_BOX_PROJECTION UNITY_USE_DITHER_MASK_FOR_ALPHABLENDED_SHADOWS
Disabled keywords: ReduceAdd ReduceMax ReduceMin ReduceMul SHADER_API_GLES30 SHADER_API_GLES31 SHADER_API_GLES32 ScatterInt UNITY_ASTC_NORMALMAP_ENCODING UNITY_COLORSPACE_GAMMA UNITY_FRAMEBUFFER_FETCH_AVAILABLE UNITY_HARDWARE_TIER1 UNITY_HARDWARE_TIER2 UNITY_HARDWARE_TIER3 UNITY_LIGHTMAP_DLDR_ENCODING UNITY_LIGHTMAP_RGBM_ENCODING UNITY_METAL_SHADOWS_USE_POINT_FILTERING UNITY_NO_DXT5nm UNITY_NO_SCREENSPACE_SHADOWS UNITY_PBS_USE_BRDF2 UNITY_PBS_USE_BRDF3 UNITY_PRETRANSFORM_TO_DISPLAY_ORIENTATION UNITY_UNIFIED_SHADER_PRECISION_MODEL UNITY_VIRTUAL_TEXTURING
Compiling shader "Hidden/Sentis/STFT" pass "" (vp)
    Full variant space:         10
    After settings filtering:   10
    After built-in stripping:   10
    After scriptable stripping: 10
    Processed in 0.00 seconds
    starting compilation...
    finished in 0.00 seconds. Local cache hits 10 (0.01s CPU time), remote cache hits 0 (0.00s CPU time), compiled 0 variants (0.00s CPU time), skipped 0 variants
    Prepared data for serialisation in 0.00s
Compiling shader "Hidden/Sentis/STFT" pass "" (fp)
    Full variant space:         10
    After settings filtering:   10
    After built-in stripping:   10
    After scriptable stripping: 10
    Processed in 0.00 seconds
    starting compilation...
    finished in 0.00 seconds. Local cache hits 10 (0.00s CPU time), remote cache hits 0 (0.00s CPU time), compiled 0 variants (0.00s CPU time), skipped 0 variants
    Prepared data for serialisation in 0.00s
Compiling shader "Hidden/Sentis/STFT" pass "" (vp)
    Full variant space:         10
    After settings filtering:   10
    After built-in stripping:   10
    After scriptable stripping: 10
    Processed in 0.00 seconds
    starting compilation...
    finished in 0.00 seconds. Local cache hits 10 (0.00s CPU time), remote cache hits 0 (0.00s CPU time), compiled 0 variants (0.00s CPU time), skipped 0 variants
    Prepared data for serialisation in 0.00s
Compiling shader "Hidden/Sentis/STFT" pass "" (fp)
    Full variant space:         10
    After settings filtering:   10
    After built-in stripping:   10
    After scriptable stripping: 10
    Processed in 0.00 seconds
    starting compilation...
    finished in 0.00 seconds. Local cache hits 10 (0.00s CPU time), remote cache hits 0 (0.00s CPU time), compiled 0 variants (0.00s CPU time), skipped 0 variants
    Prepared data for serialisation in 0.00s
Serialized binary data for shader Hidden/Sentis/STFT in 0.00s
    d3d11 (total internal programs: 40, unique: 20)
Compiling shader "Hidden/Sentis/Reshape" pass "" (vp)
    Full variant space:         4
    After settings filtering:   4
    After built-in stripping:   4
    After scriptable stripping: 4
    Processed in 0.00 seconds
    starting compilation...
    finished in 0.00 seconds. Local cache hits 4 (0.00s CPU time), remote cache hits 0 (0.00s CPU time), compiled 0 variants (0.00s CPU time), skipped 0 variants
    Prepared data for serialisation in 0.00s
Compiling shader "Hidden/Sentis/Reshape" pass "" (fp)
    Full variant space:         4
    After settings filtering:   4
    After built-in stripping:   4
    After scriptable stripping: 4
    Processed in 0.00 seconds
    starting compilation...
    finished in 0.00 seconds. Local cache hits 4 (0.00s CPU time), remote cache hits 0 (0.00s CPU time), compiled 0 variants (0.00s CPU time), skipped 0 variants
    Prepared data for serialisation in 0.00s
Serialized binary data for shader Hidden/Sentis/Reshape in 0.00s
    d3d11 (total internal programs: 8, unique: 8)
Compiling shader "Hidden/Sentis/Conv" pass "" (vp)
    Full variant space:         12
    After settings filtering:   12
    After built-in stripping:   12
    After scriptable stripping: 12
    Processed in 0.00 seconds
    starting compilation...
    finished in 0.00 seconds. Local cache hits 12 (0.01s CPU time), remote cache hits 0 (0.00s CPU time), compiled 0 variants (0.00s CPU time), skipped 0 variants
    Prepared data for serialisation in 0.00s
Compiling shader "Hidden/Sentis/Conv" pass "" (fp)
    Full variant space:         12
    After settings filtering:   12
    After built-in stripping:   12
    After scriptable stripping: 12
    Processed in 0.00 seconds
    starting compilation...
    finished in 0.00 seconds. Local cache hits 12 (0.01s CPU time), remote cache hits 0 (0.00s CPU time), compiled 0 variants (0.00s CPU time), skipped 0 variants
    Prepared data for serialisation in 0.00s
Serialized binary data for shader Hidden/Sentis/Conv in 0.00s
    d3d11 (total internal programs: 24, unique: 24)
Compiling shader "Hidden/Sentis/GridSample" pass "" (vp)
    Full variant space:         36
    After settings filtering:   36
    After built-in stripping:   36
    After scriptable stripping: 36
    Processed in 0.00 seconds
    starting compilation...
    finished in 0.00 seconds. Local cache hits 36 (0.05s CPU time), remote cache hits 0 (0.00s CPU time), compiled 0 variants (0.00s CPU time), skipped 0 variants
    Prepared data for serialisation in 0.00s
Compiling shader "Hidden/Sentis/GridSample" pass "" (fp)
    Full variant space:         36
    After settings filtering:   36
    After built-in stripping:   36
    After scriptable stripping: 36
    Processed in 0.00 seconds
    starting compilation...
    finished in 0.00 seconds. Local cache hits 36 (0.05s CPU time), remote cache hits 0 (0.00s CPU time), compiled 0 variants (0.00s CPU time), skipped 0 variants
    Prepared data for serialisation in 0.00s
Serialized binary data for shader Hidden/Sentis/GridSample in 0.00s
    d3d11 (total internal programs: 72, unique: 72)
Shader warning in 'Hidden/Sentis/GridSample': signed/unsigned mismatch, unsigned assumed at Packages/com.unity.ai.inference/Runtime/Core/Resources/Sentis/PixelShaders/GridSample.shader(44) (on d3d11)

Compiling Subshader: 0, Pass: <Unnamed Pass 0>, Vertex program with GRIDSAMPLE1D LINEAR ZEROS
Platform defines: SHADER_API_DESKTOP UNITY_ENABLE_DETAIL_NORMALMAP UNITY_ENABLE_REFLECTION_BUFFERS UNITY_LIGHTMAP_FULL_HDR UNITY_LIGHT_PROBE_PROXY_VOLUME UNITY_PBS_USE_BRDF1 UNITY_PLATFORM_SUPPORTS_DEPTH_FETCH UNITY_SPECCUBE_BLENDING UNITY_SPECCUBE_BOX_PROJECTION UNITY_USE_DITHER_MASK_FOR_ALPHABLENDED_SHADOWS
Disabled keywords: ALIGN_CORNERS BORDER GRIDSAMPLE2D GRIDSAMPLE3D NEAREST REFLECTION SHADER_API_GLES30 SHADER_API_GLES31 SHADER_API_GLES32 UNITY_ASTC_NORMALMAP_ENCODING UNITY_COLORSPACE_GAMMA UNITY_FRAMEBUFFER_FETCH_AVAILABLE UNITY_HARDWARE_TIER1 UNITY_HARDWARE_TIER2 UNITY_HARDWARE_TIER3 UNITY_LIGHTMAP_DLDR_ENCODING UNITY_LIGHTMAP_RGBM_ENCODING UNITY_METAL_SHADOWS_USE_POINT_FILTERING UNITY_NO_DXT5nm UNITY_NO_SCREENSPACE_SHADOWS UNITY_PBS_USE_BRDF2 UNITY_PBS_USE_BRDF3 UNITY_PRETRANSFORM_TO_DISPLAY_ORIENTATION UNITY_UNIFIED_SHADER_PRECISION_MODEL UNITY_VIRTUAL_TEXTURING
Shader warning in 'Hidden/Sentis/GridSample': signed/unsigned mismatch, unsigned assumed at Packages/com.unity.ai.inference/Runtime/Core/Resources/Sentis/PixelShaders/GridSample.shader(47) (on d3d11)

Compiling Subshader: 0, Pass: , Vertex program with ALIGN_CORNERS GRIDSAMPLE2D NEAREST ZEROS
Platform defines: SHADER_API_DESKTOP UNITY_ENABLE_DETAIL_NORMALMAP UNITY_ENABLE_REFLECTION_BUFFERS UNITY_LIGHTMAP_FULL_HDR UNITY_LIGHT_PROBE_PROXY_VOLUME UNITY_PBS_USE_BRDF1 UNITY_PLATFORM_SUPPORTS_DEPTH_FETCH UNITY_SPECCUBE_BLENDING UNITY_SPECCUBE_BOX_PROJECTION UNITY_USE_DITHER_MASK_FOR_ALPHABLENDED_SHADOWS
Disabled keywords: BORDER GRIDSAMPLE1D GRIDSAMPLE3D LINEAR REFLECTION SHADER_API_GLES30 SHADER_API_GLES31 SHADER_API_GLES32 UNITY_ASTC_NORMALMAP_ENCODING UNITY_COLORSPACE_GAMMA UNITY_FRAMEBUFFER_FETCH_AVAILABLE UNITY_HARDWARE_TIER1 UNITY_HARDWARE_TIER2 UNITY_HARDWARE_TIER3 UNITY_LIGHTMAP_DLDR_ENCODING UNITY_LIGHTMAP_RGBM_ENCODING UNITY_METAL_SHADOWS_USE_POINT_FILTERING UNITY_NO_DXT5nm UNITY_NO_SCREENSPACE_SHADOWS UNITY_PBS_USE_BRDF2 UNITY_PBS_USE_BRDF3 UNITY_PRETRANSFORM_TO_DISPLAY_ORIENTATION UNITY_UNIFIED_SHADER_PRECISION_MODEL UNITY_VIRTUAL_TEXTURING
Shader warning in 'Hidden/Sentis/GridSample': signed/unsigned mismatch, unsigned assumed at Packages/com.unity.ai.inference/Runtime/Core/Resources/Sentis/PixelShaders/GridSample.shader(50) (on d3d11)

Compiling Subshader: 0, Pass: , Vertex program with ALIGN_CORNERS GRIDSAMPLE3D NEAREST ZEROS
Platform defines: SHADER_API_DESKTOP UNITY_ENABLE_DETAIL_NORMALMAP UNITY_ENABLE_REFLECTION_BUFFERS UNITY_LIGHTMAP_FULL_HDR UNITY_LIGHT_PROBE_PROXY_VOLUME UNITY_PBS_USE_BRDF1 UNITY_PLATFORM_SUPPORTS_DEPTH_FETCH UNITY_SPECCUBE_BLENDING UNITY_SPECCUBE_BOX_PROJECTION UNITY_USE_DITHER_MASK_FOR_ALPHABLENDED_SHADOWS
Disabled keywords: BORDER GRIDSAMPLE1D GRIDSAMPLE2D LINEAR REFLECTION SHADER_API_GLES30 SHADER_API_GLES31 SHADER_API_GLES32 UNITY_ASTC_NORMALMAP_ENCODING UNITY_COLORSPACE_GAMMA UNITY_FRAMEBUFFER_FETCH_AVAILABLE UNITY_HARDWARE_TIER1 UNITY_HARDWARE_TIER2 UNITY_HARDWARE_TIER3 UNITY_LIGHTMAP_DLDR_ENCODING UNITY_LIGHTMAP_RGBM_ENCODING UNITY_METAL_SHADOWS_USE_POINT_FILTERING UNITY_NO_DXT5nm UNITY_NO_SCREENSPACE_SHADOWS UNITY_PBS_USE_BRDF2 UNITY_PBS_USE_BRDF3 UNITY_PRETRANSFORM_TO_DISPLAY_ORIENTATION UNITY_UNIFIED_SHADER_PRECISION_MODEL UNITY_VIRTUAL_TEXTURING
Compiling shader "Hidden/Sentis/TextureConversion/ComputeBufferToTexture" pass "" (vp)
    Full variant space:         2
    After settings filtering:   2
    After built-in stripping:   2
    After scriptable stripping: 2
    Processed in 0.00 seconds
    starting compilation...
    finished in 0.00 seconds. Local cache hits 2 (0.00s CPU time), remote cache hits 0 (0.00s CPU time), compiled 0 variants (0.00s CPU time), skipped 0 variants
    Prepared data for serialisation in 0.00s
Compiling shader "Hidden/Sentis/TextureConversion/ComputeBufferToTexture" pass "" (fp)
    Full variant space:         2
    After settings filtering:   2
    After built-in stripping:   2
    After scriptable stripping: 2
    Processed in 0.00 seconds
    starting compilation...
    finished in 0.00 seconds. Local cache hits 2 (0.00s CPU time), remote cache hits 0 (0.00s CPU time), compiled 0 variants (0.00s CPU time), skipped 0 variants
    Prepared data for serialisation in 0.00s
Serialized binary data for shader Hidden/Sentis/TextureConversion/ComputeBufferToTexture in 0.00s
    d3d11 (total internal programs: 4, unique: 4)
Compiling shader "Hidden/Sentis/Gather" pass "" (vp)
    Full variant space:         2
    After settings filtering:   2
    After built-in stripping:   2
    After scriptable stripping: 2
    Processed in 0.00 seconds
    starting compilation...
    finished in 0.00 seconds. Local cache hits 2 (0.00s CPU time), remote cache hits 0 (0.00s CPU time), compiled 0 variants (0.00s CPU time), skipped 0 variants
    Prepared data for serialisation in 0.00s
Compiling shader "Hidden/Sentis/Gather" pass "" (fp)
    Full variant space:         2
    After settings filtering:   2
    After built-in stripping:   2
    After scriptable stripping: 2
    Processed in 0.00 seconds
    starting compilation...
    finished in 0.00 seconds. Local cache hits 2 (0.00s CPU time), remote cache hits 0 (0.00s CPU time), compiled 0 variants (0.00s CPU time), skipped 0 variants
    Prepared data for serialisation in 0.00s
Serialized binary data for shader Hidden/Sentis/Gather in 0.00s
    d3d11 (total internal programs: 4, unique: 4)
Compiling shader "Hidden/Sentis/Cast" pass "" (vp)
    Full variant space:         2
    After settings filtering:   2
    After built-in stripping:   2
    After scriptable stripping: 2
    Processed in 0.00 seconds
    starting compilation...
    finished in 0.00 seconds. Local cache hits 2 (0.00s CPU time), remote cache hits 0 (0.00s CPU time), compiled 0 variants (0.00s CPU time), skipped 0 variants
    Prepared data for serialisation in 0.00s
Compiling shader "Hidden/Sentis/Cast" pass "" (fp)
    Full variant space:         2
    After settings filtering:   2
    After built-in stripping:   2
    After scriptable stripping: 2
    Processed in 0.00 seconds
    starting compilation...
    finished in 0.00 seconds. Local cache hits 2 (0.00s CPU time), remote cache hits 0 (0.00s CPU time), compiled 0 variants (0.00s CPU time), skipped 0 variants
    Prepared data for serialisation in 0.00s
Serialized binary data for shader Hidden/Sentis/Cast in 0.00s
    d3d11 (total internal programs: 4, unique: 4)
Compiling shader "Hidden/Sentis/Broadcast" pass "" (vp)
    Full variant space:         44
    After settings filtering:   44
    After built-in stripping:   44
    After scriptable stripping: 44
    Processed in 0.00 seconds
    starting compilation...
    finished in 0.00 seconds. Local cache hits 44 (0.06s CPU time), remote cache hits 0 (0.00s CPU time), compiled 0 variants (0.00s CPU time), skipped 0 variants
    Prepared data for serialisation in 0.00s
Compiling shader "Hidden/Sentis/Broadcast" pass "" (fp)
    Full variant space:         44
    After settings filtering:   44
    After built-in stripping:   44
    After scriptable stripping: 44
    Processed in 0.00 seconds
    starting compilation...
    finished in 0.00 seconds. Local cache hits 44 (0.06s CPU time), remote cache hits 0 (0.00s CPU time), compiled 0 variants (0.00s CPU time), skipped 0 variants
    Prepared data for serialisation in 0.00s
Serialized binary data for shader Hidden/Sentis/Broadcast in 0.00s
    d3d11 (total internal programs: 88, unique: 88)
Compiling shader "Hidden/Sentis/BatchNormalization" pass "" (vp)
    Full variant space:         1
    After settings filtering:   1
    After built-in stripping:   1
    After scriptable stripping: 1
    Processed in 0.00 seconds
    starting compilation...
    finished in 0.00 seconds. Local cache hits 1 (0.00s CPU time), remote cache hits 0 (0.00s CPU time), compiled 0 variants (0.00s CPU time), skipped 0 variants
    Prepared data for serialisation in 0.00s
Compiling shader "Hidden/Sentis/BatchNormalization" pass "" (fp)
    Full variant space:         1
    After settings filtering:   1
    After built-in stripping:   1
    After scriptable stripping: 1
    Processed in 0.00 seconds
    starting compilation...
    finished in 0.00 seconds. Local cache hits 1 (0.00s CPU time), remote cache hits 0 (0.00s CPU time), compiled 0 variants (0.00s CPU time), skipped 0 variants
    Prepared data for serialisation in 0.00s
Serialized binary data for shader Hidden/Sentis/BatchNormalization in 0.00s
    d3d11 (total internal programs: 2, unique: 2)
Compiling shader "Hidden/Sentis/Gemm" pass "" (vp)
    Full variant space:         4
    After settings filtering:   4
    After built-in stripping:   4
    After scriptable stripping: 4
    Processed in 0.00 seconds
    starting compilation...
    finished in 0.00 seconds. Local cache hits 4 (0.00s CPU time), remote cache hits 0 (0.00s CPU time), compiled 0 variants (0.00s CPU time), skipped 0 variants
    Prepared data for serialisation in 0.00s
Compiling shader "Hidden/Sentis/Gemm" pass "" (fp)
    Full variant space:         4
    After settings filtering:   4
    After built-in stripping:   4
    After scriptable stripping: 4
    Processed in 0.00 seconds
    starting compilation...
    finished in 0.00 seconds. Local cache hits 4 (0.00s CPU time), remote cache hits 0 (0.00s CPU time), compiled 0 variants (0.00s CPU time), skipped 0 variants
    Prepared data for serialisation in 0.00s
Serialized binary data for shader Hidden/Sentis/Gemm in 0.00s
    d3d11 (total internal programs: 8, unique: 8)
Compiling shader "Hidden/UniGLTF/StandardMapExporter" pass "" (vp)
    Full variant space:         1
    After settings filtering:   1
    After built-in stripping:   1
    After scriptable stripping: 1
    Processed in 0.00 seconds
    starting compilation...
    finished in 0.00 seconds. Local cache hits 1 (0.00s CPU time), remote cache hits 0 (0.00s CPU time), compiled 0 variants (0.00s CPU time), skipped 0 variants
    Prepared data for serialisation in 0.00s
Compiling shader "Hidden/UniGLTF/StandardMapExporter" pass "" (fp)
    Full variant space:         1
    After settings filtering:   1
    After built-in stripping:   1
    After scriptable stripping: 1
    Processed in 0.00 seconds
    starting compilation...
    finished in 0.00 seconds. Local cache hits 1 (0.00s CPU time), remote cache hits 0 (0.00s CPU time), compiled 0 variants (0.00s CPU time), skipped 0 variants
    Prepared data for serialisation in 0.00s
Serialized binary data for shader Hidden/UniGLTF/StandardMapExporter in 0.00s
    d3d11 (total internal programs: 2, unique: 2)
Compiling shader "Hidden/Sentis/TextureTensorDataUpload" pass "" (vp)
    Full variant space:         2
    After settings filtering:   2
    After built-in stripping:   2
    After scriptable stripping: 2
    Processed in 0.00 seconds
    starting compilation...
    finished in 0.00 seconds. Local cache hits 2 (0.00s CPU time), remote cache hits 0 (0.00s CPU time), compiled 0 variants (0.00s CPU time), skipped 0 variants
    Prepared data for serialisation in 0.00s
Compiling shader "Hidden/Sentis/TextureTensorDataUpload" pass "" (fp)
    Full variant space:         2
    After settings filtering:   2
    After built-in stripping:   2
    After scriptable stripping: 2
    Processed in 0.00 seconds
    starting compilation...
    finished in 0.00 seconds. Local cache hits 2 (0.00s CPU time), remote cache hits 0 (0.00s CPU time), compiled 0 variants (0.00s CPU time), skipped 0 variants
    Prepared data for serialisation in 0.00s
Serialized binary data for shader Hidden/Sentis/TextureTensorDataUpload in 0.00s
    d3d11 (total internal programs: 4, unique: 4)
Compiling shader "Hidden/Sentis/Reduce" pass "" (vp)
    Full variant space:         18
    After settings filtering:   18
    After built-in stripping:   18
    After scriptable stripping: 18
    Processed in 0.00 seconds
    starting compilation...
    finished in 0.00 seconds. Local cache hits 18 (0.02s CPU time), remote cache hits 0 (0.00s CPU time), compiled 0 variants (0.00s CPU time), skipped 0 variants
    Prepared data for serialisation in 0.00s
Compiling shader "Hidden/Sentis/Reduce" pass "" (fp)
    Full variant space:         18
    After settings filtering:   18
    After built-in stripping:   18
    After scriptable stripping: 18
    Processed in 0.00 seconds
    starting compilation...
    finished in 0.00 seconds. Local cache hits 18 (0.02s CPU time), remote cache hits 0 (0.00s CPU time), compiled 0 variants (0.00s CPU time), skipped 0 variants
    Prepared data for serialisation in 0.00s
Serialized binary data for shader Hidden/Sentis/Reduce in 0.00s
    d3d11 (total internal programs: 36, unique: 36)
Compiling shader "Hidden/Sentis/Softmax" pass "" (vp)
    Full variant space:         2
    After settings filtering:   2
    After built-in stripping:   2
    After scriptable stripping: 2
    Processed in 0.00 seconds
    starting compilation...
    finished in 0.00 seconds. Local cache hits 2 (0.00s CPU time), remote cache hits 0 (0.00s CPU time), compiled 0 variants (0.00s CPU time), skipped 0 variants
    Prepared data for serialisation in 0.00s
Compiling shader "Hidden/Sentis/Softmax" pass "" (fp)
    Full variant space:         2
    After settings filtering:   2
    After built-in stripping:   2
    After scriptable stripping: 2
    Processed in 0.00 seconds
    starting compilation...
    finished in 0.00 seconds. Local cache hits 2 (0.00s CPU time), remote cache hits 0 (0.00s CPU time), compiled 0 variants (0.00s CPU time), skipped 0 variants
    Prepared data for serialisation in 0.00s
Serialized binary data for shader Hidden/Sentis/Softmax in 0.00s
    d3d11 (total internal programs: 4, unique: 4)
Compiling shader "Hidden/KiwiAvatar/InferenceFaceCrop" pass "" (vp)
    Full variant space:         1
    After settings filtering:   1
    After built-in stripping:   1
    After scriptable stripping: 1
    Processed in 0.00 seconds
    starting compilation...
    finished in 0.00 seconds. Local cache hits 1 (0.00s CPU time), remote cache hits 0 (0.00s CPU time), compiled 0 variants (0.00s CPU time), skipped 0 variants
    Prepared data for serialisation in 0.00s
Compiling shader "Hidden/KiwiAvatar/InferenceFaceCrop" pass "" (fp)
    Full variant space:         1
    After settings filtering:   1
    After built-in stripping:   1
    After scriptable stripping: 1
    Processed in 0.00 seconds
    starting compilation...
    finished in 0.00 seconds. Local cache hits 1 (0.00s CPU time), remote cache hits 0 (0.00s CPU time), compiled 0 variants (0.00s CPU time), skipped 0 variants
    Prepared data for serialisation in 0.00s
Serialized binary data for shader Hidden/KiwiAvatar/InferenceFaceCrop in 0.00s
    d3d11 (total internal programs: 2, unique: 2)
Compiling shader "Hidden/Sentis/RoiAlign" pass "" (vp)
    Full variant space:         4
    After settings filtering:   4
    After built-in stripping:   4
    After scriptable stripping: 4
    Processed in 0.00 seconds
    starting compilation...
    finished in 0.00 seconds. Local cache hits 4 (0.00s CPU time), remote cache hits 0 (0.00s CPU time), compiled 0 variants (0.00s CPU time), skipped 0 variants
    Prepared data for serialisation in 0.00s
Compiling shader "Hidden/Sentis/RoiAlign" pass "" (fp)
    Full variant space:         4
    After settings filtering:   4
    After built-in stripping:   4
    After scriptable stripping: 4
    Processed in 0.00 seconds
    starting compilation...
    finished in 0.00 seconds. Local cache hits 4 (0.00s CPU time), remote cache hits 0 (0.00s CPU time), compiled 0 variants (0.00s CPU time), skipped 0 variants
    Prepared data for serialisation in 0.00s
Serialized binary data for shader Hidden/Sentis/RoiAlign in 0.00s
    d3d11 (total internal programs: 8, unique: 8)
Compiling shader "Hidden/Sentis/Random" pass "" (vp)
    Full variant space:         4
    After settings filtering:   4
    After built-in stripping:   4
    After scriptable stripping: 4
    Processed in 0.00 seconds
    starting compilation...
    finished in 0.00 seconds. Local cache hits 4 (0.00s CPU time), remote cache hits 0 (0.00s CPU time), compiled 0 variants (0.00s CPU time), skipped 0 variants
    Prepared data for serialisation in 0.00s
Compiling shader "Hidden/Sentis/Random" pass "" (fp)
    Full variant space:         4
    After settings filtering:   4
    After built-in stripping:   4
    After scriptable stripping: 4
    Processed in 0.00 seconds
    starting compilation...
    finished in 0.00 seconds. Local cache hits 4 (0.00s CPU time), remote cache hits 0 (0.00s CPU time), compiled 0 variants (0.00s CPU time), skipped 0 variants
    Prepared data for serialisation in 0.00s
Serialized binary data for shader Hidden/Sentis/Random in 0.00s
    d3d11 (total internal programs: 8, unique: 8)
Compiling shader "Hidden/Sentis/HardmaxEnd" pass "" (vp)
    Full variant space:         1
    After settings filtering:   1
    After built-in stripping:   1
    After scriptable stripping: 1
    Processed in 0.00 seconds
    starting compilation...
    finished in 0.00 seconds. Local cache hits 1 (0.00s CPU time), remote cache hits 0 (0.00s CPU time), compiled 0 variants (0.00s CPU time), skipped 0 variants
    Prepared data for serialisation in 0.00s
Compiling shader "Hidden/Sentis/HardmaxEnd" pass "" (fp)
    Full variant space:         1
    After settings filtering:   1
    After built-in stripping:   1
    After scriptable stripping: 1
    Processed in 0.00 seconds
    starting compilation...
    finished in 0.00 seconds. Local cache hits 1 (0.00s CPU time), remote cache hits 0 (0.00s CPU time), compiled 0 variants (0.00s CPU time), skipped 0 variants
    Prepared data for serialisation in 0.00s
Serialized binary data for shader Hidden/Sentis/HardmaxEnd in 0.00s
    d3d11 (total internal programs: 2, unique: 2)
Compiling shader "Hidden/Sentis/ScatterElements" pass "" (vp)
    Full variant space:         40
    After settings filtering:   40
    After built-in stripping:   40
    After scriptable stripping: 40
    Processed in 0.00 seconds
    starting compilation...
    finished in 0.00 seconds. Local cache hits 40 (0.05s CPU time), remote cache hits 0 (0.00s CPU time), compiled 0 variants (0.00s CPU time), skipped 0 variants
    Prepared data for serialisation in 0.00s
Compiling shader "Hidden/Sentis/ScatterElements" pass "" (fp)
    Full variant space:         40
    After settings filtering:   40
    After built-in stripping:   40
    After scriptable stripping: 40
    Processed in 0.00 seconds
    starting compilation...
    finished in 0.00 seconds. Local cache hits 40 (0.08s CPU time), remote cache hits 0 (0.00s CPU time), compiled 0 variants (0.00s CPU time), skipped 0 variants
    Prepared data for serialisation in 0.00s
Serialized binary data for shader Hidden/Sentis/ScatterElements in 0.00s
    d3d11 (total internal programs: 80, unique: 80)
Shader warning in 'Hidden/Sentis/ScatterElements': signed/unsigned mismatch, unsigned assumed at Packages/com.unity.ai.inference/Runtime/Core/Resources/Sentis/PixelShaders/ScatterElements.shader(147) (on d3d11)

Compiling Subshader: 0, Pass: , Vertex program with NoFastPath ReduceMax UseDiv4Mask
Platform defines: SHADER_API_DESKTOP UNITY_ENABLE_DETAIL_NORMALMAP UNITY_ENABLE_REFLECTION_BUFFERS UNITY_LIGHTMAP_FULL_HDR UNITY_LIGHT_PROBE_PROXY_VOLUME UNITY_PBS_USE_BRDF1 UNITY_PLATFORM_SUPPORTS_DEPTH_FETCH UNITY_SPECCUBE_BLENDING UNITY_SPECCUBE_BOX_PROJECTION UNITY_USE_DITHER_MASK_FOR_ALPHABLENDED_SHADOWS
Disabled keywords: ReduceAdd ReduceMin ReduceMul ReduceNone SHADER_API_GLES30 SHADER_API_GLES31 SHADER_API_GLES32 ScatterInt UNITY_ASTC_NORMALMAP_ENCODING UNITY_COLORSPACE_GAMMA UNITY_FRAMEBUFFER_FETCH_AVAILABLE UNITY_HARDWARE_TIER1 UNITY_HARDWARE_TIER2 UNITY_HARDWARE_TIER3 UNITY_LIGHTMAP_DLDR_ENCODING UNITY_LIGHTMAP_RGBM_ENCODING UNITY_METAL_SHADOWS_USE_POINT_FILTERING UNITY_NO_DXT5nm UNITY_NO_SCREENSPACE_SHADOWS UNITY_PBS_USE_BRDF2 UNITY_PBS_USE_BRDF3 UNITY_PRETRANSFORM_TO_DISPLAY_ORIENTATION UNITY_UNIFIED_SHADER_PRECISION_MODEL UNITY_VIRTUAL_TEXTURING
Shader warning in 'Hidden/Sentis/ScatterElements': signed/unsigned mismatch, unsigned assumed at Packages/com.unity.ai.inference/Runtime/Core/Resources/Sentis/PixelShaders/ScatterElements.shader(202) (on d3d11)

Compiling Subshader: 0, Pass: , Vertex program with NoFastPath ReduceMax UseDiv4Mask
Platform defines: SHADER_API_DESKTOP UNITY_ENABLE_DETAIL_NORMALMAP UNITY_ENABLE_REFLECTION_BUFFERS UNITY_LIGHTMAP_FULL_HDR UNITY_LIGHT_PROBE_PROXY_VOLUME UNITY_PBS_USE_BRDF1 UNITY_PLATFORM_SUPPORTS_DEPTH_FETCH UNITY_SPECCUBE_BLENDING UNITY_SPECCUBE_BOX_PROJECTION UNITY_USE_DITHER_MASK_FOR_ALPHABLENDED_SHADOWS
Disabled keywords: ReduceAdd ReduceMin ReduceMul ReduceNone SHADER_API_GLES30 SHADER_API_GLES31 SHADER_API_GLES32 ScatterInt UNITY_ASTC_NORMALMAP_ENCODING UNITY_COLORSPACE_GAMMA UNITY_FRAMEBUFFER_FETCH_AVAILABLE UNITY_HARDWARE_TIER1 UNITY_HARDWARE_TIER2 UNITY_HARDWARE_TIER3 UNITY_LIGHTMAP_DLDR_ENCODING UNITY_LIGHTMAP_RGBM_ENCODING UNITY_METAL_SHADOWS_USE_POINT_FILTERING UNITY_NO_DXT5nm UNITY_NO_SCREENSPACE_SHADOWS UNITY_PBS_USE_BRDF2 UNITY_PBS_USE_BRDF3 UNITY_PRETRANSFORM_TO_DISPLAY_ORIENTATION UNITY_UNIFIED_SHADER_PRECISION_MODEL UNITY_VIRTUAL_TEXTURING
Compiling shader "Hidden/Sentis/GatherND" pass "" (vp)
    Full variant space:         2
    After settings filtering:   2
    After built-in stripping:   2
    After scriptable stripping: 2
    Processed in 0.00 seconds
    starting compilation...
    finished in 0.00 seconds. Local cache hits 2 (0.00s CPU time), remote cache hits 0 (0.00s CPU time), compiled 0 variants (0.00s CPU time), skipped 0 variants
    Prepared data for serialisation in 0.00s
Compiling shader "Hidden/Sentis/GatherND" pass "" (fp)
    Full variant space:         2
    After settings filtering:   2
    After built-in stripping:   2
    After scriptable stripping: 2
    Processed in 0.00 seconds
    starting compilation...
    finished in 0.00 seconds. Local cache hits 2 (0.00s CPU time), remote cache hits 0 (0.00s CPU time), compiled 0 variants (0.00s CPU time), skipped 0 variants
    Prepared data for serialisation in 0.00s
Serialized binary data for shader Hidden/Sentis/GatherND in 0.00s
    d3d11 (total internal programs: 4, unique: 4)
Compiling shader "Hidden/Sentis/ConstantOfShape" pass "" (vp)
    Full variant space:         2
    After settings filtering:   2
    After built-in stripping:   2
    After scriptable stripping: 2
    Processed in 0.00 seconds
    starting compilation...
    finished in 0.00 seconds. Local cache hits 2 (0.00s CPU time), remote cache hits 0 (0.00s CPU time), compiled 0 variants (0.00s CPU time), skipped 0 variants
    Prepared data for serialisation in 0.00s
Compiling shader "Hidden/Sentis/ConstantOfShape" pass "" (fp)
    Full variant space:         2
    After settings filtering:   2
    After built-in stripping:   2
    After scriptable stripping: 2
    Processed in 0.00 seconds
    starting compilation...
    finished in 0.00 seconds. Local cache hits 2 (0.00s CPU time), remote cache hits 0 (0.00s CPU time), compiled 0 variants (0.00s CPU time), skipped 0 variants
    Prepared data for serialisation in 0.00s
Serialized binary data for shader Hidden/Sentis/ConstantOfShape in 0.00s
    d3d11 (total internal programs: 4, unique: 4)
Compiling shader "Hidden/Sentis/Where" pass "" (vp)
    Full variant space:         2
    After settings filtering:   2
    After built-in stripping:   2
    After scriptable stripping: 2
    Processed in 0.00 seconds
    starting compilation...
    finished in 0.00 seconds. Local cache hits 2 (0.00s CPU time), remote cache hits 0 (0.00s CPU time), compiled 0 variants (0.00s CPU time), skipped 0 variants
    Prepared data for serialisation in 0.00s
Compiling shader "Hidden/Sentis/Where" pass "" (fp)
    Full variant space:         2
    After settings filtering:   2
    After built-in stripping:   2
    After scriptable stripping: 2
    Processed in 0.00 seconds
    starting compilation...
    finished in 0.00 seconds. Local cache hits 2 (0.00s CPU time), remote cache hits 0 (0.00s CPU time), compiled 0 variants (0.00s CPU time), skipped 0 variants
    Prepared data for serialisation in 0.00s
Serialized binary data for shader Hidden/Sentis/Where in 0.00s
    d3d11 (total internal programs: 4, unique: 4)
Compiling shader "Hidden/Sentis/Copy" pass "" (vp)
    Full variant space:         2
    After settings filtering:   2
    After built-in stripping:   2
    After scriptable stripping: 2
    Processed in 0.00 seconds
    starting compilation...
    finished in 0.00 seconds. Local cache hits 2 (0.00s CPU time), remote cache hits 0 (0.00s CPU time), compiled 0 variants (0.00s CPU time), skipped 0 variants
    Prepared data for serialisation in 0.00s
Compiling shader "Hidden/Sentis/Copy" pass "" (fp)
    Full variant space:         2
    After settings filtering:   2
    After built-in stripping:   2
    After scriptable stripping: 2
    Processed in 0.00 seconds
    starting compilation...
    finished in 0.00 seconds. Local cache hits 2 (0.00s CPU time), remote cache hits 0 (0.00s CPU time), compiled 0 variants (0.00s CPU time), skipped 0 variants
    Prepared data for serialisation in 0.00s
Serialized binary data for shader Hidden/Sentis/Copy in 0.00s
    d3d11 (total internal programs: 4, unique: 4)
Compiling shader "Hidden/Sentis/RMSNormalizationTail" pass "" (vp)
    Full variant space:         1
    After settings filtering:   1
    After built-in stripping:   1
    After scriptable stripping: 1
    Processed in 0.00 seconds
    starting compilation...
    finished in 0.00 seconds. Local cache hits 1 (0.00s CPU time), remote cache hits 0 (0.00s CPU time), compiled 0 variants (0.00s CPU time), skipped 0 variants
    Prepared data for serialisation in 0.00s
Compiling shader "Hidden/Sentis/RMSNormalizationTail" pass "" (fp)
    Full variant space:         1
    After settings filtering:   1
    After built-in stripping:   1
    After scriptable stripping: 1
    Processed in 0.00 seconds
    starting compilation...
    finished in 0.00 seconds. Local cache hits 1 (0.00s CPU time), remote cache hits 0 (0.00s CPU time), compiled 0 variants (0.00s CPU time), skipped 0 variants
    Prepared data for serialisation in 0.00s
Serialized binary data for shader Hidden/Sentis/RMSNormalizationTail in 0.00s
    d3d11 (total internal programs: 2, unique: 2)
Compiling shader "Hidden/Sentis/Upsample" pass "" (vp)
    Full variant space:         9
    After settings filtering:   9
    After built-in stripping:   9
    After scriptable stripping: 9
    Processed in 0.00 seconds
    starting compilation...
    finished in 0.00 seconds. Local cache hits 9 (0.00s CPU time), remote cache hits 0 (0.00s CPU time), compiled 0 variants (0.00s CPU time), skipped 0 variants
    Prepared data for serialisation in 0.00s
Compiling shader "Hidden/Sentis/Upsample" pass "" (fp)
    Full variant space:         9
    After settings filtering:   9
    After built-in stripping:   9
    After scriptable stripping: 9
    Processed in 0.00 seconds
    starting compilation...
    finished in 0.00 seconds. Local cache hits 9 (0.00s CPU time), remote cache hits 0 (0.00s CPU time), compiled 0 variants (0.00s CPU time), skipped 0 variants
    Prepared data for serialisation in 0.00s
Serialized binary data for shader Hidden/Sentis/Upsample in 0.00s
    d3d11 (total internal programs: 18, unique: 18)
Compiling shader "Hidden/Sentis/SliceSet" pass "" (vp)
    Full variant space:         4
    After settings filtering:   4
    After built-in stripping:   4
    After scriptable stripping: 4
    Processed in 0.00 seconds
    starting compilation...
    finished in 0.00 seconds. Local cache hits 4 (0.00s CPU time), remote cache hits 0 (0.00s CPU time), compiled 0 variants (0.00s CPU time), skipped 0 variants
    Prepared data for serialisation in 0.00s
Compiling shader "Hidden/Sentis/SliceSet" pass "" (fp)
    Full variant space:         4
    After settings filtering:   4
    After built-in stripping:   4
    After scriptable stripping: 4
    Processed in 0.00 seconds
    starting compilation...
    finished in 0.00 seconds. Local cache hits 4 (0.00s CPU time), remote cache hits 0 (0.00s CPU time), compiled 0 variants (0.00s CPU time), skipped 0 variants
    Prepared data for serialisation in 0.00s
Serialized binary data for shader Hidden/Sentis/SliceSet in 0.00s
    d3d11 (total internal programs: 8, unique: 8)
Shader warning in 'Hidden/Sentis/SliceSet': integer divides may be much slower, try using uints if possible. at Packages/com.unity.ai.inference/Runtime/Core/Resources/Sentis/PixelShaders/SliceSet.shader(55) (on d3d11)

Compiling Subshader: 0, Pass: , Fragment program with BLOCKWISE INT
Platform defines: SHADER_API_DESKTOP UNITY_ENABLE_DETAIL_NORMALMAP UNITY_ENABLE_REFLECTION_BUFFERS UNITY_LIGHTMAP_FULL_HDR UNITY_LIGHT_PROBE_PROXY_VOLUME UNITY_PBS_USE_BRDF1 UNITY_PLATFORM_SUPPORTS_DEPTH_FETCH UNITY_SPECCUBE_BLENDING UNITY_SPECCUBE_BOX_PROJECTION UNITY_USE_DITHER_MASK_FOR_ALPHABLENDED_SHADOWS
Disabled keywords: SHADER_API_GLES30 SHADER_API_GLES31 SHADER_API_GLES32 UNITY_ASTC_NORMALMAP_ENCODING UNITY_COLORSPACE_GAMMA UNITY_FRAMEBUFFER_FETCH_AVAILABLE UNITY_HARDWARE_TIER1 UNITY_HARDWARE_TIER2 UNITY_HARDWARE_TIER3 UNITY_LIGHTMAP_DLDR_ENCODING UNITY_LIGHTMAP_RGBM_ENCODING UNITY_METAL_SHADOWS_USE_POINT_FILTERING UNITY_NO_DXT5nm UNITY_NO_SCREENSPACE_SHADOWS UNITY_PBS_USE_BRDF2 UNITY_PBS_USE_BRDF3 UNITY_PRETRANSFORM_TO_DISPLAY_ORIENTATION UNITY_UNIFIED_SHADER_PRECISION_MODEL UNITY_VIRTUAL_TEXTURING
Shader warning in 'Hidden/Sentis/SliceSet': signed/unsigned mismatch, unsigned assumed at Packages/com.unity.ai.inference/Runtime/Core/Resources/Sentis/PixelShaders/SliceSet.shader(57) (on d3d11)

Compiling Subshader: 0, Pass: , Vertex program with BLOCKWISE
Platform defines: SHADER_API_DESKTOP UNITY_ENABLE_DETAIL_NORMALMAP UNITY_ENABLE_REFLECTION_BUFFERS UNITY_LIGHTMAP_FULL_HDR UNITY_LIGHT_PROBE_PROXY_VOLUME UNITY_PBS_USE_BRDF1 UNITY_PLATFORM_SUPPORTS_DEPTH_FETCH UNITY_SPECCUBE_BLENDING UNITY_SPECCUBE_BOX_PROJECTION UNITY_USE_DITHER_MASK_FOR_ALPHABLENDED_SHADOWS
Disabled keywords: INT SHADER_API_GLES30 SHADER_API_GLES31 SHADER_API_GLES32 UNITY_ASTC_NORMALMAP_ENCODING UNITY_COLORSPACE_GAMMA UNITY_FRAMEBUFFER_FETCH_AVAILABLE UNITY_HARDWARE_TIER1 UNITY_HARDWARE_TIER2 UNITY_HARDWARE_TIER3 UNITY_LIGHTMAP_DLDR_ENCODING UNITY_LIGHTMAP_RGBM_ENCODING UNITY_METAL_SHADOWS_USE_POINT_FILTERING UNITY_NO_DXT5nm UNITY_NO_SCREENSPACE_SHADOWS UNITY_PBS_USE_BRDF2 UNITY_PBS_USE_BRDF3 UNITY_PRETRANSFORM_TO_DISPLAY_ORIENTATION UNITY_UNIFIED_SHADER_PRECISION_MODEL UNITY_VIRTUAL_TEXTURING
Shader warning in 'Hidden/Sentis/SliceSet': integer divides may be much slower, try using uints if possible. at Packages/com.unity.ai.inference/Runtime/Core/Resources/Sentis/PixelShaders/SliceSet.shader(69) (on d3d11)

Compiling Subshader: 0, Pass: <Unnamed Pass 0>, Fragment program with <no keywords>
Platform defines: SHADER_API_DESKTOP UNITY_ENABLE_DETAIL_NORMALMAP UNITY_ENABLE_REFLECTION_BUFFERS UNITY_LIGHTMAP_FULL_HDR UNITY_LIGHT_PROBE_PROXY_VOLUME UNITY_PBS_USE_BRDF1 UNITY_PLATFORM_SUPPORTS_DEPTH_FETCH UNITY_SPECCUBE_BLENDING UNITY_SPECCUBE_BOX_PROJECTION UNITY_USE_DITHER_MASK_FOR_ALPHABLENDED_SHADOWS
Disabled keywords: BLOCKWISE INT SHADER_API_GLES30 SHADER_API_GLES31 SHADER_API_GLES32 UNITY_ASTC_NORMALMAP_ENCODING UNITY_COLORSPACE_GAMMA UNITY_FRAMEBUFFER_FETCH_AVAILABLE UNITY_HARDWARE_TIER1 UNITY_HARDWARE_TIER2 UNITY_HARDWARE_TIER3 UNITY_LIGHTMAP_DLDR_ENCODING UNITY_LIGHTMAP_RGBM_ENCODING UNITY_METAL_SHADOWS_USE_POINT_FILTERING UNITY_NO_DXT5nm UNITY_NO_SCREENSPACE_SHADOWS UNITY_PBS_USE_BRDF2 UNITY_PBS_USE_BRDF3 UNITY_PRETRANSFORM_TO_DISPLAY_ORIENTATION UNITY_UNIFIED_SHADER_PRECISION_MODEL UNITY_VIRTUAL_TEXTURING
Shader warning in 'Hidden/Sentis/SliceSet': signed/unsigned mismatch, unsigned assumed at Packages/com.unity.ai.inference/Runtime/Core/Resources/Sentis/PixelShaders/SliceSet.shader(71) (on d3d11)

Compiling Subshader: 0, Pass: <Unnamed Pass 0>, Vertex program with <no keywords>
Platform defines: SHADER_API_DESKTOP UNITY_ENABLE_DETAIL_NORMALMAP UNITY_ENABLE_REFLECTION_BUFFERS UNITY_LIGHTMAP_FULL_HDR UNITY_LIGHT_PROBE_PROXY_VOLUME UNITY_PBS_USE_BRDF1 UNITY_PLATFORM_SUPPORTS_DEPTH_FETCH UNITY_SPECCUBE_BLENDING UNITY_SPECCUBE_BOX_PROJECTION UNITY_USE_DITHER_MASK_FOR_ALPHABLENDED_SHADOWS
Disabled keywords: BLOCKWISE INT SHADER_API_GLES30 SHADER_API_GLES31 SHADER_API_GLES32 UNITY_ASTC_NORMALMAP_ENCODING UNITY_COLORSPACE_GAMMA UNITY_FRAMEBUFFER_FETCH_AVAILABLE UNITY_HARDWARE_TIER1 UNITY_HARDWARE_TIER2 UNITY_HARDWARE_TIER3 UNITY_LIGHTMAP_DLDR_ENCODING UNITY_LIGHTMAP_RGBM_ENCODING UNITY_METAL_SHADOWS_USE_POINT_FILTERING UNITY_NO_DXT5nm UNITY_NO_SCREENSPACE_SHADOWS UNITY_PBS_USE_BRDF2 UNITY_PBS_USE_BRDF3 UNITY_PRETRANSFORM_TO_DISPLAY_ORIENTATION UNITY_UNIFIED_SHADER_PRECISION_MODEL UNITY_VIRTUAL_TEXTURING
Compiling shader "Hidden/Sentis/Expand" pass "" (vp)
    Full variant space:         2
    After settings filtering:   2
    After built-in stripping:   2
    After scriptable stripping: 2
    Processed in 0.00 seconds
    starting compilation...
    finished in 0.00 seconds. Local cache hits 2 (0.00s CPU time), remote cache hits 0 (0.00s CPU time), compiled 0 variants (0.00s CPU time), skipped 0 variants
    Prepared data for serialisation in 0.00s
Compiling shader "Hidden/Sentis/Expand" pass "" (fp)
    Full variant space:         2
    After settings filtering:   2
    After built-in stripping:   2
    After scriptable stripping: 2
    Processed in 0.00 seconds
    starting compilation...
    finished in 0.00 seconds. Local cache hits 2 (0.00s CPU time), remote cache hits 0 (0.00s CPU time), compiled 0 variants (0.00s CPU time), skipped 0 variants
    Prepared data for serialisation in 0.00s
Serialized binary data for shader Hidden/Sentis/Expand in 0.00s
    d3d11 (total internal programs: 4, unique: 4)
Compiling shader "Hidden/Sentis/GlobalPool" pass "" (vp)
    Full variant space:         3
    After settings filtering:   3
    After built-in stripping:   3
    After scriptable stripping: 3
    Processed in 0.00 seconds
    starting compilation...
    finished in 0.00 seconds. Local cache hits 3 (0.00s CPU time), remote cache hits 0 (0.00s CPU time), compiled 0 variants (0.00s CPU time), skipped 0 variants
    Prepared data for serialisation in 0.00s
Compiling shader "Hidden/Sentis/GlobalPool" pass "" (fp)
    Full variant space:         3
    After settings filtering:   3
    After built-in stripping:   3
    After scriptable stripping: 3
    Processed in 0.00 seconds
    starting compilation...
    finished in 0.00 seconds. Local cache hits 3 (0.00s CPU time), remote cache hits 0 (0.00s CPU time), compiled 0 variants (0.00s CPU time), skipped 0 variants
    Prepared data for serialisation in 0.00s
Serialized binary data for shader Hidden/Sentis/GlobalPool in 0.00s
    d3d11 (total internal programs: 6, unique: 6)
Compiling shader "Hidden/Sentis/GroupedConv" pass "" (vp)
    Full variant space:         12
    After settings filtering:   12
    After built-in stripping:   12
    After scriptable stripping: 12
    Processed in 0.00 seconds
    starting compilation...
    finished in 0.00 seconds. Local cache hits 12 (0.01s CPU time), remote cache hits 0 (0.00s CPU time), compiled 0 variants (0.00s CPU time), skipped 0 variants
    Prepared data for serialisation in 0.00s
Compiling shader "Hidden/Sentis/GroupedConv" pass "" (fp)
    Full variant space:         12
    After settings filtering:   12
    After built-in stripping:   12
    After scriptable stripping: 12
    Processed in 0.00 seconds
    starting compilation...
    finished in 0.00 seconds. Local cache hits 12 (0.01s CPU time), remote cache hits 0 (0.00s CPU time), compiled 0 variants (0.00s CPU time), skipped 0 variants
    Prepared data for serialisation in 0.00s
Serialized binary data for shader Hidden/Sentis/GroupedConv in 0.00s
    d3d11 (total internal programs: 24, unique: 24)
Compiling shader "Hidden/Sentis/Split" pass "" (vp)
    Full variant space:         4
    After settings filtering:   4
    After built-in stripping:   4
    After scriptable stripping: 4
    Processed in 0.00 seconds
    starting compilation...
    finished in 0.00 seconds. Local cache hits 4 (0.00s CPU time), remote cache hits 0 (0.00s CPU time), compiled 0 variants (0.00s CPU time), skipped 0 variants
    Prepared data for serialisation in 0.00s
Compiling shader "Hidden/Sentis/Split" pass "" (fp)
    Full variant space:         4
    After settings filtering:   4
    After built-in stripping:   4
    After scriptable stripping: 4
    Processed in 0.00 seconds
    starting compilation...
    finished in 0.00 seconds. Local cache hits 4 (0.00s CPU time), remote cache hits 0 (0.00s CPU time), compiled 0 variants (0.00s CPU time), skipped 0 variants
    Prepared data for serialisation in 0.00s
Serialized binary data for shader Hidden/Sentis/Split in 0.00s
    d3d11 (total internal programs: 8, unique: 8)
Compiling shader "Hidden/Sentis/Range" pass "" (vp)
    Full variant space:         2
    After settings filtering:   2
    After built-in stripping:   2
    After scriptable stripping: 2
    Processed in 0.00 seconds
    starting compilation...
    finished in 0.00 seconds. Local cache hits 2 (0.00s CPU time), remote cache hits 0 (0.00s CPU time), compiled 0 variants (0.00s CPU time), skipped 0 variants
    Prepared data for serialisation in 0.00s
Compiling shader "Hidden/Sentis/Range" pass "" (fp)
    Full variant space:         2
    After settings filtering:   2
    After built-in stripping:   2
    After scriptable stripping: 2
    Processed in 0.00 seconds
    starting compilation...
    finished in 0.00 seconds. Local cache hits 2 (0.00s CPU time), remote cache hits 0 (0.00s CPU time), compiled 0 variants (0.00s CPU time), skipped 0 variants
    Prepared data for serialisation in 0.00s
Serialized binary data for shader Hidden/Sentis/Range in 0.00s
    d3d11 (total internal programs: 4, unique: 4)
Compiling shader "Hidden/Sentis/OneHot" pass "" (vp)
    Full variant space:         2
    After settings filtering:   2
    After built-in stripping:   2
    After scriptable stripping: 2
    Processed in 0.00 seconds
    starting compilation...
    finished in 0.00 seconds. Local cache hits 2 (0.00s CPU time), remote cache hits 0 (0.00s CPU time), compiled 0 variants (0.00s CPU time), skipped 0 variants
    Prepared data for serialisation in 0.00s
Compiling shader "Hidden/Sentis/OneHot" pass "" (fp)
    Full variant space:         2
    After settings filtering:   2
    After built-in stripping:   2
    After scriptable stripping: 2
    Processed in 0.00 seconds
    starting compilation...
    finished in 0.00 seconds. Local cache hits 2 (0.00s CPU time), remote cache hits 0 (0.00s CPU time), compiled 0 variants (0.00s CPU time), skipped 0 variants
    Prepared data for serialisation in 0.00s
Serialized binary data for shader Hidden/Sentis/OneHot in 0.00s
    d3d11 (total internal programs: 4, unique: 4)
Compiling shader "Hidden/Sentis/Resize1D" pass "" (vp)
    Full variant space:         3
    After settings filtering:   3
    After built-in stripping:   3
    After scriptable stripping: 3
    Processed in 0.00 seconds
    starting compilation...
    finished in 0.00 seconds. Local cache hits 3 (0.00s CPU time), remote cache hits 0 (0.00s CPU time), compiled 0 variants (0.00s CPU time), skipped 0 variants
    Prepared data for serialisation in 0.00s
Compiling shader "Hidden/Sentis/Resize1D" pass "" (fp)
    Full variant space:         3
    After settings filtering:   3
    After built-in stripping:   3
    After scriptable stripping: 3
    Processed in 0.00 seconds
    starting compilation...
    finished in 0.00 seconds. Local cache hits 3 (0.00s CPU time), remote cache hits 0 (0.00s CPU time), compiled 0 variants (0.00s CPU time), skipped 0 variants
    Prepared data for serialisation in 0.00s
Serialized binary data for shader Hidden/Sentis/Resize1D in 0.00s
    d3d11 (total internal programs: 6, unique: 6)
Compiling shader "Hidden/Sentis/LocalPool" pass "" (vp)
    Full variant space:         4
    After settings filtering:   4
    After built-in stripping:   4
    After scriptable stripping: 4
    Processed in 0.00 seconds
    starting compilation...
    finished in 0.00 seconds. Local cache hits 4 (0.00s CPU time), remote cache hits 0 (0.00s CPU time), compiled 0 variants (0.00s CPU time), skipped 0 variants
    Prepared data for serialisation in 0.00s
Compiling shader "Hidden/Sentis/LocalPool" pass "" (fp)
    Full variant space:         4
    After settings filtering:   4
    After built-in stripping:   4
    After scriptable stripping: 4
    Processed in 0.00 seconds
    starting compilation...
    finished in 0.00 seconds. Local cache hits 4 (0.00s CPU time), remote cache hits 0 (0.00s CPU time), compiled 0 variants (0.00s CPU time), skipped 0 variants
    Prepared data for serialisation in 0.00s
Serialized binary data for shader Hidden/Sentis/LocalPool in 0.00s
    d3d11 (total internal programs: 8, unique: 8)
Compiling shader "Hidden/Sentis/ScalarMad" pass "" (vp)
    Full variant space:         2
    After settings filtering:   2
    After built-in stripping:   2
    After scriptable stripping: 2
    Processed in 0.00 seconds
    starting compilation...
    finished in 0.00 seconds. Local cache hits 2 (0.00s CPU time), remote cache hits 0 (0.00s CPU time), compiled 0 variants (0.00s CPU time), skipped 0 variants
    Prepared data for serialisation in 0.00s
Compiling shader "Hidden/Sentis/ScalarMad" pass "" (fp)
    Full variant space:         2
    After settings filtering:   2
    After built-in stripping:   2
    After scriptable stripping: 2
    Processed in 0.00 seconds
    starting compilation...
    finished in 0.00 seconds. Local cache hits 2 (0.00s CPU time), remote cache hits 0 (0.00s CPU time), compiled 0 variants (0.00s CPU time), skipped 0 variants
    Prepared data for serialisation in 0.00s
Serialized binary data for shader Hidden/Sentis/ScalarMad in 0.00s
    d3d11 (total internal programs: 4, unique: 4)
Compiling shader "Hidden/Sentis/ReduceIndices" pass "" (vp)
    Full variant space:         8
    After settings filtering:   8
    After built-in stripping:   8
    After scriptable stripping: 8
    Processed in 0.00 seconds
    starting compilation...
    finished in 0.00 seconds. Local cache hits 8 (0.00s CPU time), remote cache hits 0 (0.00s CPU time), compiled 0 variants (0.00s CPU time), skipped 0 variants
    Prepared data for serialisation in 0.00s
Compiling shader "Hidden/Sentis/ReduceIndices" pass "" (fp)
    Full variant space:         8
    After settings filtering:   8
    After built-in stripping:   8
    After scriptable stripping: 8
    Processed in 0.00 seconds
    starting compilation...
    finished in 0.00 seconds. Local cache hits 8 (0.00s CPU time), remote cache hits 0 (0.00s CPU time), compiled 0 variants (0.00s CPU time), skipped 0 variants
    Prepared data for serialisation in 0.00s
Serialized binary data for shader Hidden/Sentis/ReduceIndices in 0.00s
    d3d11 (total internal programs: 16, unique: 16)
Compiling shader "Hidden/Sentis/Slice" pass "" (vp)
    Full variant space:         4
    After settings filtering:   4
    After built-in stripping:   4
    After scriptable stripping: 4
    Processed in 0.00 seconds
    starting compilation...
    finished in 0.00 seconds. Local cache hits 4 (0.00s CPU time), remote cache hits 0 (0.00s CPU time), compiled 0 variants (0.00s CPU time), skipped 0 variants
    Prepared data for serialisation in 0.00s
Compiling shader "Hidden/Sentis/Slice" pass "" (fp)
    Full variant space:         4
    After settings filtering:   4
    After built-in stripping:   4
    After scriptable stripping: 4
    Processed in 0.00 seconds
    starting compilation...
    finished in 0.00 seconds. Local cache hits 4 (0.00s CPU time), remote cache hits 0 (0.00s CPU time), compiled 0 variants (0.00s CPU time), skipped 0 variants
    Prepared data for serialisation in 0.00s
Serialized binary data for shader Hidden/Sentis/Slice in 0.00s
    d3d11 (total internal programs: 8, unique: 8)
Compiling shader "Hidden/Sentis/ScaleBias" pass "" (vp)
    Full variant space:         2
    After settings filtering:   2
    After built-in stripping:   2
    After scriptable stripping: 2
    Processed in 0.00 seconds
    starting compilation...
    finished in 0.00 seconds. Local cache hits 2 (0.00s CPU time), remote cache hits 0 (0.00s CPU time), compiled 0 variants (0.00s CPU time), skipped 0 variants
    Prepared data for serialisation in 0.00s
Compiling shader "Hidden/Sentis/ScaleBias" pass "" (fp)
    Full variant space:         2
    After settings filtering:   2
    After built-in stripping:   2
    After scriptable stripping: 2
    Processed in 0.00 seconds
    starting compilation...
    finished in 0.00 seconds. Local cache hits 2 (0.00s CPU time), remote cache hits 0 (0.00s CPU time), compiled 0 variants (0.00s CPU time), skipped 0 variants
    Prepared data for serialisation in 0.00s
Serialized binary data for shader Hidden/Sentis/ScaleBias in 0.00s
    d3d11 (total internal programs: 4, unique: 4)
Compiling shader "Hidden/Sentis/LayoutSwitchBlockedAxis" pass "" (vp)
    Full variant space:         2
    After settings filtering:   2
    After built-in stripping:   2
    After scriptable stripping: 2
    Processed in 0.00 seconds
    starting compilation...
    finished in 0.00 seconds. Local cache hits 2 (0.00s CPU time), remote cache hits 0 (0.00s CPU time), compiled 0 variants (0.00s CPU time), skipped 0 variants
    Prepared data for serialisation in 0.00s
Compiling shader "Hidden/Sentis/LayoutSwitchBlockedAxis" pass "" (fp)
    Full variant space:         2
    After settings filtering:   2
    After built-in stripping:   2
    After scriptable stripping: 2
    Processed in 0.00 seconds
    starting compilation...
    finished in 0.00 seconds. Local cache hits 2 (0.00s CPU time), remote cache hits 0 (0.00s CPU time), compiled 0 variants (0.00s CPU time), skipped 0 variants
    Prepared data for serialisation in 0.00s
Serialized binary data for shader Hidden/Sentis/LayoutSwitchBlockedAxis in 0.00s
    d3d11 (total internal programs: 4, unique: 4)
Compiling shader "Hidden/UniGLTF/StandardMapImporter" pass "" (vp)
    Full variant space:         1
    After settings filtering:   1
    After built-in stripping:   1
    After scriptable stripping: 1
    Processed in 0.00 seconds
    starting compilation...
    finished in 0.00 seconds. Local cache hits 1 (0.00s CPU time), remote cache hits 0 (0.00s CPU time), compiled 0 variants (0.00s CPU time), skipped 0 variants
    Prepared data for serialisation in 0.00s
Compiling shader "Hidden/UniGLTF/StandardMapImporter" pass "" (fp)
    Full variant space:         1
    After settings filtering:   1
    After built-in stripping:   1
    After scriptable stripping: 1
    Processed in 0.00 seconds
    starting compilation...
    finished in 0.00 seconds. Local cache hits 1 (0.00s CPU time), remote cache hits 0 (0.00s CPU time), compiled 0 variants (0.00s CPU time), skipped 0 variants
    Prepared data for serialisation in 0.00s
Serialized binary data for shader Hidden/UniGLTF/StandardMapImporter in 0.00s
    d3d11 (total internal programs: 2, unique: 2)
Compiling shader "Hidden/Sentis/TopP" pass "" (vp)
    Full variant space:         1
    After settings filtering:   1
    After built-in stripping:   1
    After scriptable stripping: 1
    Processed in 0.00 seconds
    starting compilation...
    finished in 0.00 seconds. Local cache hits 1 (0.00s CPU time), remote cache hits 0 (0.00s CPU time), compiled 0 variants (0.00s CPU time), skipped 0 variants
    Prepared data for serialisation in 0.00s
Compiling shader "Hidden/Sentis/TopP" pass "" (fp)
    Full variant space:         1
    After settings filtering:   1
    After built-in stripping:   1
    After scriptable stripping: 1
    Processed in 0.00 seconds
    starting compilation...
    finished in 0.00 seconds. Local cache hits 1 (0.00s CPU time), remote cache hits 0 (0.00s CPU time), compiled 0 variants (0.00s CPU time), skipped 0 variants
    Prepared data for serialisation in 0.00s
Serialized binary data for shader Hidden/Sentis/TopP in 0.00s
    d3d11 (total internal programs: 2, unique: 2)
Compiling compute shader "KiwiFacePartBlockMatch"
    starting stripping...
[KiwiV39ShaderAudit] required kernel compile callback kernel=Match variants=1 path=Assets/KiwiAvatarSystem/Resources/KiwiFacePartBlockMatch.compute
UnityEngine.Debug:ExtractStackTraceNoAlloc (byte*,int,string)
UnityEngine.StackTraceUtility:ExtractStackTrace ()
UnityEngine.DebugLogHandler:Internal_Log (UnityEngine.LogType,UnityEngine.LogOption,string,UnityEngine.Object)
UnityEngine.DebugLogHandler:LogFormat (UnityEngine.LogType,UnityEngine.Object,string,object[])
UnityEngine.Logger:Log (UnityEngine.LogType,object)
UnityEngine.Debug:Log (object)
KiwiComputeShaderPackagingAudit:OnProcessComputeShader (UnityEngine.ComputeShader,string,System.Collections.Generic.IList`1<UnityEditor.Rendering.ShaderCompilerData>) (at Assets/KiwiAvatarSystem/Editor/KiwiComputeShaderPackagingAudit.cs:165)
UnityEditor.Build.BuildPipelineInterfaces:OnPreprocessComputeShaders (UnityEngine.ComputeShader,string,UnityEditor.Rendering.ShaderCompilerData[])
UnityEditor.BuildPipeline:BuildPlayerInternalNoCheck (string[],string,string,UnityEditor.BuildTargetGroup,UnityEditor.BuildTarget,int,UnityEditor.BuildOptions,string[],bool)
UnityEditor.BuildPipeline:BuildPlayerInternal (string[],string,string,UnityEditor.BuildTargetGroup,UnityEditor.BuildTarget,int,UnityEditor.BuildOptions,string[])
UnityEditor.BuildPipeline:BuildPlayer (string[],string,string,UnityEditor.BuildTargetGroup,UnityEditor.BuildTarget,int,UnityEditor.BuildOptions,string[])
UnityEditor.BuildPipeline:BuildPlayer (UnityEditor.BuildPlayerOptions)
KiwiStandaloneBuildDiagnostic:BuildWindows64 () (at Assets/KiwiAvatarSystem/Editor/KiwiStandaloneBuildDiagnostic.cs:130)

(Filename: Assets/KiwiAvatarSystem/Editor/KiwiComputeShaderPackagingAudit.cs Line: 165)

    finished in 0.00 seconds. 1 of 1 variants left
    1 variants, starting compilation...
    finished in 0.00 seconds. Local cache hits 1, remote cache hits 0, compiled 0 variants
Compiling compute shader "ReferenceImpl.IndexingOpsA"
    starting stripping...
    finished in 0.00 seconds. 8 of 8 variants left
    8 variants, starting compilation...
    finished in 0.00 seconds. Local cache hits 8, remote cache hits 0, compiled 0 variants
Compiling compute shader "TensorToTexture"
    starting stripping...
    finished in 0.00 seconds. 4 of 4 variants left
    4 variants, starting compilation...
    finished in 0.00 seconds. Local cache hits 4, remote cache hits 0, compiled 0 variants
Compiling compute shader "KiwiOrtDmlTensorize"
    starting stripping...
    finished in 0.00 seconds. 1 of 1 variants left
    1 variants, starting compilation...
    finished in 0.00 seconds. Local cache hits 1, remote cache hits 0, compiled 0 variants
Compiling compute shader "Resize"
    starting stripping...
    finished in 0.00 seconds. 12 of 12 variants left
    12 variants, starting compilation...
    finished in 0.00 seconds. Local cache hits 12, remote cache hits 0, compiled 0 variants
Compiling compute shader "GemmT"
    starting stripping...
    finished in 0.00 seconds. 3 of 3 variants left
    3 variants, starting compilation...
    finished in 0.00 seconds. Local cache hits 3, remote cache hits 0, compiled 0 variants
Compiling compute shader "ImageBased"
    starting stripping...
    finished in 0.00 seconds. 3 of 3 variants left
    3 variants, starting compilation...
    finished in 0.00 seconds. Local cache hits 3, remote cache hits 0, compiled 0 variants
Compiling compute shader "ReferenceImpl"
    starting stripping...
    finished in 0.00 seconds. 1 of 1 variants left
    1 variants, starting compilation...
    finished in 0.00 seconds. Local cache hits 1, remote cache hits 0, compiled 0 variants
Compiling compute shader "ReduceIndices"
    starting stripping...
    finished in 0.00 seconds. 8 of 8 variants left
    8 variants, starting compilation...
    finished in 0.00 seconds. Local cache hits 8, remote cache hits 0, compiled 0 variants
Compiling compute shader "IndexingOps"
    starting stripping...
    finished in 0.00 seconds. 3 of 3 variants left
    3 variants, starting compilation...
    finished in 0.00 seconds. Local cache hits 3, remote cache hits 0, compiled 0 variants
Compiling compute shader "AxisActivations"
    starting stripping...
    finished in 0.00 seconds. 3 of 3 variants left
    3 variants, starting compilation...
    finished in 0.00 seconds. Local cache hits 3, remote cache hits 0, compiled 0 variants
Compiling compute shader "Normalization"
    starting stripping...
    finished in 0.00 seconds. 4 of 4 variants left
    4 variants, starting compilation...
    finished in 0.00 seconds. Local cache hits 4, remote cache hits 0, compiled 0 variants
Compiling compute shader "Random"
    starting stripping...
    finished in 0.00 seconds. 5 of 5 variants left
    5 variants, starting compilation...
    finished in 0.00 seconds. Local cache hits 5, remote cache hits 0, compiled 0 variants
Compiling compute shader "NMS"
    starting stripping...
    finished in 0.00 seconds. 4 of 4 variants left
    4 variants, starting compilation...
    finished in 0.00 seconds. Local cache hits 4, remote cache hits 0, compiled 0 variants
Compiling compute shader "Spectral"
    starting stripping...
    finished in 0.00 seconds. 4 of 4 variants left
    4 variants, starting compilation...
    finished in 0.00 seconds. Local cache hits 4, remote cache hits 0, compiled 0 variants
Compiling compute shader "ReferenceImpl.PadA"
    starting stripping...
    finished in 0.00 seconds. 5 of 5 variants left
    5 variants, starting compilation...
    finished in 0.00 seconds. Local cache hits 5, remote cache hits 0, compiled 0 variants
Compiling compute shader "RNN"
    starting stripping...
    finished in 0.00 seconds. 1 of 1 variants left
    1 variants, starting compilation...
    finished in 0.00 seconds. Local cache hits 1, remote cache hits 0, compiled 0 variants
Compiling compute shader "CumSum"
    starting stripping...
    finished in 0.00 seconds. 8 of 8 variants left
    8 variants, starting compilation...
    finished in 0.00 seconds. Local cache hits 8, remote cache hits 0, compiled 0 variants
Compiling compute shader "ScatterOps"
    starting stripping...
    finished in 0.00 seconds. 10 of 10 variants left
    10 variants, starting compilation...
    finished in 0.00 seconds. Local cache hits 10, remote cache hits 0, compiled 0 variants
Compiling compute shader "Compute.Shaders.ReductionUnrolled.gen"
    starting stripping...
    finished in 0.00 seconds. 19 of 19 variants left
    19 variants, starting compilation...
    finished in 0.00 seconds. Local cache hits 19, remote cache hits 0, compiled 0 variants
Compiling compute shader "WindowedDFTMatrix"
    starting stripping...
    finished in 0.00 seconds. 8 of 8 variants left
    8 variants, starting compilation...
    finished in 0.00 seconds. Local cache hits 8, remote cache hits 0, compiled 0 variants
Compiling compute shader "Dense"
    starting stripping...
    finished in 0.00 seconds. 12 of 12 variants left
    12 variants, starting compilation...
    finished in 0.00 seconds. Local cache hits 12, remote cache hits 0, compiled 0 variants
Compiling compute shader "ReferenceImpl.GenericA"
    starting stripping...
    finished in 0.00 seconds. 2 of 2 variants left
    2 variants, starting compilation...
    finished in 0.00 seconds. Local cache hits 2, remote cache hits 0, compiled 0 variants
Compiling compute shader "BitonicSort"
    starting stripping...
    finished in 0.00 seconds. 4 of 4 variants left
    4 variants, starting compilation...
    finished in 0.00 seconds. Local cache hits 4, remote cache hits 0, compiled 0 variants
Compiling compute shader "ConvGeneric"
    starting stripping...
    finished in 0.00 seconds. 204 of 204 variants left
    204 variants, starting compilation...
Shader warning in 'ConvGeneric': "TRANSPOSE_OUTPUT variants not supported with NON_UNIFORM_CONVGROUP_PER_OC, make sure this variant is not used" at kernel Conv1D_OutTransposed_4eoc_4esp at ConvGeneric.compute(550)
Shader warning in 'ConvGeneric': "TRANSPOSE_OUTPUT variants not supported with NON_UNIFORM_CONVGROUP_PER_OC, make sure this variant is not used" at kernel Conv1D_OutTransposed_4eoc_4esp at ConvGeneric.compute(549)
Shader warning in 'ConvGeneric': "TRANSPOSE_OUTPUT variants not supported with NON_UNIFORM_CONVGROUP_PER_OC, make sure this variant is not used" at kernel Conv1D_OutTransposed_4eoc_4esp at ConvGeneric.compute(550)
Shader warning in 'ConvGeneric': "TRANSPOSE_OUTPUT variants not supported with NON_UNIFORM_CONVGROUP_PER_OC, make sure this variant is not used" at kernel Conv1D_OutTransposed_4eoc_4esp at ConvGeneric.compute(549)
Shader warning in 'ConvGeneric': "TRANSPOSE_OUTPUT variants not supported with NON_UNIFORM_CONVGROUP_PER_OC, make sure this variant is not used" at kernel Conv1D_OutTransposed_4eoc_4esp at ConvGeneric.compute(550)
Shader warning in 'ConvGeneric': "TRANSPOSE_OUTPUT variants not supported with NON_UNIFORM_CONVGROUP_PER_OC, make sure this variant is not used" at kernel Conv1D_OutTransposed_4eoc_4esp at ConvGeneric.compute(548)
Shader warning in 'ConvGeneric': "TRANSPOSE_OUTPUT variants not supported with NON_UNIFORM_CONVGROUP_PER_OC, make sure this variant is not used" at kernel Conv1D_OutTransposed_4eoc_4esp at ConvGeneric.compute(549)
Shader warning in 'ConvGeneric': "TRANSPOSE_OUTPUT variants not supported with NON_UNIFORM_CONVGROUP_PER_OC, make sure this variant is not used" at kernel Conv1D_OutTransposed_4eoc_4esp at ConvGeneric.compute(550)
Shader warning in 'ConvGeneric': "TRANSPOSE_OUTPUT variants not supported with NON_UNIFORM_CONVGROUP_PER_OC, make sure this variant is not used" at kernel Conv1D_OutTransposed_4eoc_4esp at ConvGeneric.compute(548)
Shader warning in 'ConvGeneric': "TRANSPOSE_OUTPUT variants not supported with NON_UNIFORM_CONVGROUP_PER_OC, make sure this variant is not used" at kernel Conv1D_OutTransposed_4eoc_4esp at ConvGeneric.compute(549)
Shader warning in 'ConvGeneric': "TRANSPOSE_OUTPUT variants not supported with NON_UNIFORM_CONVGROUP_PER_OC, make sure this variant is not used" at kernel Conv1DComplex_OutTransposed_4eoc_4esp at ConvGeneric.compute(550)
Shader warning in 'ConvGeneric': "TRANSPOSE_OUTPUT variants not supported with NON_UNIFORM_CONVGROUP_PER_OC, make sure this variant is not used" at kernel Conv1D_OutTransposed_4eoc_4esp at ConvGeneric.compute(550)
Shader warning in 'ConvGeneric': "TRANSPOSE_OUTPUT variants not supported with NON_UNIFORM_CONVGROUP_PER_OC, make sure this variant is not used" at kernel Conv1D_OutTransposed_4eoc_4esp at ConvGeneric.compute(548)
Shader warning in 'ConvGeneric': "TRANSPOSE_OUTPUT variants not supported with NON_UNIFORM_CONVGROUP_PER_OC, make sure this variant is not used" at kernel Conv1DComplex_OutTransposed_4eoc_4esp at ConvGeneric.compute(549)
Shader warning in 'ConvGeneric': "TRANSPOSE_OUTPUT variants not supported with NON_UNIFORM_CONVGROUP_PER_OC, make sure this variant is not used" at kernel Conv1D_OutTransposed_4eoc_4esp at ConvGeneric.compute(549)
Shader warning in 'ConvGeneric': "TRANSPOSE_OUTPUT variants not supported with NON_UNIFORM_CONVGROUP_PER_OC, make sure this variant is not used" at kernel Conv1DComplex_OutTransposed_4eoc_4esp at ConvGeneric.compute(550)
Shader warning in 'ConvGeneric': "TRANSPOSE_OUTPUT variants not supported with NON_UNIFORM_CONVGROUP_PER_OC, make sure this variant is not used" at kernel Conv1D_OutTransposed_4eoc_4esp at ConvGeneric.compute(550)
Shader warning in 'ConvGeneric': "TRANSPOSE_OUTPUT variants not supported with NON_UNIFORM_CONVGROUP_PER_OC, make sure this variant is not used" at kernel Conv1D_OutTransposed_4eoc_4esp at ConvGeneric.compute(548)
Shader warning in 'ConvGeneric': "TRANSPOSE_OUTPUT variants not supported with NON_UNIFORM_CONVGROUP_PER_OC, make sure this variant is not used" at kernel Conv1DComplex_OutTransposed_4eoc_4esp at ConvGeneric.compute(549)
Shader warning in 'ConvGeneric': "TRANSPOSE_OUTPUT variants not supported with NON_UNIFORM_CONVGROUP_PER_OC, make sure this variant is not used" at kernel Conv1D_OutTransposed_4eoc_4esp at ConvGeneric.compute(549)
Shader warning in 'ConvGeneric': "TRANSPOSE_OUTPUT variants not supported with NON_UNIFORM_CONVGROUP_PER_OC, make sure this variant is not used" at kernel Conv1DComplex_OutTransposed_4eoc_4esp at ConvGeneric.compute(550)
Shader warning in 'ConvGeneric': "TRANSPOSE_OUTPUT variants not supported with NON_UNIFORM_CONVGROUP_PER_OC, make sure this variant is not used" at kernel Conv1D_OutTransposed_4eoc_4esp at ConvGeneric.compute(550)
Shader warning in 'ConvGeneric': "TRANSPOSE_OUTPUT variants not supported with NON_UNIFORM_CONVGROUP_PER_OC, make sure this variant is not used" at kernel Conv1DComplex_OutTransposed_4eoc_4esp at ConvGeneric.compute(548)
Shader warning in 'ConvGeneric': "TRANSPOSE_OUTPUT variants not supported with NON_UNIFORM_CONVGROUP_PER_OC, make sure this variant is not used" at kernel Conv1D_OutTransposed_4eoc_4esp at ConvGeneric.compute(548)
Shader warning in 'ConvGeneric': "TRANSPOSE_OUTPUT variants not supported with NON_UNIFORM_CONVGROUP_PER_OC, make sure this variant is not used" at kernel Conv1DComplex_OutTransposed_4eoc_4esp at ConvGeneric.compute(549)
Shader warning in 'ConvGeneric': "TRANSPOSE_OUTPUT variants not supported with NON_UNIFORM_CONVGROUP_PER_OC, make sure this variant is not used" at kernel Conv1D_OutTransposed_4eoc_4esp at ConvGeneric.compute(549)
Shader warning in 'ConvGeneric': "TRANSPOSE_OUTPUT variants not supported with NON_UNIFORM_CONVGROUP_PER_OC, make sure this variant is not used" at kernel Conv1DComplex_OutTransposed_4eoc_4esp at ConvGeneric.compute(550)
Shader warning in 'ConvGeneric': "TRANSPOSE_OUTPUT variants not supported with NON_UNIFORM_CONVGROUP_PER_OC, make sure this variant is not used" at kernel Conv1D_OutTransposed_4eoc_4esp at ConvGeneric.compute(550)
Shader warning in 'ConvGeneric': "TRANSPOSE_OUTPUT variants not supported with NON_UNIFORM_CONVGROUP_PER_OC, make sure this variant is not used" at kernel Conv1DComplex_OutTransposed_4eoc_4esp at ConvGeneric.compute(548)
Shader warning in 'ConvGeneric': "TRANSPOSE_OUTPUT variants not supported with NON_UNIFORM_CONVGROUP_PER_OC, make sure this variant is not used" at kernel Conv1D_OutTransposed_4eoc_4esp at ConvGeneric.compute(548)
Shader warning in 'ConvGeneric': "TRANSPOSE_OUTPUT variants not supported with NON_UNIFORM_CONVGROUP_PER_OC, make sure this variant is not used" at kernel Conv1DComplex_OutTransposed_4eoc_4esp at ConvGeneric.compute(549)
Shader warning in 'ConvGeneric': "TRANSPOSE_OUTPUT variants not supported with NON_UNIFORM_CONVGROUP_PER_OC, make sure this variant is not used" at kernel Conv1D_OutTransposed_4eoc_4esp at ConvGeneric.compute(549)
Shader warning in 'ConvGeneric': "TRANSPOSE_OUTPUT variants not supported with NON_UNIFORM_CONVGROUP_PER_OC, make sure this variant is not used" at kernel Conv1DComplex_OutTransposed_4eoc_4esp at ConvGeneric.compute(550)
Shader warning in 'ConvGeneric': "TRANSPOSE_OUTPUT variants not supported with NON_UNIFORM_CONVGROUP_PER_OC, make sure this variant is not used" at kernel Conv1D_OutTransposed_4eoc_4esp at ConvGeneric.compute(550)
Shader warning in 'ConvGeneric': "TRANSPOSE_OUTPUT variants not supported with NON_UNIFORM_CONVGROUP_PER_OC, make sure this variant is not used" at kernel Conv1D_Scaled_OutTransposed_4eoc_4esp at ConvGeneric.compute(550)
Shader warning in 'ConvGeneric': "TRANSPOSE_OUTPUT variants not supported with NON_UNIFORM_CONVGROUP_PER_OC, make sure this variant is not used" at kernel Conv1DComplex_OutTransposed_4eoc_4esp at ConvGeneric.compute(548)
Shader warning in 'ConvGeneric': "TRANSPOSE_OUTPUT variants not supported with NON_UNIFORM_CONVGROUP_PER_OC, make sure this variant is not used" at kernel Conv1D_OutTransposed_4eoc_4esp at ConvGeneric.compute(548)
Shader warning in 'ConvGeneric': "TRANSPOSE_OUTPUT variants not supported with NON_UNIFORM_CONVGROUP_PER_OC, make sure this variant is not used" at kernel Conv1DComplex_OutTransposed_4eoc_4esp at ConvGeneric.compute(549)
Shader warning in 'ConvGeneric': "TRANSPOSE_OUTPUT variants not supported with NON_UNIFORM_CONVGROUP_PER_OC, make sure this variant is not used" at kernel Conv1D_OutTransposed_4eoc_4esp at ConvGeneric.compute(549)
Shader warning in 'ConvGeneric': "TRANSPOSE_OUTPUT variants not supported with NON_UNIFORM_CONVGROUP_PER_OC, make sure this variant is not used" at kernel Conv1D_Scaled_OutTransposed_4eoc_4esp at ConvGeneric.compute(549)
Shader warning in 'ConvGeneric': "TRANSPOSE_OUTPUT variants not supported with NON_UNIFORM_CONVGROUP_PER_OC, make sure this variant is not used" at kernel Conv1DComplex_OutTransposed_4eoc_4esp at ConvGeneric.compute(550)
Shader warning in 'ConvGeneric': "TRANSPOSE_OUTPUT variants not supported with NON_UNIFORM_CONVGROUP_PER_OC, make sure this variant is not used" at kernel Conv1D_OutTransposed_4eoc_4esp at ConvGeneric.compute(550)
Shader warning in 'ConvGeneric': "TRANSPOSE_OUTPUT variants not supported with NON_UNIFORM_CONVGROUP_PER_OC, make sure this variant is not used" at kernel Conv1D_Scaled_OutTransposed_4eoc_4esp at ConvGeneric.compute(550)
Shader warning in 'ConvGeneric': "TRANSPOSE_OUTPUT variants not supported with NON_UNIFORM_CONVGROUP_PER_OC, make sure this variant is not used" at kernel Conv1DComplex_OutTransposed_4eoc_4esp at ConvGeneric.compute(548)
Shader warning in 'ConvGeneric': "TRANSPOSE_OUTPUT variants not supported with NON_UNIFORM_CONVGROUP_PER_OC, make sure this variant is not used" at kernel Conv1D_OutTransposed_4eoc_4esp at ConvGeneric.compute(548)
Shader warning in 'ConvGeneric': "TRANSPOSE_OUTPUT variants not supported with NON_UNIFORM_CONVGROUP_PER_OC, make sure this variant is not used" at kernel Conv1DComplex_OutTransposed_4eoc_4esp at ConvGeneric.compute(549)
Shader warning in 'ConvGeneric': "TRANSPOSE_OUTPUT variants not supported with NON_UNIFORM_CONVGROUP_PER_OC, make sure this variant is not used" at kernel Conv1D_OutTransposed_4eoc_4esp at ConvGeneric.compute(549)
Shader warning in 'ConvGeneric': "TRANSPOSE_OUTPUT variants not supported with NON_UNIFORM_CONVGROUP_PER_OC, make sure this variant is not used" at kernel Conv1D_Scaled_OutTransposed_4eoc_4esp at ConvGeneric.compute(549)
Shader warning in 'ConvGeneric': "TRANSPOSE_OUTPUT variants not supported with NON_UNIFORM_CONVGROUP_PER_OC, make sure this variant is not used" at kernel Conv1DComplex_OutTransposed_4eoc_4esp at ConvGeneric.compute(550)
Shader warning in 'ConvGeneric': "TRANSPOSE_OUTPUT variants not supported with NON_UNIFORM_CONVGROUP_PER_OC, make sure this variant is not used" at kernel Conv1D_OutTransposed_4eoc_4esp at ConvGeneric.compute(550)
Shader warning in 'ConvGeneric': "TRANSPOSE_OUTPUT variants not supported with NON_UNIFORM_CONVGROUP_PER_OC, make sure this variant is not used" at kernel Conv1D_Scaled_OutTransposed_4eoc_4esp at ConvGeneric.compute(550)
Shader warning in 'ConvGeneric': "TRANSPOSE_OUTPUT variants not supported with NON_UNIFORM_CONVGROUP_PER_OC, make sure this variant is not used" at kernel Conv1DComplex_OutTransposed_4eoc_4esp at ConvGeneric.compute(548)
Shader warning in 'ConvGeneric': "TRANSPOSE_OUTPUT variants not supported with NON_UNIFORM_CONVGROUP_PER_OC, make sure this variant is not used" at kernel Conv1D_OutTransposed_4eoc_4esp at ConvGeneric.compute(548)
Shader warning in 'ConvGeneric': "TRANSPOSE_OUTPUT variants not supported with NON_UNIFORM_CONVGROUP_PER_OC, make sure this variant is not used" at kernel Conv1D_Scaled_OutTransposed_4eoc_4esp at ConvGeneric.compute(548)
Shader warning in 'ConvGeneric': "TRANSPOSE_OUTPUT variants not supported with NON_UNIFORM_CONVGROUP_PER_OC, make sure this variant is not used" at kernel Conv1DComplex_OutTransposed_4eoc_4esp at ConvGeneric.compute(549)
Shader warning in 'ConvGeneric': "TRANSPOSE_OUTPUT variants not supported with NON_UNIFORM_CONVGROUP_PER_OC, make sure this variant is not used" at kernel Conv1D_OutTransposed_4eoc_4esp at ConvGeneric.compute(549)
Shader warning in 'ConvGeneric': "TRANSPOSE_OUTPUT variants not supported with NON_UNIFORM_CONVGROUP_PER_OC, make sure this variant is not used" at kernel Conv1D_Scaled_OutTransposed_4eoc_4esp at ConvGeneric.compute(549)
Shader warning in 'ConvGeneric': "TRANSPOSE_OUTPUT variants not supported with NON_UNIFORM_CONVGROUP_PER_OC, make sure this variant is not used" at kernel Conv1DComplex_OutTransposed_4eoc_4esp at ConvGeneric.compute(550)
Shader warning in 'ConvGeneric': "TRANSPOSE_OUTPUT variants not supported with NON_UNIFORM_CONVGROUP_PER_OC, make sure this variant is not used" at kernel Conv1D_OutTransposed_4eoc_4esp at ConvGeneric.compute(550)
Shader warning in 'ConvGeneric': "TRANSPOSE_OUTPUT variants not supported with NON_UNIFORM_CONVGROUP_PER_OC, make sure this variant is not used" at kernel Conv1D_Scaled_OutTransposed_4eoc_4esp at ConvGeneric.compute(550)
Shader warning in 'ConvGeneric': "TRANSPOSE_OUTPUT variants not supported with NON_UNIFORM_CONVGROUP_PER_OC, make sure this variant is not used" at kernel Conv1DComplex_OutTransposed_4eoc_4esp at ConvGeneric.compute(548)
Shader warning in 'ConvGeneric': "TRANSPOSE_OUTPUT variants not supported with NON_UNIFORM_CONVGROUP_PER_OC, make sure this variant is not used" at kernel Conv1D_OutTransposed_4eoc_4esp at ConvGeneric.compute(548)
Shader warning in 'ConvGeneric': "TRANSPOSE_OUTPUT variants not supported with NON_UNIFORM_CONVGROUP_PER_OC, make sure this variant is not used" at kernel Conv1D_Scaled_OutTransposed_4eoc_4esp at ConvGeneric.compute(548)
Shader warning in 'ConvGeneric': "TRANSPOSE_OUTPUT variants not supported with NON_UNIFORM_CONVGROUP_PER_OC, make sure this variant is not used" at kernel Conv1DComplex_OutTransposed_4eoc_4esp at ConvGeneric.compute(549)
Shader warning in 'ConvGeneric': "TRANSPOSE_OUTPUT variants not supported with NON_UNIFORM_CONVGROUP_PER_OC, make sure this variant is not used" at kernel Conv1D_OutTransposed_4eoc_4esp at ConvGeneric.compute(549)
Shader warning in 'ConvGeneric': "TRANSPOSE_OUTPUT variants not supported with NON_UNIFORM_CONVGROUP_PER_OC, make sure this variant is not used" at kernel Conv1D_Scaled_OutTransposed_4eoc_4esp at ConvGeneric.compute(549)
Shader warning in 'ConvGeneric': "TRANSPOSE_OUTPUT variants not supported with NON_UNIFORM_CONVGROUP_PER_OC, make sure this variant is not used" at kernel Conv1DComplex_OutTransposed_4eoc_4esp at ConvGeneric.compute(550)
Shader warning in 'ConvGeneric': "TRANSPOSE_OUTPUT variants not supported with NON_UNIFORM_CONVGROUP_PER_OC, make sure this variant is not used" at kernel Conv1D_OutTransposed_4eoc_4esp at ConvGeneric.compute(550)
Shader warning in 'ConvGeneric': "TRANSPOSE_OUTPUT variants not supported with NON_UNIFORM_CONVGROUP_PER_OC, make sure this variant is not used" at kernel Conv1D_Scaled_Complex_OutTransposed_4eoc_4esp at ConvGeneric.compute(550)
Shader warning in 'ConvGeneric': "TRANSPOSE_OUTPUT variants not supported with NON_UNIFORM_CONVGROUP_PER_OC, make sure this variant is not used" at kernel Conv1D_Scaled_OutTransposed_4eoc_4esp at ConvGeneric.compute(550)
Shader warning in 'ConvGeneric': "TRANSPOSE_OUTPUT variants not supported with NON_UNIFORM_CONVGROUP_PER_OC, make sure this variant is not used" at kernel Conv1DComplex_OutTransposed_4eoc_4esp at ConvGeneric.compute(548)
Shader warning in 'ConvGeneric': "TRANSPOSE_OUTPUT variants not supported with NON_UNIFORM_CONVGROUP_PER_OC, make sure this variant is not used" at kernel Conv1D_OutTransposed_4eoc_4esp at ConvGeneric.compute(548)
Shader warning in 'ConvGeneric': "TRANSPOSE_OUTPUT variants not supported with NON_UNIFORM_CONVGROUP_PER_OC, make sure this variant is not used" at kernel Conv1D_Scaled_OutTransposed_4eoc_4esp at ConvGeneric.compute(548)
Shader warning in 'ConvGeneric': "TRANSPOSE_OUTPUT variants not supported with NON_UNIFORM_CONVGROUP_PER_OC, make sure this variant is not used" at kernel Conv1DComplex_OutTransposed_4eoc_4esp at ConvGeneric.compute(549)
Shader warning in 'ConvGeneric': "TRANSPOSE_OUTPUT variants not supported with NON_UNIFORM_CONVGROUP_PER_OC, make sure this variant is not used" at kernel Conv1D_OutTransposed_4eoc_4esp at ConvGeneric.compute(549)
Shader warning in 'ConvGeneric': "TRANSPOSE_OUTPUT variants not supported with NON_UNIFORM_CONVGROUP_PER_OC, make sure this variant is not used" at kernel Conv1D_Scaled_Complex_OutTransposed_4eoc_4esp at ConvGeneric.compute(549)
Shader warning in 'ConvGeneric': "TRANSPOSE_OUTPUT variants not supported with NON_UNIFORM_CONVGROUP_PER_OC, make sure this variant is not used" at kernel Conv1D_Scaled_OutTransposed_4eoc_4esp at ConvGeneric.compute(549)
Shader warning in 'ConvGeneric': "TRANSPOSE_OUTPUT variants not supported with NON_UNIFORM_CONVGROUP_PER_OC, make sure this variant is not used" at kernel Conv1DComplex_OutTransposed_4eoc_4esp at ConvGeneric.compute(550)
Shader warning in 'ConvGeneric': "TRANSPOSE_OUTPUT variants not supported with NON_UNIFORM_CONVGROUP_PER_OC, make sure this variant is not used" at kernel Conv1D_OutTransposed_4eoc_4esp at ConvGeneric.compute(550)
Shader warning in 'ConvGeneric': "TRANSPOSE_OUTPUT variants not supported with NON_UNIFORM_CONVGROUP_PER_OC, make sure this variant is not used" at kernel Conv1D_Scaled_Complex_OutTransposed_4eoc_4esp at ConvGeneric.compute(550)
Shader warning in 'ConvGeneric': "TRANSPOSE_OUTPUT variants not supported with NON_UNIFORM_CONVGROUP_PER_OC, make sure this variant is not used" at kernel Conv1D_Scaled_OutTransposed_4eoc_4esp at ConvGeneric.compute(550)
Shader warning in 'ConvGeneric': "TRANSPOSE_OUTPUT variants not supported with NON_UNIFORM_CONVGROUP_PER_OC, make sure this variant is not used" at kernel Conv1DComplex_OutTransposed_4eoc_4esp at ConvGeneric.compute(548)
Shader warning in 'ConvGeneric': "TRANSPOSE_OUTPUT variants not supported with NON_UNIFORM_CONVGROUP_PER_OC, make sure this variant is not used" at kernel Conv1D_OutTransposed_4eoc_4esp at ConvGeneric.compute(548)
Shader warning in 'ConvGeneric': "TRANSPOSE_OUTPUT variants not supported with NON_UNIFORM_CONVGROUP_PER_OC, make sure this variant is not used" at kernel Conv1D_Scaled_OutTransposed_4eoc_4esp at ConvGeneric.compute(548)
Shader warning in 'ConvGeneric': "TRANSPOSE_OUTPUT variants not supported with NON_UNIFORM_CONVGROUP_PER_OC, make sure this variant is not used" at kernel Conv1DComplex_OutTransposed_4eoc_4esp at ConvGeneric.compute(549)
Shader warning in 'ConvGeneric': "TRANSPOSE_OUTPUT variants not supported with NON_UNIFORM_CONVGROUP_PER_OC, make sure this variant is not used" at kernel Conv1D_OutTransposed_4eoc_4esp at ConvGeneric.compute(549)
Shader warning in 'ConvGeneric': "TRANSPOSE_OUTPUT variants not supported with NON_UNIFORM_CONVGROUP_PER_OC, make sure this variant is not used" at kernel Conv1D_Scaled_Complex_OutTransposed_4eoc_4esp at ConvGeneric.compute(549)
Shader warning in 'ConvGeneric': "TRANSPOSE_OUTPUT variants not supported with NON_UNIFORM_CONVGROUP_PER_OC, make sure this variant is not used" at kernel Conv1D_Scaled_OutTransposed_4eoc_4esp at ConvGeneric.compute(549)
Shader warning in 'ConvGeneric': "TRANSPOSE_OUTPUT variants not supported with NON_UNIFORM_CONVGROUP_PER_OC, make sure this variant is not used" at kernel Conv1DComplex_OutTransposed_4eoc_4esp at ConvGeneric.compute(550)
Shader warning in 'ConvGeneric': "TRANSPOSE_OUTPUT variants not supported with NON_UNIFORM_CONVGROUP_PER_OC, make sure this variant is not used" at kernel Conv1D_OutTransposed_4eoc_4esp at ConvGeneric.compute(550)
Shader warning in 'ConvGeneric': "TRANSPOSE_OUTPUT variants not supported with NON_UNIFORM_CONVGROUP_PER_OC, make sure this variant is not used" at kernel Conv1D_Scaled_Complex_OutTransposed_4eoc_4esp at ConvGeneric.compute(550)
Shader warning in 'ConvGeneric': "TRANSPOSE_OUTPUT variants not supported with NON_UNIFORM_CONVGROUP_PER_OC, make sure this variant is not used" at kernel Conv1D_Scaled_OutTransposed_4eoc_4esp at ConvGeneric.compute(550)
Shader warning in 'ConvGeneric': "TRANSPOSE_OUTPUT variants not supported with NON_UNIFORM_CONVGROUP_PER_OC, make sure this variant is not used" at kernel Conv1DComplex_OutTransposed_4eoc_4esp at ConvGeneric.compute(548)
Shader warning in 'ConvGeneric': "TRANSPOSE_OUTPUT variants not supported with NON_UNIFORM_CONVGROUP_PER_OC, make sure this variant is not used" at kernel Conv1D_OutTransposed_4eoc_4esp at ConvGeneric.compute(548)
Shader warning in 'ConvGeneric': "TRANSPOSE_OUTPUT variants not supported with NON_UNIFORM_CONVGROUP_PER_OC, make sure this variant is not used" at kernel Conv1D_Scaled_Complex_OutTransposed_4eoc_4esp at ConvGeneric.compute(548)
Shader warning in 'ConvGeneric': "TRANSPOSE_OUTPUT variants not supported with NON_UNIFORM_CONVGROUP_PER_OC, make sure this variant is not used" at kernel Conv1D_Scaled_OutTransposed_4eoc_4esp at ConvGeneric.compute(548)
Shader warning in 'ConvGeneric': "TRANSPOSE_OUTPUT variants not supported with NON_UNIFORM_CONVGROUP_PER_OC, make sure this variant is not used" at kernel Conv1DComplex_OutTransposed_4eoc_4esp at ConvGeneric.compute(549)
Shader warning in 'ConvGeneric': "TRANSPOSE_OUTPUT variants not supported with NON_UNIFORM_CONVGROUP_PER_OC, make sure this variant is not used" at kernel Conv1D_OutTransposed_4eoc_4esp at ConvGeneric.compute(549)
Shader warning in 'ConvGeneric': "TRANSPOSE_OUTPUT variants not supported with NON_UNIFORM_CONVGROUP_PER_OC, make sure this variant is not used" at kernel Conv1D_Scaled_Complex_OutTransposed_4eoc_4esp at ConvGeneric.compute(549)
Shader warning in 'ConvGeneric': "TRANSPOSE_OUTPUT variants not supported with NON_UNIFORM_CONVGROUP_PER_OC, make sure this variant is not used" at kernel Conv1D_Scaled_OutTransposed_4eoc_4esp at ConvGeneric.compute(549)
Shader warning in 'ConvGeneric': "TRANSPOSE_OUTPUT variants not supported with NON_UNIFORM_CONVGROUP_PER_OC, make sure this variant is not used" at kernel Conv1DComplex_OutTransposed_4eoc_4esp at ConvGeneric.compute(550)
Shader warning in 'ConvGeneric': "TRANSPOSE_OUTPUT variants not supported with NON_UNIFORM_CONVGROUP_PER_OC, make sure this variant is not used" at kernel Conv1D_OutTransposed_4eoc_4esp at ConvGeneric.compute(550)
Shader warning in 'ConvGeneric': "TRANSPOSE_OUTPUT variants not supported with NON_UNIFORM_CONVGROUP_PER_OC, make sure this variant is not used" at kernel Conv1D_Scaled_Complex_OutTransposed_4eoc_4esp at ConvGeneric.compute(550)
Shader warning in 'ConvGeneric': "TRANSPOSE_OUTPUT variants not supported with NON_UNIFORM_CONVGROUP_PER_OC, make sure this variant is not used" at kernel Conv1D_Scaled_OutTransposed_4eoc_4esp at ConvGeneric.compute(550)
Shader warning in 'ConvGeneric': "TRANSPOSE_OUTPUT variants not supported with NON_UNIFORM_CONVGROUP_PER_OC, make sure this variant is not used" at kernel Conv1DComplex_OutTransposed_4eoc_4esp at ConvGeneric.compute(548)
Shader warning in 'ConvGeneric': "TRANSPOSE_OUTPUT variants not supported with NON_UNIFORM_CONVGROUP_PER_OC, make sure this variant is not used" at kernel Conv1D_OutTransposed_4eoc_4esp at ConvGeneric.compute(548)
Shader warning in 'ConvGeneric': "TRANSPOSE_OUTPUT variants not supported with NON_UNIFORM_CONVGROUP_PER_OC, make sure this variant is not used" at kernel Conv1D_Scaled_Complex_OutTransposed_4eoc_4esp at ConvGeneric.compute(548)
Shader warning in 'ConvGeneric': "TRANSPOSE_OUTPUT variants not supported with NON_UNIFORM_CONVGROUP_PER_OC, make sure this variant is not used" at kernel Conv1D_Scaled_OutTransposed_4eoc_4esp at ConvGeneric.compute(548)
Shader warning in 'ConvGeneric': "TRANSPOSE_OUTPUT variants not supported with NON_UNIFORM_CONVGROUP_PER_OC, make sure this variant is not used" at kernel Conv1DComplex_OutTransposed_4eoc_4esp at ConvGeneric.compute(549)
Shader warning in 'ConvGeneric': "TRANSPOSE_OUTPUT variants not supported with NON_UNIFORM_CONVGROUP_PER_OC, make sure this variant is not used" at kernel Conv1D_OutTransposed_4eoc_4esp at ConvGeneric.compute(549)
Shader warning in 'ConvGeneric': "TRANSPOSE_OUTPUT variants not supported with NON_UNIFORM_CONVGROUP_PER_OC, make sure this variant is not used" at kernel Conv1D_Scaled_Complex_OutTransposed_4eoc_4esp at ConvGeneric.compute(549)
Shader warning in 'ConvGeneric': "TRANSPOSE_OUTPUT variants not supported with NON_UNIFORM_CONVGROUP_PER_OC, make sure this variant is not used" at kernel Conv1D_Scaled_OutTransposed_4eoc_4esp at ConvGeneric.compute(549)
Shader warning in 'ConvGeneric': "TRANSPOSE_OUTPUT variants not supported with NON_UNIFORM_CONVGROUP_PER_OC, make sure this variant is not used" at kernel Conv1DComplex_OutTransposed_4eoc_4esp at ConvGeneric.compute(550)
Shader warning in 'ConvGeneric': "TRANSPOSE_OUTPUT variants not supported with NON_UNIFORM_CONVGROUP_PER_OC, make sure this variant is not used" at kernel Conv1D_OutTransposedDouble_4eoc_4esp at ConvGeneric.compute(550)
Shader warning in 'ConvGeneric': "TRANSPOSE_OUTPUT variants not supported with NON_UNIFORM_CONVGROUP_PER_OC, make sure this variant is not used" at kernel Conv1D_OutTransposed_4eoc_4esp at ConvGeneric.compute(550)
Shader warning in 'ConvGeneric': "TRANSPOSE_OUTPUT variants not supported with NON_UNIFORM_CONVGROUP_PER_OC, make sure this variant is not used" at kernel Conv1D_Scaled_Complex_OutTransposed_4eoc_4esp at ConvGeneric.compute(550)
Shader warning in 'ConvGeneric': "TRANSPOSE_OUTPUT variants not supported with NON_UNIFORM_CONVGROUP_PER_OC, make sure this variant is not used" at kernel Conv1D_Scaled_OutTransposed_4eoc_4esp at ConvGeneric.compute(550)
Shader warning in 'ConvGeneric': "TRANSPOSE_OUTPUT variants not supported with NON_UNIFORM_CONVGROUP_PER_OC, make sure this variant is not used" at kernel Conv1DComplex_OutTransposed_4eoc_4esp at ConvGeneric.compute(548)
Shader warning in 'ConvGeneric': "TRANSPOSE_OUTPUT variants not supported with NON_UNIFORM_CONVGROUP_PER_OC, make sure this variant is not used" at kernel Conv1D_OutTransposed_4eoc_4esp at ConvGeneric.compute(548)
Shader warning in 'ConvGeneric': "TRANSPOSE_OUTPUT variants not supported with NON_UNIFORM_CONVGROUP_PER_OC, make sure this variant is not used" at kernel Conv1D_Scaled_Complex_OutTransposed_4eoc_4esp at ConvGeneric.compute(548)
Shader warning in 'ConvGeneric': "TRANSPOSE_OUTPUT variants not supported with NON_UNIFORM_CONVGROUP_PER_OC, make sure this variant is not used" at kernel Conv1D_Scaled_OutTransposed_4eoc_4esp at ConvGeneric.compute(548)
Shader warning in 'ConvGeneric': "TRANSPOSE_OUTPUT variants not supported with NON_UNIFORM_CONVGROUP_PER_OC, make sure this variant is not used" at kernel Conv1DComplex_OutTransposed_4eoc_4esp at ConvGeneric.compute(549)
Shader warning in 'ConvGeneric': "TRANSPOSE_OUTPUT variants not supported with NON_UNIFORM_CONVGROUP_PER_OC, make sure this variant is not used" at kernel Conv1D_OutTransposedDouble_4eoc_4esp at ConvGeneric.compute(549)
Shader warning in 'ConvGeneric': "TRANSPOSE_OUTPUT variants not supported with NON_UNIFORM_CONVGROUP_PER_OC, make sure this variant is not used" at kernel Conv1D_OutTransposed_4eoc_4esp at ConvGeneric.compute(549)
Shader warning in 'ConvGeneric': "TRANSPOSE_OUTPUT variants not supported with NON_UNIFORM_CONVGROUP_PER_OC, make sure this variant is not used" at kernel Conv1D_Scaled_Complex_OutTransposed_4eoc_4esp at ConvGeneric.compute(549)
Shader warning in 'ConvGeneric': "TRANSPOSE_OUTPUT variants not supported with NON_UNIFORM_CONVGROUP_PER_OC, make sure this variant is not used" at kernel Conv1D_Scaled_OutTransposed_4eoc_4esp at ConvGeneric.compute(549)
Shader warning in 'ConvGeneric': "TRANSPOSE_OUTPUT variants not supported with NON_UNIFORM_CONVGROUP_PER_OC, make sure this variant is not used" at kernel Conv1DComplex_OutTransposed_4eoc_4esp at ConvGeneric.compute(550)
Shader warning in 'ConvGeneric': "TRANSPOSE_OUTPUT variants not supported with NON_UNIFORM_CONVGROUP_PER_OC, make sure this variant is not used" at kernel Conv1D_OutTransposedDouble_4eoc_4esp at ConvGeneric.compute(550)
Shader warning in 'ConvGeneric': "TRANSPOSE_OUTPUT variants not supported with NON_UNIFORM_CONVGROUP_PER_OC, make sure this variant is not used" at kernel Conv1D_OutTransposed_4eoc_4esp at ConvGeneric.compute(550)
Shader warning in 'ConvGeneric': "TRANSPOSE_OUTPUT variants not supported with NON_UNIFORM_CONVGROUP_PER_OC, make sure this variant is not used" at kernel Conv1D_Scaled_Complex_OutTransposed_4eoc_4esp at ConvGeneric.compute(550)
Shader warning in 'ConvGeneric': "TRANSPOSE_OUTPUT variants not supported with NON_UNIFORM_CONVGROUP_PER_OC, make sure this variant is not used" at kernel Conv1D_Scaled_OutTransposed_4eoc_4esp at ConvGeneric.compute(550)
Shader warning in 'ConvGeneric': "TRANSPOSE_OUTPUT variants not supported with NON_UNIFORM_CONVGROUP_PER_OC, make sure this variant is not used" at kernel Conv1DComplex_OutTransposed_4eoc_4esp at ConvGeneric.compute(548)
Shader warning in 'ConvGeneric': "TRANSPOSE_OUTPUT variants not supported with NON_UNIFORM_CONVGROUP_PER_OC, make sure this variant is not used" at kernel Conv1D_OutTransposed_4eoc_4esp at ConvGeneric.compute(548)
Shader warning in 'ConvGeneric': "TRANSPOSE_OUTPUT variants not supported with NON_UNIFORM_CONVGROUP_PER_OC, make sure this variant is not used" at kernel Conv1D_Scaled_Complex_OutTransposed_4eoc_4esp at ConvGeneric.compute(548)
Shader warning in 'ConvGeneric': "TRANSPOSE_OUTPUT variants not supported with NON_UNIFORM_CONVGROUP_PER_OC, make sure this variant is not used" at kernel Conv1D_Scaled_OutTransposed_4eoc_4esp at ConvGeneric.compute(548)
Shader warning in 'ConvGeneric': "TRANSPOSE_OUTPUT variants not supported with NON_UNIFORM_CONVGROUP_PER_OC, make sure this variant is not used" at kernel Conv1DComplex_OutTransposed_4eoc_4esp at ConvGeneric.compute(549)
Shader warning in 'ConvGeneric': "TRANSPOSE_OUTPUT variants not supported with NON_UNIFORM_CONVGROUP_PER_OC, make sure this variant is not used" at kernel Conv1D_OutTransposedDouble_4eoc_4esp at ConvGeneric.compute(549)
Shader warning in 'ConvGeneric': "TRANSPOSE_OUTPUT variants not supported with NON_UNIFORM_CONVGROUP_PER_OC, make sure this variant is not used" at kernel Conv1D_OutTransposed_4eoc_4esp at ConvGeneric.compute(549)
Shader warning in 'ConvGeneric': "TRANSPOSE_OUTPUT variants not supported with NON_UNIFORM_CONVGROUP_PER_OC, make sure this variant is not used" at kernel Conv1D_Scaled_Complex_OutTransposed_4eoc_4esp at ConvGeneric.compute(549)
Shader warning in 'ConvGeneric': "TRANSPOSE_OUTPUT variants not supported with NON_UNIFORM_CONVGROUP_PER_OC, make sure this variant is not used" at kernel Conv1D_Scaled_OutTransposed_4eoc_4esp at ConvGeneric.compute(549)
Shader warning in 'ConvGeneric': "TRANSPOSE_OUTPUT variants not supported with NON_UNIFORM_CONVGROUP_PER_OC, make sure this variant is not used" at kernel Conv1DComplex_OutTransposed_4eoc_4esp at ConvGeneric.compute(550)
Shader warning in 'ConvGeneric': "TRANSPOSE_OUTPUT variants not supported with NON_UNIFORM_CONVGROUP_PER_OC, make sure this variant is not used" at kernel Conv1D_OutTransposedDouble_4eoc_4esp at ConvGeneric.compute(550)
Shader warning in 'ConvGeneric': "TRANSPOSE_OUTPUT variants not supported with NON_UNIFORM_CONVGROUP_PER_OC, make sure this variant is not used" at kernel Conv1D_OutTransposed_4eoc_4esp at ConvGeneric.compute(550)
Shader warning in 'ConvGeneric': "TRANSPOSE_OUTPUT variants not supported with NON_UNIFORM_CONVGROUP_PER_OC, make sure this variant is not used" at kernel Conv1D_Scaled_Complex_OutTransposed_4eoc_4esp at ConvGeneric.compute(550)
Shader warning in 'ConvGeneric': "TRANSPOSE_OUTPUT variants not supported with NON_UNIFORM_CONVGROUP_PER_OC, make sure this variant is not used" at kernel Conv1D_Scaled_OutTransposed_4eoc_4esp at ConvGeneric.compute(550)
Shader warning in 'ConvGeneric': "TRANSPOSE_OUTPUT variants not supported with NON_UNIFORM_CONVGROUP_PER_OC, make sure this variant is not used" at kernel Conv1DComplex_OutTransposed_4eoc_4esp at ConvGeneric.compute(548)
Shader warning in 'ConvGeneric': "TRANSPOSE_OUTPUT variants not supported with NON_UNIFORM_CONVGROUP_PER_OC, make sure this variant is not used" at kernel Conv1D_OutTransposedDouble_4eoc_4esp at ConvGeneric.compute(548)
Shader warning in 'ConvGeneric': "TRANSPOSE_OUTPUT variants not supported with NON_UNIFORM_CONVGROUP_PER_OC, make sure this variant is not used" at kernel Conv1D_OutTransposed_4eoc_4esp at ConvGeneric.compute(548)
Shader warning in 'ConvGeneric': "TRANSPOSE_OUTPUT variants not supported with NON_UNIFORM_CONVGROUP_PER_OC, make sure this variant is not used" at kernel Conv1D_Scaled_Complex_OutTransposed_4eoc_4esp at ConvGeneric.compute(548)
Shader warning in 'ConvGeneric': "TRANSPOSE_OUTPUT variants not supported with NON_UNIFORM_CONVGROUP_PER_OC, make sure this variant is not used" at kernel Conv1D_Scaled_OutTransposed_4eoc_4esp at ConvGeneric.compute(548)
Shader warning in 'ConvGeneric': "TRANSPOSE_OUTPUT variants not supported with NON_UNIFORM_CONVGROUP_PER_OC, make sure this variant is not used" at kernel Conv1DComplex_OutTransposed_4eoc_4esp at ConvGeneric.compute(549)
Shader warning in 'ConvGeneric': "TRANSPOSE_OUTPUT variants not supported with NON_UNIFORM_CONVGROUP_PER_OC, make sure this variant is not used" at kernel Conv1D_OutTransposedDouble_4eoc_4esp at ConvGeneric.compute(549)
Shader warning in 'ConvGeneric': "TRANSPOSE_OUTPUT variants not supported with NON_UNIFORM_CONVGROUP_PER_OC, make sure this variant is not used" at kernel Conv1D_OutTransposed_4eoc_4esp at ConvGeneric.compute(549)
Shader warning in 'ConvGeneric': "TRANSPOSE_OUTPUT variants not supported with NON_UNIFORM_CONVGROUP_PER_OC, make sure this variant is not used" at kernel Conv1D_Scaled_Complex_OutTransposed_4eoc_4esp at ConvGeneric.compute(549)
Shader warning in 'ConvGeneric': "TRANSPOSE_OUTPUT variants not supported with NON_UNIFORM_CONVGROUP_PER_OC, make sure this variant is not used" at kernel Conv1D_Scaled_OutTransposed_4eoc_4esp at ConvGeneric.compute(549)
Shader warning in 'ConvGeneric': "TRANSPOSE_OUTPUT variants not supported with NON_UNIFORM_CONVGROUP_PER_OC, make sure this variant is not used" at kernel Conv1DComplex_OutTransposed_4eoc_4esp at ConvGeneric.compute(550)
Shader warning in 'ConvGeneric': "TRANSPOSE_OUTPUT variants not supported with NON_UNIFORM_CONVGROUP_PER_OC, make sure this variant is not used" at kernel Conv1D_OutTransposedDouble_4eoc_4esp at ConvGeneric.compute(550)
Shader warning in 'ConvGeneric': "TRANSPOSE_OUTPUT variants not supported with NON_UNIFORM_CONVGROUP_PER_OC, make sure this variant is not used" at kernel Conv1D_OutTransposed_4eoc_4esp at ConvGeneric.compute(550)
Shader warning in 'ConvGeneric': "TRANSPOSE_OUTPUT variants not supported with NON_UNIFORM_CONVGROUP_PER_OC, make sure this variant is not used" at kernel Conv1D_Scaled_Complex_OutTransposed_4eoc_4esp at ConvGeneric.compute(550)
Shader warning in 'ConvGeneric': "TRANSPOSE_OUTPUT variants not supported with NON_UNIFORM_CONVGROUP_PER_OC, make sure this variant is not used" at kernel Conv1D_Scaled_OutTransposed_4eoc_4esp at ConvGeneric.compute(550)
    finished in 0.02 seconds. Local cache hits 204, remote cache hits 0, compiled 0 variants
Compiling compute shader "Compute.Shaders.Broadcast.gen"
    starting stripping...
    finished in 0.00 seconds. 87 of 87 variants left
    87 variants, starting compilation...
    finished in 0.00 seconds. Local cache hits 87, remote cache hits 0, compiled 0 variants
Compiling compute shader "SortingOps"
    starting stripping...
    finished in 0.00 seconds. 4 of 4 variants left
    4 variants, starting compilation...
    finished in 0.00 seconds. Local cache hits 4, remote cache hits 0, compiled 0 variants
Compiling compute shader "CopyOps"
    starting stripping...
    finished in 0.00 seconds. 9 of 9 variants left
    9 variants, starting compilation...
    finished in 0.00 seconds. Local cache hits 9, remote cache hits 0, compiled 0 variants
Compiling compute shader "TextureToTensor"
    starting stripping...
[KiwiV39ShaderAudit] required kernel compile callback kernel=TextureToTensorExact variants=2 path=Packages/com.unity.ai.inference/Runtime/Core/Resources/Sentis/TextureConversion/TextureToTensor.compute
UnityEngine.Debug:ExtractStackTraceNoAlloc (byte*,int,string)
UnityEngine.StackTraceUtility:ExtractStackTrace ()
UnityEngine.DebugLogHandler:Internal_Log (UnityEngine.LogType,UnityEngine.LogOption,string,UnityEngine.Object)
UnityEngine.DebugLogHandler:LogFormat (UnityEngine.LogType,UnityEngine.Object,string,object[])
UnityEngine.Logger:Log (UnityEngine.LogType,object)
UnityEngine.Debug:Log (object)
KiwiComputeShaderPackagingAudit:OnProcessComputeShader (UnityEngine.ComputeShader,string,System.Collections.Generic.IList`1<UnityEditor.Rendering.ShaderCompilerData>) (at Assets/KiwiAvatarSystem/Editor/KiwiComputeShaderPackagingAudit.cs:165)
UnityEditor.Build.BuildPipelineInterfaces:OnPreprocessComputeShaders (UnityEngine.ComputeShader,string,UnityEditor.Rendering.ShaderCompilerData[])
UnityEditor.BuildPipeline:BuildPlayerInternalNoCheck (string[],string,string,UnityEditor.BuildTargetGroup,UnityEditor.BuildTarget,int,UnityEditor.BuildOptions,string[],bool)
UnityEditor.BuildPipeline:BuildPlayerInternal (string[],string,string,UnityEditor.BuildTargetGroup,UnityEditor.BuildTarget,int,UnityEditor.BuildOptions,string[])
UnityEditor.BuildPipeline:BuildPlayer (string[],string,string,UnityEditor.BuildTargetGroup,UnityEditor.BuildTarget,int,UnityEditor.BuildOptions,string[])
UnityEditor.BuildPipeline:BuildPlayer (UnityEditor.BuildPlayerOptions)
KiwiStandaloneBuildDiagnostic:BuildWindows64 () (at Assets/KiwiAvatarSystem/Editor/KiwiStandaloneBuildDiagnostic.cs:130)

(Filename: Assets/KiwiAvatarSystem/Editor/KiwiComputeShaderPackagingAudit.cs Line: 165)

    finished in 0.00 seconds. 4 of 4 variants left
    4 variants, starting compilation...
    finished in 0.00 seconds. Local cache hits 4, remote cache hits 0, compiled 0 variants
Compiling compute shader "DepthwiseConv"
    starting stripping...
    finished in 0.00 seconds. 6 of 6 variants left
    6 variants, starting compilation...
    finished in 0.00 seconds. Local cache hits 6, remote cache hits 0, compiled 0 variants
Compiling compute shader "Compute.Shaders.ConvTranspose.gen"
    starting stripping...
    finished in 0.00 seconds. 4 of 4 variants left
    4 variants, starting compilation...
    finished in 0.00 seconds. Local cache hits 4, remote cache hits 0, compiled 0 variants
Compiling compute shader "Pool"
    starting stripping...
    finished in 0.00 seconds. 8 of 8 variants left
    8 variants, starting compilation...
    finished in 0.00 seconds. Local cache hits 8, remote cache hits 0, compiled 0 variants
Compiling compute shader "ReferenceImpl.Logical"
    starting stripping...
    finished in 0.00 seconds. 1 of 1 variants left
    1 variants, starting compilation...
    finished in 0.00 seconds. Local cache hits 1, remote cache hits 0, compiled 0 variants
Compiling compute shader "Compute.Shaders.PointwiseUnary.gen"
    starting stripping...
    finished in 0.00 seconds. 62 of 62 variants left
    62 variants, starting compilation...
    finished in 0.00 seconds. Local cache hits 62, remote cache hits 0, compiled 0 variants
Compiling compute shader "ReferenceImpl.PoolA"
    starting stripping...
    finished in 0.00 seconds. 4 of 4 variants left
    4 variants, starting compilation...
    finished in 0.00 seconds. Local cache hits 4, remote cache hits 0, compiled 0 variants
Compiling compute shader "ReferenceImpl.Einsum"
    starting stripping...
    finished in 0.00 seconds. 2 of 2 variants left
    2 variants, starting compilation...
    finished in 0.00 seconds. Local cache hits 2, remote cache hits 0, compiled 0 variants
Compiling compute shader "LogicalOps"
    starting stripping...
    finished in 0.00 seconds. 4 of 4 variants left
    4 variants, starting compilation...
    finished in 0.00 seconds. Local cache hits 4, remote cache hits 0, compiled 0 variants
Compiling compute shader "Compute.Shaders.Conv.gen"
    starting stripping...
    finished in 0.00 seconds. 8 of 8 variants left
    8 variants, starting compilation...
    finished in 0.00 seconds. Local cache hits 8, remote cache hits 0, compiled 0 variants
Compiling compute shader "RoiAlign"
    starting stripping...
    finished in 0.00 seconds. 4 of 4 variants left
    4 variants, starting compilation...
    finished in 0.00 seconds. Local cache hits 4, remote cache hits 0, compiled 0 variants
Compiling compute shader "GridSample"
    starting stripping...
    finished in 0.00 seconds. 24 of 24 variants left
    24 variants, starting compilation...
    finished in 0.00 seconds. Local cache hits 24, remote cache hits 0, compiled 0 variants
Compiling compute shader "Compute.Shaders.Reduction.gen"
    starting stripping...
    finished in 0.00 seconds. 38 of 38 variants left
    38 variants, starting compilation...
    finished in 0.00 seconds. Local cache hits 38, remote cache hits 0, compiled 0 variants
Compiling compute shader "CompareOps"
    starting stripping...
    finished in 0.00 seconds. 12 of 12 variants left
    12 variants, starting compilation...
    finished in 0.00 seconds. Local cache hits 12, remote cache hits 0, compiled 0 variants
Compiling shader "Standard" pass "FORWARD" (vp)
    Full variant space:         664
    After settings filtering:   664
    After built-in stripping:   8
    After scriptable stripping: 8
    Processed in 0.00 seconds
    starting compilation...
    finished in 0.00 seconds. Local cache hits 8 (0.01s CPU time), remote cache hits 0 (0.00s CPU time), compiled 0 variants (0.00s CPU time), skipped 0 variants
    Prepared data for serialisation in 0.00s
Compiling shader "Standard" pass "FORWARD" (fp)
    Full variant space:         504
    After settings filtering:   504
    After built-in stripping:   4
    After scriptable stripping: 4
    Processed in 0.00 seconds
    starting compilation...
    finished in 0.00 seconds. Local cache hits 4 (0.00s CPU time), remote cache hits 0 (0.00s CPU time), compiled 0 variants (0.00s CPU time), skipped 0 variants
    Prepared data for serialisation in 0.00s
Compiling shader "Standard" pass "FORWARD_DELTA" (vp)
    Full variant space:         188
    After settings filtering:   188
    After built-in stripping:   13
    After scriptable stripping: 13
    Processed in 0.00 seconds
    starting compilation...
    finished in 0.00 seconds. Local cache hits 13 (0.01s CPU time), remote cache hits 0 (0.00s CPU time), compiled 0 variants (0.00s CPU time), skipped 0 variants
    Prepared data for serialisation in 0.00s
Compiling shader "Standard" pass "FORWARD_DELTA" (fp)
    Full variant space:         188
    After settings filtering:   188
    After built-in stripping:   13
    After scriptable stripping: 13
    Processed in 0.00 seconds
    starting compilation...
    finished in 0.00 seconds. Local cache hits 13 (0.01s CPU time), remote cache hits 0 (0.00s CPU time), compiled 0 variants (0.00s CPU time), skipped 0 variants
    Prepared data for serialisation in 0.00s
Compiling shader "Standard" pass "ShadowCaster" (vp)
    Full variant space:         4
    After settings filtering:   4
    After built-in stripping:   2
    After scriptable stripping: 2
    Processed in 0.00 seconds
    starting compilation...
    finished in 0.00 seconds. Local cache hits 2 (0.00s CPU time), remote cache hits 0 (0.00s CPU time), compiled 0 variants (0.00s CPU time), skipped 0 variants
    Prepared data for serialisation in 0.00s
Compiling shader "Standard" pass "ShadowCaster" (fp)
    Full variant space:         4
    After settings filtering:   4
    After built-in stripping:   2
    After scriptable stripping: 2
    Processed in 0.00 seconds
    starting compilation...
    finished in 0.00 seconds. Local cache hits 2 (0.00s CPU time), remote cache hits 0 (0.00s CPU time), compiled 0 variants (0.00s CPU time), skipped 0 variants
    Prepared data for serialisation in 0.00s
Compiling shader "Standard" pass "DEFERRED" (vp)
    Full variant space:         76
    After settings filtering:   76
    After built-in stripping:   4
    After scriptable stripping: 4
    Processed in 0.00 seconds
    starting compilation...
    finished in 0.00 seconds. Local cache hits 4 (0.00s CPU time), remote cache hits 0 (0.00s CPU time), compiled 0 variants (0.00s CPU time), skipped 0 variants
    Prepared data for serialisation in 0.00s
Compiling shader "Standard" pass "DEFERRED" (fp)
    Full variant space:         76
    After settings filtering:   76
    After built-in stripping:   4
    After scriptable stripping: 4
    Processed in 0.00 seconds
    starting compilation...
    finished in 0.00 seconds. Local cache hits 4 (0.00s CPU time), remote cache hits 0 (0.00s CPU time), compiled 0 variants (0.00s CPU time), skipped 0 variants
    Prepared data for serialisation in 0.00s
Compiling shader "Standard" pass "FORWARD" (vp)
    Full variant space:         208
    After settings filtering:   208
    After built-in stripping:   8
    After scriptable stripping: 8
    Processed in 0.00 seconds
    starting compilation...
    finished in 0.00 seconds. Local cache hits 8 (0.00s CPU time), remote cache hits 0 (0.00s CPU time), compiled 0 variants (0.00s CPU time), skipped 0 variants
    Prepared data for serialisation in 0.00s
Compiling shader "Standard" pass "FORWARD" (fp)
    Full variant space:         148
    After settings filtering:   148
    After built-in stripping:   4
    After scriptable stripping: 4
    Processed in 0.00 seconds
    starting compilation...
    finished in 0.00 seconds. Local cache hits 4 (0.00s CPU time), remote cache hits 0 (0.00s CPU time), compiled 0 variants (0.00s CPU time), skipped 0 variants
    Prepared data for serialisation in 0.00s
Compiling shader "Standard" pass "FORWARD_DELTA" (vp)
    Full variant space:         140
    After settings filtering:   140
    After built-in stripping:   10
    After scriptable stripping: 10
    Processed in 0.00 seconds
    starting compilation...
    finished in 0.00 seconds. Local cache hits 10 (0.01s CPU time), remote cache hits 0 (0.00s CPU time), compiled 0 variants (0.00s CPU time), skipped 0 variants
    Prepared data for serialisation in 0.00s
Compiling shader "Standard" pass "FORWARD_DELTA" (fp)
    Full variant space:         140
    After settings filtering:   140
    After built-in stripping:   10
    After scriptable stripping: 10
    Processed in 0.00 seconds
    starting compilation...
    finished in 0.00 seconds. Local cache hits 10 (0.01s CPU time), remote cache hits 0 (0.00s CPU time), compiled 0 variants (0.00s CPU time), skipped 0 variants
    Prepared data for serialisation in 0.00s
Compiling shader "Standard" pass "ShadowCaster" (vp)
    Full variant space:         2
    After settings filtering:   2
    After built-in stripping:   2
    After scriptable stripping: 2
    Processed in 0.00 seconds
    starting compilation...
    finished in 0.00 seconds. Local cache hits 2 (0.00s CPU time), remote cache hits 0 (0.00s CPU time), compiled 0 variants (0.00s CPU time), skipped 0 variants
    Prepared data for serialisation in 0.00s
Compiling shader "Standard" pass "ShadowCaster" (fp)
    Full variant space:         2
    After settings filtering:   2
    After built-in stripping:   2
    After scriptable stripping: 2
    Processed in 0.00 seconds
    starting compilation...
    finished in 0.00 seconds. Local cache hits 2 (0.00s CPU time), remote cache hits 0 (0.00s CPU time), compiled 0 variants (0.00s CPU time), skipped 0 variants
    Prepared data for serialisation in 0.00s
Serialized binary data for shader Standard in 0.00s
    d3d11 (total internal programs: 86, unique: 72)
Compiling shader "Skybox/Procedural" pass "" (vp)
    Full variant space:         3
    After settings filtering:   3
    After built-in stripping:   3
    After scriptable stripping: 3
    Processed in 0.00 seconds
    starting compilation...
    finished in 0.00 seconds. Local cache hits 3 (0.00s CPU time), remote cache hits 0 (0.00s CPU time), compiled 0 variants (0.00s CPU time), skipped 0 variants
    Prepared data for serialisation in 0.00s
Compiling shader "Skybox/Procedural" pass "" (fp)
    Full variant space:         3
    After settings filtering:   3
    After built-in stripping:   3
    After scriptable stripping: 3
    Processed in 0.00 seconds
    starting compilation...
    finished in 0.00 seconds. Local cache hits 3 (0.00s CPU time), remote cache hits 0 (0.00s CPU time), compiled 0 variants (0.00s CPU time), skipped 0 variants
    Prepared data for serialisation in 0.00s
Serialized binary data for shader Skybox/Procedural in 0.00s
    d3d11 (total internal programs: 6, unique: 6)
Compiling shader "Legacy Shaders/Particles/Alpha Blended Premultiply" pass "" (vp)
    Full variant space:         2
    After settings filtering:   2
    After built-in stripping:   2
    After scriptable stripping: 2
    Processed in 0.00 seconds
    starting compilation...
    finished in 0.00 seconds. Local cache hits 2 (0.00s CPU time), remote cache hits 0 (0.00s CPU time), compiled 0 variants (0.00s CPU time), skipped 0 variants
    Prepared data for serialisation in 0.00s
Compiling shader "Legacy Shaders/Particles/Alpha Blended Premultiply" pass "" (fp)
    Full variant space:         2
    After settings filtering:   2
    After built-in stripping:   2
    After scriptable stripping: 2
    Processed in 0.00 seconds
    starting compilation...
    finished in 0.00 seconds. Local cache hits 2 (0.00s CPU time), remote cache hits 0 (0.00s CPU time), compiled 0 variants (0.00s CPU time), skipped 0 variants
    Prepared data for serialisation in 0.00s
Serialized binary data for shader Legacy Shaders/Particles/Alpha Blended Premultiply in 0.00s
    d3d11 (total internal programs: 4, unique: 4)
Compiling shader "Unlit/Color" pass "" (vp)
    Full variant space:         4
    After settings filtering:   4
    After built-in stripping:   1
    After scriptable stripping: 1
    Processed in 0.00 seconds
    starting compilation...
    finished in 0.00 seconds. Local cache hits 1 (0.00s CPU time), remote cache hits 0 (0.00s CPU time), compiled 0 variants (0.00s CPU time), skipped 0 variants
    Prepared data for serialisation in 0.00s
Compiling shader "Unlit/Color" pass "" (fp)
    Full variant space:         4
    After settings filtering:   4
    After built-in stripping:   1
    After scriptable stripping: 1
    Processed in 0.00 seconds
    starting compilation...
    finished in 0.00 seconds. Local cache hits 1 (0.00s CPU time), remote cache hits 0 (0.00s CPU time), compiled 0 variants (0.00s CPU time), skipped 0 variants
    Prepared data for serialisation in 0.00s
Serialized binary data for shader Unlit/Color in 0.00s
    d3d11 (total internal programs: 2, unique: 2)
Compiling shader "UI/FacePartSoftMask" pass "FacePartMask" (vp)
    Full variant space:         4
    After settings filtering:   4
    After built-in stripping:   4
    After scriptable stripping: 4
    Processed in 0.00 seconds
    starting compilation...
    finished in 0.00 seconds. Local cache hits 4 (0.00s CPU time), remote cache hits 0 (0.00s CPU time), compiled 0 variants (0.00s CPU time), skipped 0 variants
    Prepared data for serialisation in 0.00s
Compiling shader "UI/FacePartSoftMask" pass "FacePartMask" (fp)
    Full variant space:         4
    After settings filtering:   4
    After built-in stripping:   4
    After scriptable stripping: 4
    Processed in 0.00 seconds
    starting compilation...
    finished in 0.00 seconds. Local cache hits 4 (0.00s CPU time), remote cache hits 0 (0.00s CPU time), compiled 0 variants (0.00s CPU time), skipped 0 variants
    Prepared data for serialisation in 0.00s
Serialized binary data for shader UI/FacePartSoftMask in 0.00s
    d3d11 (total internal programs: 8, unique: 8)
Compiling shader "Hidden/Klak/Spout/Blit" pass "" (vp)
    Full variant space:         1
    After settings filtering:   1
    After built-in stripping:   1
    After scriptable stripping: 1
    Processed in 0.00 seconds
    starting compilation...
    finished in 0.00 seconds. Local cache hits 1 (0.00s CPU time), remote cache hits 0 (0.00s CPU time), compiled 0 variants (0.00s CPU time), skipped 0 variants
    Prepared data for serialisation in 0.00s
Compiling shader "Hidden/Klak/Spout/Blit" pass "" (fp)
    Full variant space:         1
    After settings filtering:   1
    After built-in stripping:   1
    After scriptable stripping: 1
    Processed in 0.00 seconds
    starting compilation...
    finished in 0.00 seconds. Local cache hits 1 (0.00s CPU time), remote cache hits 0 (0.00s CPU time), compiled 0 variants (0.00s CPU time), skipped 0 variants
    Prepared data for serialisation in 0.00s
Compiling shader "Hidden/Klak/Spout/Blit" pass "" (vp)
    Full variant space:         1
    After settings filtering:   1
    After built-in stripping:   1
    After scriptable stripping: 1
    Processed in 0.00 seconds
    starting compilation...
    finished in 0.00 seconds. Local cache hits 1 (0.00s CPU time), remote cache hits 0 (0.00s CPU time), compiled 0 variants (0.00s CPU time), skipped 0 variants
    Prepared data for serialisation in 0.00s
Compiling shader "Hidden/Klak/Spout/Blit" pass "" (fp)
    Full variant space:         1
    After settings filtering:   1
    After built-in stripping:   1
    After scriptable stripping: 1
    Processed in 0.00 seconds
    starting compilation...
    finished in 0.00 seconds. Local cache hits 1 (0.00s CPU time), remote cache hits 0 (0.00s CPU time), compiled 0 variants (0.00s CPU time), skipped 0 variants
    Prepared data for serialisation in 0.00s
Compiling shader "Hidden/Klak/Spout/Blit" pass "" (vp)
    Full variant space:         1
    After settings filtering:   1
    After built-in stripping:   1
    After scriptable stripping: 1
    Processed in 0.00 seconds
    starting compilation...
    finished in 0.00 seconds. Local cache hits 1 (0.00s CPU time), remote cache hits 0 (0.00s CPU time), compiled 0 variants (0.00s CPU time), skipped 0 variants
    Prepared data for serialisation in 0.00s
Compiling shader "Hidden/Klak/Spout/Blit" pass "" (fp)
    Full variant space:         1
    After settings filtering:   1
    After built-in stripping:   1
    After scriptable stripping: 1
    Processed in 0.00 seconds
    starting compilation...
    finished in 0.00 seconds. Local cache hits 1 (0.00s CPU time), remote cache hits 0 (0.00s CPU time), compiled 0 variants (0.00s CPU time), skipped 0 variants
    Prepared data for serialisation in 0.00s
Compiling shader "Hidden/Klak/Spout/Blit" pass "" (vp)
    Full variant space:         1
    After settings filtering:   1
    After built-in stripping:   1
    After scriptable stripping: 1
    Processed in 0.00 seconds
    starting compilation...
    finished in 0.00 seconds. Local cache hits 1 (0.00s CPU time), remote cache hits 0 (0.00s CPU time), compiled 0 variants (0.00s CPU time), skipped 0 variants
    Prepared data for serialisation in 0.00s
Compiling shader "Hidden/Klak/Spout/Blit" pass "" (fp)
    Full variant space:         1
    After settings filtering:   1
    After built-in stripping:   1
    After scriptable stripping: 1
    Processed in 0.00 seconds
    starting compilation...
    finished in 0.00 seconds. Local cache hits 1 (0.00s CPU time), remote cache hits 0 (0.00s CPU time), compiled 0 variants (0.00s CPU time), skipped 0 variants
    Prepared data for serialisation in 0.00s
Compiling shader "Hidden/Klak/Spout/Blit" pass "" (vp)
    Full variant space:         1
    After settings filtering:   1
    After built-in stripping:   1
    After scriptable stripping: 1
    Processed in 0.00 seconds
    starting compilation...
    finished in 0.00 seconds. Local cache hits 1 (0.00s CPU time), remote cache hits 0 (0.00s CPU time), compiled 0 variants (0.00s CPU time), skipped 0 variants
    Prepared data for serialisation in 0.00s
Compiling shader "Hidden/Klak/Spout/Blit" pass "" (fp)
    Full variant space:         1
    After settings filtering:   1
    After built-in stripping:   1
    After scriptable stripping: 1
    Processed in 0.00 seconds
    starting compilation...
    finished in 0.00 seconds. Local cache hits 1 (0.00s CPU time), remote cache hits 0 (0.00s CPU time), compiled 0 variants (0.00s CPU time), skipped 0 variants
    Prepared data for serialisation in 0.00s
Serialized binary data for shader Hidden/Klak/Spout/Blit in 0.00s
    d3d11 (total internal programs: 10, unique: 5)
Compiling shader "Legacy Shaders/VertexLit" pass "" (vp)
    Full variant space:         12
    After settings filtering:   12
    After built-in stripping:   3
    After scriptable stripping: 3
    Processed in 0.00 seconds
    starting compilation...
    finished in 0.00 seconds. Local cache hits 3 (0.00s CPU time), remote cache hits 0 (0.00s CPU time), compiled 0 variants (0.00s CPU time), skipped 0 variants
    Prepared data for serialisation in 0.00s
Compiling shader "Legacy Shaders/VertexLit" pass "" (fp)
    Full variant space:         12
    After settings filtering:   12
    After built-in stripping:   3
    After scriptable stripping: 3
    Processed in 0.00 seconds
    starting compilation...
    finished in 0.00 seconds. Local cache hits 3 (0.00s CPU time), remote cache hits 0 (0.00s CPU time), compiled 0 variants (0.00s CPU time), skipped 0 variants
    Prepared data for serialisation in 0.00s
Compiling shader "Legacy Shaders/VertexLit" pass "" (vp)
    Full variant space:         4
    After settings filtering:   4
    After built-in stripping:   1
    After scriptable stripping: 1
    Processed in 0.00 seconds
    starting compilation...
    finished in 0.00 seconds. Local cache hits 1 (0.00s CPU time), remote cache hits 0 (0.00s CPU time), compiled 0 variants (0.00s CPU time), skipped 0 variants
    Prepared data for serialisation in 0.00s
Compiling shader "Legacy Shaders/VertexLit" pass "" (fp)
    Full variant space:         4
    After settings filtering:   4
    After built-in stripping:   1
    After scriptable stripping: 1
    Processed in 0.00 seconds
    starting compilation...
    finished in 0.00 seconds. Local cache hits 1 (0.00s CPU time), remote cache hits 0 (0.00s CPU time), compiled 0 variants (0.00s CPU time), skipped 0 variants
    Prepared data for serialisation in 0.00s
Compiling shader "Legacy Shaders/VertexLit" pass "ShadowCaster" (vp)
    Full variant space:         4
    After settings filtering:   4
    After built-in stripping:   2
    After scriptable stripping: 2
    Processed in 0.00 seconds
    starting compilation...
    finished in 0.00 seconds. Local cache hits 2 (0.00s CPU time), remote cache hits 0 (0.00s CPU time), compiled 0 variants (0.00s CPU time), skipped 0 variants
    Prepared data for serialisation in 0.00s
Compiling shader "Legacy Shaders/VertexLit" pass "ShadowCaster" (fp)
    Full variant space:         4
    After settings filtering:   4
    After built-in stripping:   2
    After scriptable stripping: 2
    Processed in 0.00 seconds
    starting compilation...
    finished in 0.00 seconds. Local cache hits 2 (0.00s CPU time), remote cache hits 0 (0.00s CPU time), compiled 0 variants (0.00s CPU time), skipped 0 variants
    Prepared data for serialisation in 0.00s
Serialized binary data for shader Legacy Shaders/VertexLit in 0.00s
    d3d11 (total internal programs: 12, unique: 12)
Compiling shader "Legacy Shaders/Diffuse" pass "FORWARD" (vp)
    Full variant space:         664
    After settings filtering:   664
    After built-in stripping:   8
    After scriptable stripping: 8
    Processed in 0.00 seconds
    starting compilation...
    finished in 0.00 seconds. Local cache hits 8 (0.00s CPU time), remote cache hits 0 (0.00s CPU time), compiled 0 variants (0.00s CPU time), skipped 0 variants
    Prepared data for serialisation in 0.00s
Compiling shader "Legacy Shaders/Diffuse" pass "FORWARD" (fp)
    Full variant space:         504
    After settings filtering:   504
    After built-in stripping:   4
    After scriptable stripping: 4
    Processed in 0.00 seconds
    starting compilation...
    finished in 0.00 seconds. Local cache hits 4 (0.00s CPU time), remote cache hits 0 (0.00s CPU time), compiled 0 variants (0.00s CPU time), skipped 0 variants
    Prepared data for serialisation in 0.00s
Compiling shader "Legacy Shaders/Diffuse" pass "FORWARD" (vp)
    Full variant space:         20
    After settings filtering:   20
    After built-in stripping:   5
    After scriptable stripping: 5
    Processed in 0.00 seconds
    starting compilation...
    finished in 0.00 seconds. Local cache hits 5 (0.00s CPU time), remote cache hits 0 (0.00s CPU time), compiled 0 variants (0.00s CPU time), skipped 0 variants
    Prepared data for serialisation in 0.00s
Compiling shader "Legacy Shaders/Diffuse" pass "FORWARD" (fp)
    Full variant space:         20
    After settings filtering:   20
    After built-in stripping:   5
    After scriptable stripping: 5
    Processed in 0.00 seconds
    starting compilation...
    finished in 0.00 seconds. Local cache hits 5 (0.00s CPU time), remote cache hits 0 (0.00s CPU time), compiled 0 variants (0.00s CPU time), skipped 0 variants
    Prepared data for serialisation in 0.00s
Compiling shader "Legacy Shaders/Diffuse" pass "DEFERRED" (vp)
    Full variant space:         76
    After settings filtering:   76
    After built-in stripping:   4
    After scriptable stripping: 4
    Processed in 0.00 seconds
    starting compilation...
    finished in 0.00 seconds. Local cache hits 4 (0.00s CPU time), remote cache hits 0 (0.00s CPU time), compiled 0 variants (0.00s CPU time), skipped 0 variants
    Prepared data for serialisation in 0.00s
Compiling shader "Legacy Shaders/Diffuse" pass "DEFERRED" (fp)
    Full variant space:         76
    After settings filtering:   76
    After built-in stripping:   4
    After scriptable stripping: 4
    Processed in 0.00 seconds
    starting compilation...
    finished in 0.00 seconds. Local cache hits 4 (0.00s CPU time), remote cache hits 0 (0.00s CPU time), compiled 0 variants (0.00s CPU time), skipped 0 variants
    Prepared data for serialisation in 0.00s
Serialized binary data for shader Legacy Shaders/Diffuse in 0.00s
    d3d11 (total internal programs: 30, unique: 30)
Compiling shader "Hidden/Internal-StencilWrite" pass "" (vp)
    Full variant space:         1
    After settings filtering:   1
    After built-in stripping:   1
    After scriptable stripping: 1
    Processed in 0.00 seconds
    starting compilation...
    finished in 0.00 seconds. Local cache hits 1 (0.00s CPU time), remote cache hits 0 (0.00s CPU time), compiled 0 variants (0.00s CPU time), skipped 0 variants
    Prepared data for serialisation in 0.00s
Compiling shader "Hidden/Internal-StencilWrite" pass "" (fp)
    Full variant space:         1
    After settings filtering:   1
    After built-in stripping:   1
    After scriptable stripping: 1
    Processed in 0.00 seconds
    starting compilation...
    finished in 0.00 seconds. Local cache hits 1 (0.00s CPU time), remote cache hits 0 (0.00s CPU time), compiled 0 variants (0.00s CPU time), skipped 0 variants
    Prepared data for serialisation in 0.00s
Serialized binary data for shader Hidden/Internal-StencilWrite in 0.00s
    d3d11 (total internal programs: 2, unique: 2)
Compiling shader "Hidden/Internal-DepthNormalsTexture" pass "" (vp)
    Full variant space:         1
    After settings filtering:   1
    After built-in stripping:   1
    After scriptable stripping: 1
    Processed in 0.00 seconds
    starting compilation...
    finished in 0.00 seconds. Local cache hits 1 (0.00s CPU time), remote cache hits 0 (0.00s CPU time), compiled 0 variants (0.00s CPU time), skipped 0 variants
    Prepared data for serialisation in 0.00s
Compiling shader "Hidden/Internal-DepthNormalsTexture" pass "" (fp)
    Full variant space:         1
    After settings filtering:   1
    After built-in stripping:   1
    After scriptable stripping: 1
    Processed in 0.00 seconds
    starting compilation...
    finished in 0.00 seconds. Local cache hits 1 (0.00s CPU time), remote cache hits 0 (0.00s CPU time), compiled 0 variants (0.00s CPU time), skipped 0 variants
    Prepared data for serialisation in 0.00s
Compiling shader "Hidden/Internal-DepthNormalsTexture" pass "" (vp)
    Full variant space:         1
    After settings filtering:   1
    After built-in stripping:   1
    After scriptable stripping: 1
    Processed in 0.00 seconds
    starting compilation...
    finished in 0.00 seconds. Local cache hits 1 (0.00s CPU time), remote cache hits 0 (0.00s CPU time), compiled 0 variants (0.00s CPU time), skipped 0 variants
    Prepared data for serialisation in 0.00s
Compiling shader "Hidden/Internal-DepthNormalsTexture" pass "" (fp)
    Full variant space:         1
    After settings filtering:   1
    After built-in stripping:   1
    After scriptable stripping: 1
    Processed in 0.00 seconds
    starting compilation...
    finished in 0.00 seconds. Local cache hits 1 (0.00s CPU time), remote cache hits 0 (0.00s CPU time), compiled 0 variants (0.00s CPU time), skipped 0 variants
    Prepared data for serialisation in 0.00s
Compiling shader "Hidden/Internal-DepthNormalsTexture" pass "" (vp)
    Full variant space:         1
    After settings filtering:   1
    After built-in stripping:   1
    After scriptable stripping: 1
    Processed in 0.00 seconds
    starting compilation...
    finished in 0.00 seconds. Local cache hits 1 (0.00s CPU time), remote cache hits 0 (0.00s CPU time), compiled 0 variants (0.00s CPU time), skipped 0 variants
    Prepared data for serialisation in 0.00s
Compiling shader "Hidden/Internal-DepthNormalsTexture" pass "" (fp)
    Full variant space:         1
    After settings filtering:   1
    After built-in stripping:   1
    After scriptable stripping: 1
    Processed in 0.00 seconds
    starting compilation...
    finished in 0.00 seconds. Local cache hits 1 (0.00s CPU time), remote cache hits 0 (0.00s CPU time), compiled 0 variants (0.00s CPU time), skipped 0 variants
    Prepared data for serialisation in 0.00s
Compiling shader "Hidden/Internal-DepthNormalsTexture" pass "" (vp)
    Full variant space:         1
    After settings filtering:   1
    After built-in stripping:   1
    After scriptable stripping: 1
    Processed in 0.00 seconds
    starting compilation...
    finished in 0.00 seconds. Local cache hits 1 (0.00s CPU time), remote cache hits 0 (0.00s CPU time), compiled 0 variants (0.00s CPU time), skipped 0 variants
    Prepared data for serialisation in 0.00s
Compiling shader "Hidden/Internal-DepthNormalsTexture" pass "" (fp)
    Full variant space:         1
    After settings filtering:   1
    After built-in stripping:   1
    After scriptable stripping: 1
    Processed in 0.00 seconds
    starting compilation...
    finished in 0.00 seconds. Local cache hits 1 (0.00s CPU time), remote cache hits 0 (0.00s CPU time), compiled 0 variants (0.00s CPU time), skipped 0 variants
    Prepared data for serialisation in 0.00s
Compiling shader "Hidden/Internal-DepthNormalsTexture" pass "" (vp)
    Full variant space:         1
    After settings filtering:   1
    After built-in stripping:   1
    After scriptable stripping: 1
    Processed in 0.00 seconds
    starting compilation...
    finished in 0.00 seconds. Local cache hits 1 (0.00s CPU time), remote cache hits 0 (0.00s CPU time), compiled 0 variants (0.00s CPU time), skipped 0 variants
    Prepared data for serialisation in 0.00s
Compiling shader "Hidden/Internal-DepthNormalsTexture" pass "" (fp)
    Full variant space:         1
    After settings filtering:   1
    After built-in stripping:   1
    After scriptable stripping: 1
    Processed in 0.00 seconds
    starting compilation...
    finished in 0.00 seconds. Local cache hits 1 (0.00s CPU time), remote cache hits 0 (0.00s CPU time), compiled 0 variants (0.00s CPU time), skipped 0 variants
    Prepared data for serialisation in 0.00s
Compiling shader "Hidden/Internal-DepthNormalsTexture" pass "" (vp)
    Full variant space:         1
    After settings filtering:   1
    After built-in stripping:   1
    After scriptable stripping: 1
    Processed in 0.00 seconds
    starting compilation...
    finished in 0.00 seconds. Local cache hits 1 (0.00s CPU time), remote cache hits 0 (0.00s CPU time), compiled 0 variants (0.00s CPU time), skipped 0 variants
    Prepared data for serialisation in 0.00s
Compiling shader "Hidden/Internal-DepthNormalsTexture" pass "" (fp)
    Full variant space:         1
    After settings filtering:   1
    After built-in stripping:   1
    After scriptable stripping: 1
    Processed in 0.00 seconds
    starting compilation...
    finished in 0.00 seconds. Local cache hits 1 (0.00s CPU time), remote cache hits 0 (0.00s CPU time), compiled 0 variants (0.00s CPU time), skipped 0 variants
    Prepared data for serialisation in 0.00s
Compiling shader "Hidden/Internal-DepthNormalsTexture" pass "" (vp)
    Full variant space:         1
    After settings filtering:   1
    After built-in stripping:   1
    After scriptable stripping: 1
    Processed in 0.00 seconds
    starting compilation...
    finished in 0.00 seconds. Local cache hits 1 (0.00s CPU time), remote cache hits 0 (0.00s CPU time), compiled 0 variants (0.00s CPU time), skipped 0 variants
    Prepared data for serialisation in 0.00s
Compiling shader "Hidden/Internal-DepthNormalsTexture" pass "" (fp)
    Full variant space:         1
    After settings filtering:   1
    After built-in stripping:   1
    After scriptable stripping: 1
    Processed in 0.00 seconds
    starting compilation...
    finished in 0.00 seconds. Local cache hits 1 (0.00s CPU time), remote cache hits 0 (0.00s CPU time), compiled 0 variants (0.00s CPU time), skipped 0 variants
    Prepared data for serialisation in 0.00s
Compiling shader "Hidden/Internal-DepthNormalsTexture" pass "" (vp)
    Full variant space:         1
    After settings filtering:   1
    After built-in stripping:   1
    After scriptable stripping: 1
    Processed in 0.00 seconds
    starting compilation...
    finished in 0.00 seconds. Local cache hits 1 (0.00s CPU time), remote cache hits 0 (0.00s CPU time), compiled 0 variants (0.00s CPU time), skipped 0 variants
    Prepared data for serialisation in 0.00s
Compiling shader "Hidden/Internal-DepthNormalsTexture" pass "" (fp)
    Full variant space:         1
    After settings filtering:   1
    After built-in stripping:   1
    After scriptable stripping: 1
    Processed in 0.00 seconds
    starting compilation...
    finished in 0.00 seconds. Local cache hits 1 (0.00s CPU time), remote cache hits 0 (0.00s CPU time), compiled 0 variants (0.00s CPU time), skipped 0 variants
    Prepared data for serialisation in 0.00s
Compiling shader "Hidden/Internal-DepthNormalsTexture" pass "" (vp)
    Full variant space:         1
    After settings filtering:   1
    After built-in stripping:   1
    After scriptable stripping: 1
    Processed in 0.00 seconds
    starting compilation...
    finished in 0.00 seconds. Local cache hits 1 (0.00s CPU time), remote cache hits 0 (0.00s CPU time), compiled 0 variants (0.00s CPU time), skipped 0 variants
    Prepared data for serialisation in 0.00s
Compiling shader "Hidden/Internal-DepthNormalsTexture" pass "" (fp)
    Full variant space:         1
    After settings filtering:   1
    After built-in stripping:   1
    After scriptable stripping: 1
    Processed in 0.00 seconds
    starting compilation...
    finished in 0.00 seconds. Local cache hits 1 (0.00s CPU time), remote cache hits 0 (0.00s CPU time), compiled 0 variants (0.00s CPU time), skipped 0 variants
    Prepared data for serialisation in 0.00s
Compiling shader "Hidden/Internal-DepthNormalsTexture" pass "" (vp)
    Full variant space:         1
    After settings filtering:   1
    After built-in stripping:   1
    After scriptable stripping: 1
    Processed in 0.00 seconds
    starting compilation...
    finished in 0.00 seconds. Local cache hits 1 (0.00s CPU time), remote cache hits 0 (0.00s CPU time), compiled 0 variants (0.00s CPU time), skipped 0 variants
    Prepared data for serialisation in 0.00s
Compiling shader "Hidden/Internal-DepthNormalsTexture" pass "" (fp)
    Full variant space:         1
    After settings filtering:   1
    After built-in stripping:   1
    After scriptable stripping: 1
    Processed in 0.00 seconds
    starting compilation...
    finished in 0.00 seconds. Local cache hits 1 (0.00s CPU time), remote cache hits 0 (0.00s CPU time), compiled 0 variants (0.00s CPU time), skipped 0 variants
    Prepared data for serialisation in 0.00s
Serialized binary data for shader Hidden/Internal-DepthNormalsTexture in 0.00s
    d3d11 (total internal programs: 20, unique: 17)
Compiling shader "Hidden/Internal-ScreenSpaceShadows" pass "" (vp)
    Full variant space:         4
    After settings filtering:   4
    After built-in stripping:   4
    After scriptable stripping: 4
    Processed in 0.00 seconds
    starting compilation...
    finished in 0.00 seconds. Local cache hits 4 (0.00s CPU time), remote cache hits 0 (0.00s CPU time), compiled 0 variants (0.00s CPU time), skipped 0 variants
    Prepared data for serialisation in 0.00s
Compiling shader "Hidden/Internal-ScreenSpaceShadows" pass "" (fp)
    Full variant space:         4
    After settings filtering:   4
    After built-in stripping:   4
    After scriptable stripping: 4
    Processed in 0.00 seconds
    starting compilation...
    finished in 0.00 seconds. Local cache hits 4 (0.00s CPU time), remote cache hits 0 (0.00s CPU time), compiled 0 variants (0.00s CPU time), skipped 0 variants
    Prepared data for serialisation in 0.00s
Compiling shader "Hidden/Internal-ScreenSpaceShadows" pass "" (vp)
    Full variant space:         4
    After settings filtering:   4
    After built-in stripping:   4
    After scriptable stripping: 4
    Processed in 0.00 seconds
    starting compilation...
    finished in 0.00 seconds. Local cache hits 4 (0.00s CPU time), remote cache hits 0 (0.00s CPU time), compiled 0 variants (0.00s CPU time), skipped 0 variants
    Prepared data for serialisation in 0.00s
Compiling shader "Hidden/Internal-ScreenSpaceShadows" pass "" (fp)
    Full variant space:         4
    After settings filtering:   4
    After built-in stripping:   4
    After scriptable stripping: 4
    Processed in 0.00 seconds
    starting compilation...
    finished in 0.00 seconds. Local cache hits 4 (0.00s CPU time), remote cache hits 0 (0.00s CPU time), compiled 0 variants (0.00s CPU time), skipped 0 variants
    Prepared data for serialisation in 0.00s
Compiling shader "Hidden/Internal-ScreenSpaceShadows" pass "" (vp)
    Full variant space:         4
    After settings filtering:   4
    After built-in stripping:   4
    After scriptable stripping: 4
    Processed in 0.00 seconds
    starting compilation...
    finished in 0.00 seconds. Local cache hits 4 (0.00s CPU time), remote cache hits 0 (0.00s CPU time), compiled 0 variants (0.00s CPU time), skipped 0 variants
    Prepared data for serialisation in 0.00s
Compiling shader "Hidden/Internal-ScreenSpaceShadows" pass "" (fp)
    Full variant space:         4
    After settings filtering:   4
    After built-in stripping:   4
    After scriptable stripping: 4
    Processed in 0.00 seconds
    starting compilation...
    finished in 0.00 seconds. Local cache hits 4 (0.00s CPU time), remote cache hits 0 (0.00s CPU time), compiled 0 variants (0.00s CPU time), skipped 0 variants
    Prepared data for serialisation in 0.00s
Compiling shader "Hidden/Internal-ScreenSpaceShadows" pass "" (vp)
    Full variant space:         4
    After settings filtering:   4
    After built-in stripping:   4
    After scriptable stripping: 4
    Processed in 0.00 seconds
    starting compilation...
    finished in 0.00 seconds. Local cache hits 4 (0.00s CPU time), remote cache hits 0 (0.00s CPU time), compiled 0 variants (0.00s CPU time), skipped 0 variants
    Prepared data for serialisation in 0.00s
Compiling shader "Hidden/Internal-ScreenSpaceShadows" pass "" (fp)
    Full variant space:         4
    After settings filtering:   4
    After built-in stripping:   4
    After scriptable stripping: 4
    Processed in 0.00 seconds
    starting compilation...
    finished in 0.00 seconds. Local cache hits 4 (0.00s CPU time), remote cache hits 0 (0.00s CPU time), compiled 0 variants (0.00s CPU time), skipped 0 variants
    Prepared data for serialisation in 0.00s
Serialized binary data for shader Hidden/Internal-ScreenSpaceShadows in 0.00s
    d3d11 (total internal programs: 32, unique: 20)
Compiling shader "Hidden/Internal-CombineDepthNormals" pass "" (vp)
    Full variant space:         1
    After settings filtering:   1
    After built-in stripping:   1
    After scriptable stripping: 1
    Processed in 0.00 seconds
    starting compilation...
    finished in 0.00 seconds. Local cache hits 1 (0.00s CPU time), remote cache hits 0 (0.00s CPU time), compiled 0 variants (0.00s CPU time), skipped 0 variants
    Prepared data for serialisation in 0.00s
Compiling shader "Hidden/Internal-CombineDepthNormals" pass "" (fp)
    Full variant space:         1
    After settings filtering:   1
    After built-in stripping:   1
    After scriptable stripping: 1
    Processed in 0.00 seconds
    starting compilation...
    finished in 0.00 seconds. Local cache hits 1 (0.00s CPU time), remote cache hits 0 (0.00s CPU time), compiled 0 variants (0.00s CPU time), skipped 0 variants
    Prepared data for serialisation in 0.00s
Serialized binary data for shader Hidden/Internal-CombineDepthNormals in 0.00s
    d3d11 (total internal programs: 2, unique: 2)
Compiling shader "Hidden/BlitCopy" pass "" (vp)
    Full variant space:         1
    After settings filtering:   1
    After built-in stripping:   1
    After scriptable stripping: 1
    Processed in 0.00 seconds
    starting compilation...
    finished in 0.00 seconds. Local cache hits 1 (0.00s CPU time), remote cache hits 0 (0.00s CPU time), compiled 0 variants (0.00s CPU time), skipped 0 variants
    Prepared data for serialisation in 0.00s
Compiling shader "Hidden/BlitCopy" pass "" (fp)
    Full variant space:         1
    After settings filtering:   1
    After built-in stripping:   1
    After scriptable stripping: 1
    Processed in 0.00 seconds
    starting compilation...
    finished in 0.00 seconds. Local cache hits 1 (0.00s CPU time), remote cache hits 0 (0.00s CPU time), compiled 0 variants (0.00s CPU time), skipped 0 variants
    Prepared data for serialisation in 0.00s
Serialized binary data for shader Hidden/BlitCopy in 0.00s
    d3d11 (total internal programs: 2, unique: 2)
Compiling shader "Hidden/BlitCopyDepth" pass "" (vp)
    Full variant space:         1
    After settings filtering:   1
    After built-in stripping:   1
    After scriptable stripping: 1
    Processed in 0.00 seconds
    starting compilation...
    finished in 0.00 seconds. Local cache hits 1 (0.00s CPU time), remote cache hits 0 (0.00s CPU time), compiled 0 variants (0.00s CPU time), skipped 0 variants
    Prepared data for serialisation in 0.00s
Compiling shader "Hidden/BlitCopyDepth" pass "" (fp)
    Full variant space:         1
    After settings filtering:   1
    After built-in stripping:   1
    After scriptable stripping: 1
    Processed in 0.00 seconds
    starting compilation...
    finished in 0.00 seconds. Local cache hits 1 (0.00s CPU time), remote cache hits 0 (0.00s CPU time), compiled 0 variants (0.00s CPU time), skipped 0 variants
    Prepared data for serialisation in 0.00s
Serialized binary data for shader Hidden/BlitCopyDepth in 0.00s
    d3d11 (total internal programs: 2, unique: 2)
Compiling shader "Hidden/ConvertTexture" pass "" (vp)
    Full variant space:         1
    After settings filtering:   1
    After built-in stripping:   1
    After scriptable stripping: 1
    Processed in 0.00 seconds
    starting compilation...
    finished in 0.00 seconds. Local cache hits 1 (0.00s CPU time), remote cache hits 0 (0.00s CPU time), compiled 0 variants (0.00s CPU time), skipped 0 variants
    Prepared data for serialisation in 0.00s
Compiling shader "Hidden/ConvertTexture" pass "" (fp)
    Full variant space:         1
    After settings filtering:   1
    After built-in stripping:   1
    After scriptable stripping: 1
    Processed in 0.00 seconds
    starting compilation...
    finished in 0.00 seconds. Local cache hits 1 (0.00s CPU time), remote cache hits 0 (0.00s CPU time), compiled 0 variants (0.00s CPU time), skipped 0 variants
    Prepared data for serialisation in 0.00s
Serialized binary data for shader Hidden/ConvertTexture in 0.00s
    d3d11 (total internal programs: 2, unique: 2)
Compiling shader "Hidden/Internal-DeferredShading" pass "" (vp)
    Full variant space:         94
    After settings filtering:   94
    After built-in stripping:   26
    After scriptable stripping: 26
    Processed in 0.00 seconds
    starting compilation...
    finished in 0.00 seconds. Local cache hits 26 (0.04s CPU time), remote cache hits 0 (0.00s CPU time), compiled 0 variants (0.00s CPU time), skipped 0 variants
    Prepared data for serialisation in 0.00s
Compiling shader "Hidden/Internal-DeferredShading" pass "" (fp)
    Full variant space:         94
    After settings filtering:   94
    After built-in stripping:   26
    After scriptable stripping: 26
    Processed in 0.00 seconds
    starting compilation...
    finished in 0.00 seconds. Local cache hits 26 (0.03s CPU time), remote cache hits 0 (0.00s CPU time), compiled 0 variants (0.00s CPU time), skipped 0 variants
    Prepared data for serialisation in 0.00s
Compiling shader "Hidden/Internal-DeferredShading" pass "" (vp)
    Full variant space:         1
    After settings filtering:   1
    After built-in stripping:   1
    After scriptable stripping: 1
    Processed in 0.00 seconds
    starting compilation...
    finished in 0.00 seconds. Local cache hits 1 (0.00s CPU time), remote cache hits 0 (0.00s CPU time), compiled 0 variants (0.00s CPU time), skipped 0 variants
    Prepared data for serialisation in 0.00s
Compiling shader "Hidden/Internal-DeferredShading" pass "" (fp)
    Full variant space:         1
    After settings filtering:   1
    After built-in stripping:   1
    After scriptable stripping: 1
    Processed in 0.00 seconds
    starting compilation...
    finished in 0.00 seconds. Local cache hits 1 (0.00s CPU time), remote cache hits 0 (0.00s CPU time), compiled 0 variants (0.00s CPU time), skipped 0 variants
    Prepared data for serialisation in 0.00s
Serialized binary data for shader Hidden/Internal-DeferredShading in 0.00s
    d3d11 (total internal programs: 54, unique: 54)
Compiling shader "Hidden/Internal-DeferredReflections" pass "" (vp)
    Full variant space:         1
    After settings filtering:   1
    After built-in stripping:   1
    After scriptable stripping: 1
    Processed in 0.00 seconds
    starting compilation...
    finished in 0.00 seconds. Local cache hits 1 (0.00s CPU time), remote cache hits 0 (0.00s CPU time), compiled 0 variants (0.00s CPU time), skipped 0 variants
    Prepared data for serialisation in 0.00s
Compiling shader "Hidden/Internal-DeferredReflections" pass "" (fp)
    Full variant space:         1
    After settings filtering:   1
    After built-in stripping:   1
    After scriptable stripping: 1
    Processed in 0.00 seconds
    starting compilation...
    finished in 0.00 seconds. Local cache hits 1 (0.00s CPU time), remote cache hits 0 (0.00s CPU time), compiled 0 variants (0.00s CPU time), skipped 0 variants
    Prepared data for serialisation in 0.00s
Compiling shader "Hidden/Internal-DeferredReflections" pass "" (vp)
    Full variant space:         2
    After settings filtering:   2
    After built-in stripping:   2
    After scriptable stripping: 2
    Processed in 0.00 seconds
    starting compilation...
    finished in 0.00 seconds. Local cache hits 2 (0.00s CPU time), remote cache hits 0 (0.00s CPU time), compiled 0 variants (0.00s CPU time), skipped 0 variants
    Prepared data for serialisation in 0.00s
Compiling shader "Hidden/Internal-DeferredReflections" pass "" (fp)
    Full variant space:         2
    After settings filtering:   2
    After built-in stripping:   2
    After scriptable stripping: 2
    Processed in 0.00 seconds
    starting compilation...
    finished in 0.00 seconds. Local cache hits 2 (0.00s CPU time), remote cache hits 0 (0.00s CPU time), compiled 0 variants (0.00s CPU time), skipped 0 variants
    Prepared data for serialisation in 0.00s
Serialized binary data for shader Hidden/Internal-DeferredReflections in 0.00s
    d3d11 (total internal programs: 6, unique: 6)
Compiling shader "Hidden/Internal-MotionVectors" pass "" (vp)
    Full variant space:         1
    After settings filtering:   1
    After built-in stripping:   1
    After scriptable stripping: 1
    Processed in 0.00 seconds
    starting compilation...
    finished in 0.00 seconds. Local cache hits 1 (0.00s CPU time), remote cache hits 0 (0.00s CPU time), compiled 0 variants (0.00s CPU time), skipped 0 variants
    Prepared data for serialisation in 0.00s
Compiling shader "Hidden/Internal-MotionVectors" pass "" (fp)
    Full variant space:         1
    After settings filtering:   1
    After built-in stripping:   1
    After scriptable stripping: 1
    Processed in 0.00 seconds
    starting compilation...
    finished in 0.00 seconds. Local cache hits 1 (0.00s CPU time), remote cache hits 0 (0.00s CPU time), compiled 0 variants (0.00s CPU time), skipped 0 variants
    Prepared data for serialisation in 0.00s
Compiling shader "Hidden/Internal-MotionVectors" pass "" (vp)
    Full variant space:         1
    After settings filtering:   1
    After built-in stripping:   1
    After scriptable stripping: 1
    Processed in 0.00 seconds
    starting compilation...
    finished in 0.00 seconds. Local cache hits 1 (0.00s CPU time), remote cache hits 0 (0.00s CPU time), compiled 0 variants (0.00s CPU time), skipped 0 variants
    Prepared data for serialisation in 0.00s
Compiling shader "Hidden/Internal-MotionVectors" pass "" (fp)
    Full variant space:         1
    After settings filtering:   1
    After built-in stripping:   1
    After scriptable stripping: 1
    Processed in 0.00 seconds
    starting compilation...
    finished in 0.00 seconds. Local cache hits 1 (0.00s CPU time), remote cache hits 0 (0.00s CPU time), compiled 0 variants (0.00s CPU time), skipped 0 variants
    Prepared data for serialisation in 0.00s
Compiling shader "Hidden/Internal-MotionVectors" pass "" (vp)
    Full variant space:         1
    After settings filtering:   1
    After built-in stripping:   1
    After scriptable stripping: 1
    Processed in 0.00 seconds
    starting compilation...
    finished in 0.00 seconds. Local cache hits 1 (0.00s CPU time), remote cache hits 0 (0.00s CPU time), compiled 0 variants (0.00s CPU time), skipped 0 variants
    Prepared data for serialisation in 0.00s
Compiling shader "Hidden/Internal-MotionVectors" pass "" (fp)
    Full variant space:         1
    After settings filtering:   1
    After built-in stripping:   1
    After scriptable stripping: 1
    Processed in 0.00 seconds
    starting compilation...
    finished in 0.00 seconds. Local cache hits 1 (0.00s CPU time), remote cache hits 0 (0.00s CPU time), compiled 0 variants (0.00s CPU time), skipped 0 variants
    Prepared data for serialisation in 0.00s
Serialized binary data for shader Hidden/Internal-MotionVectors in 0.00s
    d3d11 (total internal programs: 6, unique: 5)
Compiling shader "Hidden/Internal-Flare" pass "" (vp)
    Full variant space:         1
    After settings filtering:   1
    After built-in stripping:   1
    After scriptable stripping: 1
    Processed in 0.00 seconds
    starting compilation...
    finished in 0.00 seconds. Local cache hits 1 (0.00s CPU time), remote cache hits 0 (0.00s CPU time), compiled 0 variants (0.00s CPU time), skipped 0 variants
    Prepared data for serialisation in 0.00s
Compiling shader "Hidden/Internal-Flare" pass "" (fp)
    Full variant space:         1
    After settings filtering:   1
    After built-in stripping:   1
    After scriptable stripping: 1
    Processed in 0.00 seconds
    starting compilation...
    finished in 0.00 seconds. Local cache hits 1 (0.00s CPU time), remote cache hits 0 (0.00s CPU time), compiled 0 variants (0.00s CPU time), skipped 0 variants
    Prepared data for serialisation in 0.00s
Serialized binary data for shader Hidden/Internal-Flare in 0.00s
    d3d11 (total internal programs: 2, unique: 2)
Compiling shader "Hidden/Internal-Halo" pass "" (vp)
    Full variant space:         4
    After settings filtering:   4
    After built-in stripping:   1
    After scriptable stripping: 1
    Processed in 0.00 seconds
    starting compilation...
    finished in 0.00 seconds. Local cache hits 1 (0.00s CPU time), remote cache hits 0 (0.00s CPU time), compiled 0 variants (0.00s CPU time), skipped 0 variants
    Prepared data for serialisation in 0.00s
Compiling shader "Hidden/Internal-Halo" pass "" (fp)
    Full variant space:         4
    After settings filtering:   4
    After built-in stripping:   1
    After scriptable stripping: 1
    Processed in 0.00 seconds
    starting compilation...
    finished in 0.00 seconds. Local cache hits 1 (0.00s CPU time), remote cache hits 0 (0.00s CPU time), compiled 0 variants (0.00s CPU time), skipped 0 variants
    Prepared data for serialisation in 0.00s
Serialized binary data for shader Hidden/Internal-Halo in 0.00s
    d3d11 (total internal programs: 2, unique: 2)
Compiling shader "Hidden/BlitCopyWithDepth" pass "" (vp)
    Full variant space:         1
    After settings filtering:   1
    After built-in stripping:   1
    After scriptable stripping: 1
    Processed in 0.00 seconds
    starting compilation...
    finished in 0.00 seconds. Local cache hits 1 (0.00s CPU time), remote cache hits 0 (0.00s CPU time), compiled 0 variants (0.00s CPU time), skipped 0 variants
    Prepared data for serialisation in 0.00s
Compiling shader "Hidden/BlitCopyWithDepth" pass "" (fp)
    Full variant space:         1
    After settings filtering:   1
    After built-in stripping:   1
    After scriptable stripping: 1
    Processed in 0.00 seconds
    starting compilation...
    finished in 0.00 seconds. Local cache hits 1 (0.00s CPU time), remote cache hits 0 (0.00s CPU time), compiled 0 variants (0.00s CPU time), skipped 0 variants
    Prepared data for serialisation in 0.00s
Serialized binary data for shader Hidden/BlitCopyWithDepth in 0.00s
    d3d11 (total internal programs: 2, unique: 2)
Compiling shader "Hidden/BlitToDepth" pass "" (vp)
    Full variant space:         1
    After settings filtering:   1
    After built-in stripping:   1
    After scriptable stripping: 1
    Processed in 0.00 seconds
    starting compilation...
    finished in 0.00 seconds. Local cache hits 1 (0.00s CPU time), remote cache hits 0 (0.00s CPU time), compiled 0 variants (0.00s CPU time), skipped 0 variants
    Prepared data for serialisation in 0.00s
Compiling shader "Hidden/BlitToDepth" pass "" (fp)
    Full variant space:         1
    After settings filtering:   1
    After built-in stripping:   1
    After scriptable stripping: 1
    Processed in 0.00 seconds
    starting compilation...
    finished in 0.00 seconds. Local cache hits 1 (0.00s CPU time), remote cache hits 0 (0.00s CPU time), compiled 0 variants (0.00s CPU time), skipped 0 variants
    Prepared data for serialisation in 0.00s
Serialized binary data for shader Hidden/BlitToDepth in 0.00s
    d3d11 (total internal programs: 2, unique: 2)
Compiling shader "Hidden/BlitToDepth_MSAA" pass "" (vp)
    Full variant space:         1
    After settings filtering:   1
    After built-in stripping:   1
    After scriptable stripping: 1
    Processed in 0.00 seconds
    starting compilation...
    finished in 0.00 seconds. Local cache hits 1 (0.00s CPU time), remote cache hits 0 (0.00s CPU time), compiled 0 variants (0.00s CPU time), skipped 0 variants
    Prepared data for serialisation in 0.00s
Compiling shader "Hidden/BlitToDepth_MSAA" pass "" (fp)
    Full variant space:         1
    After settings filtering:   1
    After built-in stripping:   1
    After scriptable stripping: 1
    Processed in 0.00 seconds
    starting compilation...
    finished in 0.00 seconds. Local cache hits 1 (0.00s CPU time), remote cache hits 0 (0.00s CPU time), compiled 0 variants (0.00s CPU time), skipped 0 variants
    Prepared data for serialisation in 0.00s
Serialized binary data for shader Hidden/BlitToDepth_MSAA in 0.00s
    d3d11 (total internal programs: 2, unique: 2)
Compiling shader "Hidden/BlitCopyHDRTonemap" pass "" (vp)
    Full variant space:         1
    After settings filtering:   1
    After built-in stripping:   1
    After scriptable stripping: 1
    Processed in 0.00 seconds
    starting compilation...
    finished in 0.00 seconds. Local cache hits 1 (0.00s CPU time), remote cache hits 0 (0.00s CPU time), compiled 0 variants (0.00s CPU time), skipped 0 variants
    Prepared data for serialisation in 0.00s
Compiling shader "Hidden/BlitCopyHDRTonemap" pass "" (fp)
    Full variant space:         1
    After settings filtering:   1
    After built-in stripping:   1
    After scriptable stripping: 1
    Processed in 0.00 seconds
    starting compilation...
    finished in 0.00 seconds. Local cache hits 1 (0.00s CPU time), remote cache hits 0 (0.00s CPU time), compiled 0 variants (0.00s CPU time), skipped 0 variants
    Prepared data for serialisation in 0.00s
Serialized binary data for shader Hidden/BlitCopyHDRTonemap in 0.00s
    d3d11 (total internal programs: 2, unique: 2)
Compiling shader "Hidden/Internal-DebugPattern" pass "Target Color and DepthStencil" (vp)
    Full variant space:         1
    After settings filtering:   1
    After built-in stripping:   1
    After scriptable stripping: 1
    Processed in 0.00 seconds
    starting compilation...
    finished in 0.00 seconds. Local cache hits 1 (0.00s CPU time), remote cache hits 0 (0.00s CPU time), compiled 0 variants (0.00s CPU time), skipped 0 variants
    Prepared data for serialisation in 0.00s
Compiling shader "Hidden/Internal-DebugPattern" pass "Target Color and DepthStencil" (fp)
    Full variant space:         1
    After settings filtering:   1
    After built-in stripping:   1
    After scriptable stripping: 1
    Processed in 0.00 seconds
    starting compilation...
    finished in 0.00 seconds. Local cache hits 1 (0.00s CPU time), remote cache hits 0 (0.00s CPU time), compiled 0 variants (0.00s CPU time), skipped 0 variants
    Prepared data for serialisation in 0.00s
Compiling shader "Hidden/Internal-DebugPattern" pass "Target only Color" (vp)
    Full variant space:         1
    After settings filtering:   1
    After built-in stripping:   1
    After scriptable stripping: 1
    Processed in 0.00 seconds
    starting compilation...
    finished in 0.00 seconds. Local cache hits 1 (0.00s CPU time), remote cache hits 0 (0.00s CPU time), compiled 0 variants (0.00s CPU time), skipped 0 variants
    Prepared data for serialisation in 0.00s
Compiling shader "Hidden/Internal-DebugPattern" pass "Target only Color" (fp)
    Full variant space:         1
    After settings filtering:   1
    After built-in stripping:   1
    After scriptable stripping: 1
    Processed in 0.00 seconds
    starting compilation...
    finished in 0.00 seconds. Local cache hits 1 (0.00s CPU time), remote cache hits 0 (0.00s CPU time), compiled 0 variants (0.00s CPU time), skipped 0 variants
    Prepared data for serialisation in 0.00s
Compiling shader "Hidden/Internal-DebugPattern" pass "Target only DepthStencil" (vp)
    Full variant space:         1
    After settings filtering:   1
    After built-in stripping:   1
    After scriptable stripping: 1
    Processed in 0.00 seconds
    starting compilation...
    finished in 0.00 seconds. Local cache hits 1 (0.00s CPU time), remote cache hits 0 (0.00s CPU time), compiled 0 variants (0.00s CPU time), skipped 0 variants
    Prepared data for serialisation in 0.00s
Compiling shader "Hidden/Internal-DebugPattern" pass "Target only DepthStencil" (fp)
    Full variant space:         1
    After settings filtering:   1
    After built-in stripping:   1
    After scriptable stripping: 1
    Processed in 0.00 seconds
    starting compilation...
    finished in 0.00 seconds. Local cache hits 1 (0.00s CPU time), remote cache hits 0 (0.00s CPU time), compiled 0 variants (0.00s CPU time), skipped 0 variants
    Prepared data for serialisation in 0.00s
Serialized binary data for shader Hidden/Internal-DebugPattern in 0.00s
    d3d11 (total internal programs: 6, unique: 4)
Compiling shader "Hidden/Internal-GUITextureClip" pass "" (vp)
    Full variant space:         1
    After settings filtering:   1
    After built-in stripping:   1
    After scriptable stripping: 1
    Processed in 0.00 seconds
    starting compilation...
    finished in 0.00 seconds. Local cache hits 1 (0.00s CPU time), remote cache hits 0 (0.00s CPU time), compiled 0 variants (0.00s CPU time), skipped 0 variants
    Prepared data for serialisation in 0.00s
Compiling shader "Hidden/Internal-GUITextureClip" pass "" (fp)
    Full variant space:         1
    After settings filtering:   1
    After built-in stripping:   1
    After scriptable stripping: 1
    Processed in 0.00 seconds
    starting compilation...
    finished in 0.00 seconds. Local cache hits 1 (0.00s CPU time), remote cache hits 0 (0.00s CPU time), compiled 0 variants (0.00s CPU time), skipped 0 variants
    Prepared data for serialisation in 0.00s
Compiling shader "Hidden/Internal-GUITextureClip" pass "" (vp)
    Full variant space:         1
    After settings filtering:   1
    After built-in stripping:   1
    After scriptable stripping: 1
    Processed in 0.00 seconds
    starting compilation...
    finished in 0.00 seconds. Local cache hits 1 (0.00s CPU time), remote cache hits 0 (0.00s CPU time), compiled 0 variants (0.00s CPU time), skipped 0 variants
    Prepared data for serialisation in 0.00s
Compiling shader "Hidden/Internal-GUITextureClip" pass "" (fp)
    Full variant space:         1
    After settings filtering:   1
    After built-in stripping:   1
    After scriptable stripping: 1
    Processed in 0.00 seconds
    starting compilation...
    finished in 0.00 seconds. Local cache hits 1 (0.00s CPU time), remote cache hits 0 (0.00s CPU time), compiled 0 variants (0.00s CPU time), skipped 0 variants
    Prepared data for serialisation in 0.00s
Serialized binary data for shader Hidden/Internal-GUITextureClip in 0.00s
    d3d11 (total internal programs: 4, unique: 2)
Compiling shader "Hidden/Internal-GUITextureClipText" pass "" (vp)
    Full variant space:         1
    After settings filtering:   1
    After built-in stripping:   1
    After scriptable stripping: 1
    Processed in 0.00 seconds
    starting compilation...
    finished in 0.00 seconds. Local cache hits 1 (0.00s CPU time), remote cache hits 0 (0.00s CPU time), compiled 0 variants (0.00s CPU time), skipped 0 variants
    Prepared data for serialisation in 0.00s
Compiling shader "Hidden/Internal-GUITextureClipText" pass "" (fp)
    Full variant space:         1
    After settings filtering:   1
    After built-in stripping:   1
    After scriptable stripping: 1
    Processed in 0.00 seconds
    starting compilation...
    finished in 0.00 seconds. Local cache hits 1 (0.00s CPU time), remote cache hits 0 (0.00s CPU time), compiled 0 variants (0.00s CPU time), skipped 0 variants
    Prepared data for serialisation in 0.00s
Compiling shader "Hidden/Internal-GUITextureClipText" pass "" (vp)
    Full variant space:         1
    After settings filtering:   1
    After built-in stripping:   1
    After scriptable stripping: 1
    Processed in 0.00 seconds
    starting compilation...
    finished in 0.00 seconds. Local cache hits 1 (0.00s CPU time), remote cache hits 0 (0.00s CPU time), compiled 0 variants (0.00s CPU time), skipped 0 variants
    Prepared data for serialisation in 0.00s
Compiling shader "Hidden/Internal-GUITextureClipText" pass "" (fp)
    Full variant space:         1
    After settings filtering:   1
    After built-in stripping:   1
    After scriptable stripping: 1
    Processed in 0.00 seconds
    starting compilation...
    finished in 0.00 seconds. Local cache hits 1 (0.00s CPU time), remote cache hits 0 (0.00s CPU time), compiled 0 variants (0.00s CPU time), skipped 0 variants
    Prepared data for serialisation in 0.00s
Serialized binary data for shader Hidden/Internal-GUITextureClipText in 0.00s
    d3d11 (total internal programs: 4, unique: 2)
Compiling shader "Hidden/Internal-GUITexture" pass "" (vp)
    Full variant space:         1
    After settings filtering:   1
    After built-in stripping:   1
    After scriptable stripping: 1
    Processed in 0.00 seconds
    starting compilation...
    finished in 0.00 seconds. Local cache hits 1 (0.00s CPU time), remote cache hits 0 (0.00s CPU time), compiled 0 variants (0.00s CPU time), skipped 0 variants
    Prepared data for serialisation in 0.00s
Compiling shader "Hidden/Internal-GUITexture" pass "" (fp)
    Full variant space:         1
    After settings filtering:   1
    After built-in stripping:   1
    After scriptable stripping: 1
    Processed in 0.00 seconds
    starting compilation...
    finished in 0.00 seconds. Local cache hits 1 (0.00s CPU time), remote cache hits 0 (0.00s CPU time), compiled 0 variants (0.00s CPU time), skipped 0 variants
    Prepared data for serialisation in 0.00s
Compiling shader "Hidden/Internal-GUITexture" pass "" (vp)
    Full variant space:         1
    After settings filtering:   1
    After built-in stripping:   1
    After scriptable stripping: 1
    Processed in 0.00 seconds
    starting compilation...
    finished in 0.00 seconds. Local cache hits 1 (0.00s CPU time), remote cache hits 0 (0.00s CPU time), compiled 0 variants (0.00s CPU time), skipped 0 variants
    Prepared data for serialisation in 0.00s
Compiling shader "Hidden/Internal-GUITexture" pass "" (fp)
    Full variant space:         1
    After settings filtering:   1
    After built-in stripping:   1
    After scriptable stripping: 1
    Processed in 0.00 seconds
    starting compilation...
    finished in 0.00 seconds. Local cache hits 1 (0.00s CPU time), remote cache hits 0 (0.00s CPU time), compiled 0 variants (0.00s CPU time), skipped 0 variants
    Prepared data for serialisation in 0.00s
Serialized binary data for shader Hidden/Internal-GUITexture in 0.00s
    d3d11 (total internal programs: 4, unique: 2)
Compiling shader "Hidden/Internal-GUITextureBlit" pass "" (vp)
    Full variant space:         1
    After settings filtering:   1
    After built-in stripping:   1
    After scriptable stripping: 1
    Processed in 0.00 seconds
    starting compilation...
    finished in 0.00 seconds. Local cache hits 1 (0.00s CPU time), remote cache hits 0 (0.00s CPU time), compiled 0 variants (0.00s CPU time), skipped 0 variants
    Prepared data for serialisation in 0.00s
Compiling shader "Hidden/Internal-GUITextureBlit" pass "" (fp)
    Full variant space:         1
    After settings filtering:   1
    After built-in stripping:   1
    After scriptable stripping: 1
    Processed in 0.00 seconds
    starting compilation...
    finished in 0.00 seconds. Local cache hits 1 (0.00s CPU time), remote cache hits 0 (0.00s CPU time), compiled 0 variants (0.00s CPU time), skipped 0 variants
    Prepared data for serialisation in 0.00s
Compiling shader "Hidden/Internal-GUITextureBlit" pass "" (vp)
    Full variant space:         1
    After settings filtering:   1
    After built-in stripping:   1
    After scriptable stripping: 1
    Processed in 0.00 seconds
    starting compilation...
    finished in 0.00 seconds. Local cache hits 1 (0.00s CPU time), remote cache hits 0 (0.00s CPU time), compiled 0 variants (0.00s CPU time), skipped 0 variants
    Prepared data for serialisation in 0.00s
Compiling shader "Hidden/Internal-GUITextureBlit" pass "" (fp)
    Full variant space:         1
    After settings filtering:   1
    After built-in stripping:   1
    After scriptable stripping: 1
    Processed in 0.00 seconds
    starting compilation...
    finished in 0.00 seconds. Local cache hits 1 (0.00s CPU time), remote cache hits 0 (0.00s CPU time), compiled 0 variants (0.00s CPU time), skipped 0 variants
    Prepared data for serialisation in 0.00s
Serialized binary data for shader Hidden/Internal-GUITextureBlit in 0.00s
    d3d11 (total internal programs: 4, unique: 2)
Compiling shader "Hidden/Internal-GUIRoundedRect" pass "" (vp)
    Full variant space:         1
    After settings filtering:   1
    After built-in stripping:   1
    After scriptable stripping: 1
    Processed in 0.00 seconds
    starting compilation...
    finished in 0.00 seconds. Local cache hits 1 (0.00s CPU time), remote cache hits 0 (0.00s CPU time), compiled 0 variants (0.00s CPU time), skipped 0 variants
    Prepared data for serialisation in 0.00s
Compiling shader "Hidden/Internal-GUIRoundedRect" pass "" (fp)
    Full variant space:         1
    After settings filtering:   1
    After built-in stripping:   1
    After scriptable stripping: 1
    Processed in 0.00 seconds
    starting compilation...
    finished in 0.00 seconds. Local cache hits 1 (0.00s CPU time), remote cache hits 0 (0.00s CPU time), compiled 0 variants (0.00s CPU time), skipped 0 variants
    Prepared data for serialisation in 0.00s
Compiling shader "Hidden/Internal-GUIRoundedRect" pass "" (vp)
    Full variant space:         1
    After settings filtering:   1
    After built-in stripping:   1
    After scriptable stripping: 1
    Processed in 0.00 seconds
    starting compilation...
    finished in 0.00 seconds. Local cache hits 1 (0.00s CPU time), remote cache hits 0 (0.00s CPU time), compiled 0 variants (0.00s CPU time), skipped 0 variants
    Prepared data for serialisation in 0.00s
Compiling shader "Hidden/Internal-GUIRoundedRect" pass "" (fp)
    Full variant space:         1
    After settings filtering:   1
    After built-in stripping:   1
    After scriptable stripping: 1
    Processed in 0.00 seconds
    starting compilation...
    finished in 0.00 seconds. Local cache hits 1 (0.00s CPU time), remote cache hits 0 (0.00s CPU time), compiled 0 variants (0.00s CPU time), skipped 0 variants
    Prepared data for serialisation in 0.00s
Serialized binary data for shader Hidden/Internal-GUIRoundedRect in 0.00s
    d3d11 (total internal programs: 4, unique: 2)
Compiling shader "Hidden/Internal-GUIRoundedRectWithColorPerBorder" pass "" (vp)
    Full variant space:         1
    After settings filtering:   1
    After built-in stripping:   1
    After scriptable stripping: 1
    Processed in 0.00 seconds
    starting compilation...
    finished in 0.00 seconds. Local cache hits 1 (0.00s CPU time), remote cache hits 0 (0.00s CPU time), compiled 0 variants (0.00s CPU time), skipped 0 variants
    Prepared data for serialisation in 0.00s
Compiling shader "Hidden/Internal-GUIRoundedRectWithColorPerBorder" pass "" (fp)
    Full variant space:         1
    After settings filtering:   1
    After built-in stripping:   1
    After scriptable stripping: 1
    Processed in 0.00 seconds
    starting compilation...
    finished in 0.00 seconds. Local cache hits 1 (0.00s CPU time), remote cache hits 0 (0.00s CPU time), compiled 0 variants (0.00s CPU time), skipped 0 variants
    Prepared data for serialisation in 0.00s
Compiling shader "Hidden/Internal-GUIRoundedRectWithColorPerBorder" pass "" (vp)
    Full variant space:         1
    After settings filtering:   1
    After built-in stripping:   1
    After scriptable stripping: 1
    Processed in 0.00 seconds
    starting compilation...
    finished in 0.00 seconds. Local cache hits 1 (0.00s CPU time), remote cache hits 0 (0.00s CPU time), compiled 0 variants (0.00s CPU time), skipped 0 variants
    Prepared data for serialisation in 0.00s
Compiling shader "Hidden/Internal-GUIRoundedRectWithColorPerBorder" pass "" (fp)
    Full variant space:         1
    After settings filtering:   1
    After built-in stripping:   1
    After scriptable stripping: 1
    Processed in 0.00 seconds
    starting compilation...
    finished in 0.00 seconds. Local cache hits 1 (0.00s CPU time), remote cache hits 0 (0.00s CPU time), compiled 0 variants (0.00s CPU time), skipped 0 variants
    Prepared data for serialisation in 0.00s
Serialized binary data for shader Hidden/Internal-GUIRoundedRectWithColorPerBorder in 0.00s
    d3d11 (total internal programs: 4, unique: 2)
Compiling shader "Hidden/Internal-UIRDefault" pass "" (vp)
    Full variant space:         2
    After settings filtering:   2
    After built-in stripping:   2
    After scriptable stripping: 2
    Processed in 0.00 seconds
    starting compilation...
    finished in 0.00 seconds. Local cache hits 2 (0.00s CPU time), remote cache hits 0 (0.00s CPU time), compiled 0 variants (0.00s CPU time), skipped 0 variants
    Prepared data for serialisation in 0.00s
Compiling shader "Hidden/Internal-UIRDefault" pass "" (fp)
    Full variant space:         2
    After settings filtering:   2
    After built-in stripping:   2
    After scriptable stripping: 2
    Processed in 0.00 seconds
    starting compilation...
    finished in 0.00 seconds. Local cache hits 2 (0.00s CPU time), remote cache hits 0 (0.00s CPU time), compiled 0 variants (0.00s CPU time), skipped 0 variants
    Prepared data for serialisation in 0.00s
Serialized binary data for shader Hidden/Internal-UIRDefault in 0.00s
    d3d11 (total internal programs: 4, unique: 4)
Compiling shader "Hidden/Internal-UIRAtlasBlitCopy" pass "" (vp)
    Full variant space:         1
    After settings filtering:   1
    After built-in stripping:   1
    After scriptable stripping: 1
    Processed in 0.00 seconds
    starting compilation...
    finished in 0.00 seconds. Local cache hits 1 (0.00s CPU time), remote cache hits 0 (0.00s CPU time), compiled 0 variants (0.00s CPU time), skipped 0 variants
    Prepared data for serialisation in 0.00s
Compiling shader "Hidden/Internal-UIRAtlasBlitCopy" pass "" (fp)
    Full variant space:         1
    After settings filtering:   1
    After built-in stripping:   1
    After scriptable stripping: 1
    Processed in 0.00 seconds
    starting compilation...
    finished in 0.00 seconds. Local cache hits 1 (0.00s CPU time), remote cache hits 0 (0.00s CPU time), compiled 0 variants (0.00s CPU time), skipped 0 variants
    Prepared data for serialisation in 0.00s
Serialized binary data for shader Hidden/Internal-UIRAtlasBlitCopy in 0.00s
    d3d11 (total internal programs: 2, unique: 2)
Compiling shader "Hidden/Internal-UIRDefaultWorld" pass "" (vp)
    Full variant space:         1
    After settings filtering:   1
    After built-in stripping:   1
    After scriptable stripping: 1
    Processed in 0.00 seconds
    starting compilation...
    finished in 0.00 seconds. Local cache hits 1 (0.00s CPU time), remote cache hits 0 (0.00s CPU time), compiled 0 variants (0.00s CPU time), skipped 0 variants
    Prepared data for serialisation in 0.00s
Compiling shader "Hidden/Internal-UIRDefaultWorld" pass "" (fp)
    Full variant space:         1
    After settings filtering:   1
    After built-in stripping:   1
    After scriptable stripping: 1
    Processed in 0.00 seconds
    starting compilation...
    finished in 0.00 seconds. Local cache hits 1 (0.00s CPU time), remote cache hits 0 (0.00s CPU time), compiled 0 variants (0.00s CPU time), skipped 0 variants
    Prepared data for serialisation in 0.00s
Serialized binary data for shader Hidden/Internal-UIRDefaultWorld in 0.00s
    d3d11 (total internal programs: 2, unique: 2)
Compiling shader "Sprites/Default" pass "" (vp)
    Full variant space:         8
    After settings filtering:   8
    After built-in stripping:   4
    After scriptable stripping: 4
    Processed in 0.00 seconds
    starting compilation...
    finished in 0.00 seconds. Local cache hits 4 (0.00s CPU time), remote cache hits 0 (0.00s CPU time), compiled 0 variants (0.00s CPU time), skipped 0 variants
    Prepared data for serialisation in 0.00s
Compiling shader "Sprites/Default" pass "" (fp)
    Full variant space:         8
    After settings filtering:   8
    After built-in stripping:   4
    After scriptable stripping: 4
    Processed in 0.00 seconds
    starting compilation...
    finished in 0.00 seconds. Local cache hits 4 (0.00s CPU time), remote cache hits 0 (0.00s CPU time), compiled 0 variants (0.00s CPU time), skipped 0 variants
    Prepared data for serialisation in 0.00s
Serialized binary data for shader Sprites/Default in 0.00s
    d3d11 (total internal programs: 8, unique: 8)
Compiling shader "Sprites/Mask" pass "" (vp)
    Full variant space:         4
    After settings filtering:   4
    After built-in stripping:   4
    After scriptable stripping: 4
    Processed in 0.00 seconds
    starting compilation...
    finished in 0.00 seconds. Local cache hits 4 (0.00s CPU time), remote cache hits 0 (0.00s CPU time), compiled 0 variants (0.00s CPU time), skipped 0 variants
    Prepared data for serialisation in 0.00s
Compiling shader "Sprites/Mask" pass "" (fp)
    Full variant space:         4
    After settings filtering:   4
    After built-in stripping:   4
    After scriptable stripping: 4
    Processed in 0.00 seconds
    starting compilation...
    finished in 0.00 seconds. Local cache hits 4 (0.00s CPU time), remote cache hits 0 (0.00s CPU time), compiled 0 variants (0.00s CPU time), skipped 0 variants
    Prepared data for serialisation in 0.00s
Serialized binary data for shader Sprites/Mask in 0.00s
    d3d11 (total internal programs: 8, unique: 8)
Compiling shader "UI/Default" pass "Default" (vp)
    Full variant space:         4
    After settings filtering:   4
    After built-in stripping:   4
    After scriptable stripping: 4
    Processed in 0.00 seconds
    starting compilation...
    finished in 0.00 seconds. Local cache hits 4 (0.00s CPU time), remote cache hits 0 (0.00s CPU time), compiled 0 variants (0.00s CPU time), skipped 0 variants
    Prepared data for serialisation in 0.00s
Compiling shader "UI/Default" pass "Default" (fp)
    Full variant space:         4
    After settings filtering:   4
    After built-in stripping:   4
    After scriptable stripping: 4
    Processed in 0.00 seconds
    starting compilation...
    finished in 0.00 seconds. Local cache hits 4 (0.00s CPU time), remote cache hits 0 (0.00s CPU time), compiled 0 variants (0.00s CPU time), skipped 0 variants
    Prepared data for serialisation in 0.00s
Serialized binary data for shader UI/Default in 0.00s
    d3d11 (total internal programs: 8, unique: 8)
Compiling shader "UI/DefaultETC1" pass "Default" (vp)
    Full variant space:         4
    After settings filtering:   4
    After built-in stripping:   4
    After scriptable stripping: 4
    Processed in 0.00 seconds
    starting compilation...
    finished in 0.00 seconds. Local cache hits 4 (0.00s CPU time), remote cache hits 0 (0.00s CPU time), compiled 0 variants (0.00s CPU time), skipped 0 variants
    Prepared data for serialisation in 0.00s
Compiling shader "UI/DefaultETC1" pass "Default" (fp)
    Full variant space:         4
    After settings filtering:   4
    After built-in stripping:   4
    After scriptable stripping: 4
    Processed in 0.00 seconds
    starting compilation...
    finished in 0.00 seconds. Local cache hits 4 (0.00s CPU time), remote cache hits 0 (0.00s CPU time), compiled 0 variants (0.00s CPU time), skipped 0 variants
    Prepared data for serialisation in 0.00s
Serialized binary data for shader UI/DefaultETC1 in 0.00s
    d3d11 (total internal programs: 8, unique: 8)
Compiling shader "Hidden/CubeBlur" pass "" (vp)
    Full variant space:         1
    After settings filtering:   1
    After built-in stripping:   1
    After scriptable stripping: 1
    Processed in 0.00 seconds
    starting compilation...
    finished in 0.00 seconds. Local cache hits 1 (0.00s CPU time), remote cache hits 0 (0.00s CPU time), compiled 0 variants (0.00s CPU time), skipped 0 variants
    Prepared data for serialisation in 0.00s
Compiling shader "Hidden/CubeBlur" pass "" (fp)
    Full variant space:         1
    After settings filtering:   1
    After built-in stripping:   1
    After scriptable stripping: 1
    Processed in 0.00 seconds
    starting compilation...
    finished in 0.00 seconds. Local cache hits 1 (0.00s CPU time), remote cache hits 0 (0.00s CPU time), compiled 0 variants (0.00s CPU time), skipped 0 variants
    Prepared data for serialisation in 0.00s
Compiling shader "Hidden/CubeBlur" pass "" (vp)
    Full variant space:         1
    After settings filtering:   1
    After built-in stripping:   1
    After scriptable stripping: 1
    Processed in 0.00 seconds
    starting compilation...
    finished in 0.00 seconds. Local cache hits 1 (0.00s CPU time), remote cache hits 0 (0.00s CPU time), compiled 0 variants (0.00s CPU time), skipped 0 variants
    Prepared data for serialisation in 0.00s
Compiling shader "Hidden/CubeBlur" pass "" (fp)
    Full variant space:         1
    After settings filtering:   1
    After built-in stripping:   1
    After scriptable stripping: 1
    Processed in 0.00 seconds
    starting compilation...
    finished in 0.00 seconds. Local cache hits 1 (0.00s CPU time), remote cache hits 0 (0.00s CPU time), compiled 0 variants (0.00s CPU time), skipped 0 variants
    Prepared data for serialisation in 0.00s
Serialized binary data for shader Hidden/CubeBlur in 0.00s
    d3d11 (total internal programs: 4, unique: 3)
Compiling shader "Hidden/CubeCopy" pass "" (vp)
    Full variant space:         1
    After settings filtering:   1
    After built-in stripping:   1
    After scriptable stripping: 1
    Processed in 0.00 seconds
    starting compilation...
    finished in 0.00 seconds. Local cache hits 1 (0.00s CPU time), remote cache hits 0 (0.00s CPU time), compiled 0 variants (0.00s CPU time), skipped 0 variants
    Prepared data for serialisation in 0.00s
Compiling shader "Hidden/CubeCopy" pass "" (fp)
    Full variant space:         1
    After settings filtering:   1
    After built-in stripping:   1
    After scriptable stripping: 1
    Processed in 0.00 seconds
    starting compilation...
    finished in 0.00 seconds. Local cache hits 1 (0.00s CPU time), remote cache hits 0 (0.00s CPU time), compiled 0 variants (0.00s CPU time), skipped 0 variants
    Prepared data for serialisation in 0.00s
Compiling shader "Hidden/CubeCopy" pass "" (vp)
    Full variant space:         1
    After settings filtering:   1
    After built-in stripping:   1
    After scriptable stripping: 1
    Processed in 0.00 seconds
    starting compilation...
    finished in 0.00 seconds. Local cache hits 1 (0.00s CPU time), remote cache hits 0 (0.00s CPU time), compiled 0 variants (0.00s CPU time), skipped 0 variants
    Prepared data for serialisation in 0.00s
Compiling shader "Hidden/CubeCopy" pass "" (fp)
    Full variant space:         1
    After settings filtering:   1
    After built-in stripping:   1
    After scriptable stripping: 1
    Processed in 0.00 seconds
    starting compilation...
    finished in 0.00 seconds. Local cache hits 1 (0.00s CPU time), remote cache hits 0 (0.00s CPU time), compiled 0 variants (0.00s CPU time), skipped 0 variants
    Prepared data for serialisation in 0.00s
Serialized binary data for shader Hidden/CubeCopy in 0.00s
    d3d11 (total internal programs: 4, unique: 2)
Compiling shader "Hidden/CubeBlend" pass "" (vp)
    Full variant space:         1
    After settings filtering:   1
    After built-in stripping:   1
    After scriptable stripping: 1
    Processed in 0.00 seconds
    starting compilation...
    finished in 0.00 seconds. Local cache hits 1 (0.00s CPU time), remote cache hits 0 (0.00s CPU time), compiled 0 variants (0.00s CPU time), skipped 0 variants
    Prepared data for serialisation in 0.00s
Compiling shader "Hidden/CubeBlend" pass "" (fp)
    Full variant space:         1
    After settings filtering:   1
    After built-in stripping:   1
    After scriptable stripping: 1
    Processed in 0.00 seconds
    starting compilation...
    finished in 0.00 seconds. Local cache hits 1 (0.00s CPU time), remote cache hits 0 (0.00s CPU time), compiled 0 variants (0.00s CPU time), skipped 0 variants
    Prepared data for serialisation in 0.00s
Compiling shader "Hidden/CubeBlend" pass "" (vp)
    Full variant space:         1
    After settings filtering:   1
    After built-in stripping:   1
    After scriptable stripping: 1
    Processed in 0.00 seconds
    starting compilation...
    finished in 0.00 seconds. Local cache hits 1 (0.00s CPU time), remote cache hits 0 (0.00s CPU time), compiled 0 variants (0.00s CPU time), skipped 0 variants
    Prepared data for serialisation in 0.00s
Compiling shader "Hidden/CubeBlend" pass "" (fp)
    Full variant space:         1
    After settings filtering:   1
    After built-in stripping:   1
    After scriptable stripping: 1
    Processed in 0.00 seconds
    starting compilation...
    finished in 0.00 seconds. Local cache hits 1 (0.00s CPU time), remote cache hits 0 (0.00s CPU time), compiled 0 variants (0.00s CPU time), skipped 0 variants
    Prepared data for serialisation in 0.00s
Serialized binary data for shader Hidden/CubeBlend in 0.00s
    d3d11 (total internal programs: 4, unique: 2)
Compiling shader "Hidden/VR/BlitTexArraySlice" pass "" (vp)
    Full variant space:         1
    After settings filtering:   1
    After built-in stripping:   1
    After scriptable stripping: 1
    Processed in 0.00 seconds
    starting compilation...
    finished in 0.00 seconds. Local cache hits 1 (0.00s CPU time), remote cache hits 0 (0.00s CPU time), compiled 0 variants (0.00s CPU time), skipped 0 variants
    Prepared data for serialisation in 0.00s
Compiling shader "Hidden/VR/BlitTexArraySlice" pass "" (fp)
    Full variant space:         1
    After settings filtering:   1
    After built-in stripping:   1
    After scriptable stripping: 1
    Processed in 0.00 seconds
    starting compilation...
    finished in 0.00 seconds. Local cache hits 1 (0.00s CPU time), remote cache hits 0 (0.00s CPU time), compiled 0 variants (0.00s CPU time), skipped 0 variants
    Prepared data for serialisation in 0.00s
Serialized binary data for shader Hidden/VR/BlitTexArraySlice in 0.00s
    d3d11 (total internal programs: 2, unique: 2)
Compiling shader "Hidden/Internal-ODSWorldTexture" pass "" (vp)
    Full variant space:         1
    After settings filtering:   1
    After built-in stripping:   1
    After scriptable stripping: 1
    Processed in 0.00 seconds
    starting compilation...
    finished in 0.00 seconds. Local cache hits 1 (0.00s CPU time), remote cache hits 0 (0.00s CPU time), compiled 0 variants (0.00s CPU time), skipped 0 variants
    Prepared data for serialisation in 0.00s
Compiling shader "Hidden/Internal-ODSWorldTexture" pass "" (fp)
    Full variant space:         1
    After settings filtering:   1
    After built-in stripping:   1
    After scriptable stripping: 1
    Processed in 0.00 seconds
    starting compilation...
    finished in 0.00 seconds. Local cache hits 1 (0.00s CPU time), remote cache hits 0 (0.00s CPU time), compiled 0 variants (0.00s CPU time), skipped 0 variants
    Prepared data for serialisation in 0.00s
Compiling shader "Hidden/Internal-ODSWorldTexture" pass "" (vp)
    Full variant space:         1
    After settings filtering:   1
    After built-in stripping:   1
    After scriptable stripping: 1
    Processed in 0.00 seconds
    starting compilation...
    finished in 0.00 seconds. Local cache hits 1 (0.00s CPU time), remote cache hits 0 (0.00s CPU time), compiled 0 variants (0.00s CPU time), skipped 0 variants
    Prepared data for serialisation in 0.00s
Compiling shader "Hidden/Internal-ODSWorldTexture" pass "" (fp)
    Full variant space:         1
    After settings filtering:   1
    After built-in stripping:   1
    After scriptable stripping: 1
    Processed in 0.00 seconds
    starting compilation...
    finished in 0.00 seconds. Local cache hits 1 (0.00s CPU time), remote cache hits 0 (0.00s CPU time), compiled 0 variants (0.00s CPU time), skipped 0 variants
    Prepared data for serialisation in 0.00s
Compiling shader "Hidden/Internal-ODSWorldTexture" pass "" (vp)
    Full variant space:         1
    After settings filtering:   1
    After built-in stripping:   1
    After scriptable stripping: 1
    Processed in 0.00 seconds
    starting compilation...
    finished in 0.00 seconds. Local cache hits 1 (0.00s CPU time), remote cache hits 0 (0.00s CPU time), compiled 0 variants (0.00s CPU time), skipped 0 variants
    Prepared data for serialisation in 0.00s
Compiling shader "Hidden/Internal-ODSWorldTexture" pass "" (fp)
    Full variant space:         1
    After settings filtering:   1
    After built-in stripping:   1
    After scriptable stripping: 1
    Processed in 0.00 seconds
    starting compilation...
    finished in 0.00 seconds. Local cache hits 1 (0.00s CPU time), remote cache hits 0 (0.00s CPU time), compiled 0 variants (0.00s CPU time), skipped 0 variants
    Prepared data for serialisation in 0.00s
Compiling shader "Hidden/Internal-ODSWorldTexture" pass "" (vp)
    Full variant space:         1
    After settings filtering:   1
    After built-in stripping:   1
    After scriptable stripping: 1
    Processed in 0.00 seconds
    starting compilation...
    finished in 0.00 seconds. Local cache hits 1 (0.00s CPU time), remote cache hits 0 (0.00s CPU time), compiled 0 variants (0.00s CPU time), skipped 0 variants
    Prepared data for serialisation in 0.00s
Compiling shader "Hidden/Internal-ODSWorldTexture" pass "" (fp)
    Full variant space:         1
    After settings filtering:   1
    After built-in stripping:   1
    After scriptable stripping: 1
    Processed in 0.00 seconds
    starting compilation...
    finished in 0.00 seconds. Local cache hits 1 (0.00s CPU time), remote cache hits 0 (0.00s CPU time), compiled 0 variants (0.00s CPU time), skipped 0 variants
    Prepared data for serialisation in 0.00s
Compiling shader "Hidden/Internal-ODSWorldTexture" pass "" (vp)
    Full variant space:         1
    After settings filtering:   1
    After built-in stripping:   1
    After scriptable stripping: 1
    Processed in 0.00 seconds
    starting compilation...
    finished in 0.00 seconds. Local cache hits 1 (0.00s CPU time), remote cache hits 0 (0.00s CPU time), compiled 0 variants (0.00s CPU time), skipped 0 variants
    Prepared data for serialisation in 0.00s
Compiling shader "Hidden/Internal-ODSWorldTexture" pass "" (fp)
    Full variant space:         1
    After settings filtering:   1
    After built-in stripping:   1
    After scriptable stripping: 1
    Processed in 0.00 seconds
    starting compilation...
    finished in 0.00 seconds. Local cache hits 1 (0.00s CPU time), remote cache hits 0 (0.00s CPU time), compiled 0 variants (0.00s CPU time), skipped 0 variants
    Prepared data for serialisation in 0.00s
Compiling shader "Hidden/Internal-ODSWorldTexture" pass "" (vp)
    Full variant space:         1
    After settings filtering:   1
    After built-in stripping:   1
    After scriptable stripping: 1
    Processed in 0.00 seconds
    starting compilation...
    finished in 0.00 seconds. Local cache hits 1 (0.00s CPU time), remote cache hits 0 (0.00s CPU time), compiled 0 variants (0.00s CPU time), skipped 0 variants
    Prepared data for serialisation in 0.00s
Compiling shader "Hidden/Internal-ODSWorldTexture" pass "" (fp)
    Full variant space:         1
    After settings filtering:   1
    After built-in stripping:   1
    After scriptable stripping: 1
    Processed in 0.00 seconds
    starting compilation...
    finished in 0.00 seconds. Local cache hits 1 (0.00s CPU time), remote cache hits 0 (0.00s CPU time), compiled 0 variants (0.00s CPU time), skipped 0 variants
    Prepared data for serialisation in 0.00s
Compiling shader "Hidden/Internal-ODSWorldTexture" pass "" (vp)
    Full variant space:         1
    After settings filtering:   1
    After built-in stripping:   1
    After scriptable stripping: 1
    Processed in 0.00 seconds
    starting compilation...
    finished in 0.00 seconds. Local cache hits 1 (0.00s CPU time), remote cache hits 0 (0.00s CPU time), compiled 0 variants (0.00s CPU time), skipped 0 variants
    Prepared data for serialisation in 0.00s
Compiling shader "Hidden/Internal-ODSWorldTexture" pass "" (fp)
    Full variant space:         1
    After settings filtering:   1
    After built-in stripping:   1
    After scriptable stripping: 1
    Processed in 0.00 seconds
    starting compilation...
    finished in 0.00 seconds. Local cache hits 1 (0.00s CPU time), remote cache hits 0 (0.00s CPU time), compiled 0 variants (0.00s CPU time), skipped 0 variants
    Prepared data for serialisation in 0.00s
Compiling shader "Hidden/Internal-ODSWorldTexture" pass "" (vp)
    Full variant space:         1
    After settings filtering:   1
    After built-in stripping:   1
    After scriptable stripping: 1
    Processed in 0.00 seconds
    starting compilation...
    finished in 0.00 seconds. Local cache hits 1 (0.00s CPU time), remote cache hits 0 (0.00s CPU time), compiled 0 variants (0.00s CPU time), skipped 0 variants
    Prepared data for serialisation in 0.00s
Compiling shader "Hidden/Internal-ODSWorldTexture" pass "" (fp)
    Full variant space:         1
    After settings filtering:   1
    After built-in stripping:   1
    After scriptable stripping: 1
    Processed in 0.00 seconds
    starting compilation...
    finished in 0.00 seconds. Local cache hits 1 (0.00s CPU time), remote cache hits 0 (0.00s CPU time), compiled 0 variants (0.00s CPU time), skipped 0 variants
    Prepared data for serialisation in 0.00s
Compiling shader "Hidden/Internal-ODSWorldTexture" pass "" (vp)
    Full variant space:         1
    After settings filtering:   1
    After built-in stripping:   1
    After scriptable stripping: 1
    Processed in 0.00 seconds
    starting compilation...
    finished in 0.00 seconds. Local cache hits 1 (0.00s CPU time), remote cache hits 0 (0.00s CPU time), compiled 0 variants (0.00s CPU time), skipped 0 variants
    Prepared data for serialisation in 0.00s
Compiling shader "Hidden/Internal-ODSWorldTexture" pass "" (fp)
    Full variant space:         1
    After settings filtering:   1
    After built-in stripping:   1
    After scriptable stripping: 1
    Processed in 0.00 seconds
    starting compilation...
    finished in 0.00 seconds. Local cache hits 1 (0.00s CPU time), remote cache hits 0 (0.00s CPU time), compiled 0 variants (0.00s CPU time), skipped 0 variants
    Prepared data for serialisation in 0.00s
Compiling shader "Hidden/Internal-ODSWorldTexture" pass "" (vp)
    Full variant space:         1
    After settings filtering:   1
    After built-in stripping:   1
    After scriptable stripping: 1
    Processed in 0.00 seconds
    starting compilation...
    finished in 0.00 seconds. Local cache hits 1 (0.00s CPU time), remote cache hits 0 (0.00s CPU time), compiled 0 variants (0.00s CPU time), skipped 0 variants
    Prepared data for serialisation in 0.00s
Compiling shader "Hidden/Internal-ODSWorldTexture" pass "" (fp)
    Full variant space:         1
    After settings filtering:   1
    After built-in stripping:   1
    After scriptable stripping: 1
    Processed in 0.00 seconds
    starting compilation...
    finished in 0.00 seconds. Local cache hits 1 (0.00s CPU time), remote cache hits 0 (0.00s CPU time), compiled 0 variants (0.00s CPU time), skipped 0 variants
    Prepared data for serialisation in 0.00s
Serialized binary data for shader Hidden/Internal-ODSWorldTexture in 0.00s
    d3d11 (total internal programs: 20, unique: 15)
Compiling shader "Hidden/Internal-CubemapToEquirect" pass "" (vp)
    Full variant space:         1
    After settings filtering:   1
    After built-in stripping:   1
    After scriptable stripping: 1
    Processed in 0.00 seconds
    starting compilation...
    finished in 0.00 seconds. Local cache hits 1 (0.00s CPU time), remote cache hits 0 (0.00s CPU time), compiled 0 variants (0.00s CPU time), skipped 0 variants
    Prepared data for serialisation in 0.00s
Compiling shader "Hidden/Internal-CubemapToEquirect" pass "" (fp)
    Full variant space:         1
    After settings filtering:   1
    After built-in stripping:   1
    After scriptable stripping: 1
    Processed in 0.00 seconds
    starting compilation...
    finished in 0.00 seconds. Local cache hits 1 (0.00s CPU time), remote cache hits 0 (0.00s CPU time), compiled 0 variants (0.00s CPU time), skipped 0 variants
    Prepared data for serialisation in 0.00s
Serialized binary data for shader Hidden/Internal-CubemapToEquirect in 0.00s
    d3d11 (total internal programs: 2, unique: 2)
Compiling shader "Hidden/VR/BlitFromTex2DToTexArraySlice" pass "" (vp)
    Full variant space:         1
    After settings filtering:   1
    After built-in stripping:   1
    After scriptable stripping: 1
    Processed in 0.00 seconds
    starting compilation...
    finished in 0.00 seconds. Local cache hits 1 (0.00s CPU time), remote cache hits 0 (0.00s CPU time), compiled 0 variants (0.00s CPU time), skipped 0 variants
    Prepared data for serialisation in 0.00s
Compiling shader "Hidden/VR/BlitFromTex2DToTexArraySlice" pass "" (fp)
    Full variant space:         1
    After settings filtering:   1
    After built-in stripping:   1
    After scriptable stripping: 1
    Processed in 0.00 seconds
    starting compilation...
    finished in 0.00 seconds. Local cache hits 1 (0.00s CPU time), remote cache hits 0 (0.00s CPU time), compiled 0 variants (0.00s CPU time), skipped 0 variants
    Prepared data for serialisation in 0.00s
Compiling shader "Hidden/VR/BlitFromTex2DToTexArraySlice" pass "" (vp)
    Full variant space:         1
    After settings filtering:   1
    After built-in stripping:   1
    After scriptable stripping: 1
    Processed in 0.00 seconds
    starting compilation...
    finished in 0.00 seconds. Local cache hits 1 (0.00s CPU time), remote cache hits 0 (0.00s CPU time), compiled 0 variants (0.00s CPU time), skipped 0 variants
    Prepared data for serialisation in 0.00s
Compiling shader "Hidden/VR/BlitFromTex2DToTexArraySlice" pass "" (fp)
    Full variant space:         1
    After settings filtering:   1
    After built-in stripping:   1
    After scriptable stripping: 1
    Processed in 0.00 seconds
    starting compilation...
    finished in 0.00 seconds. Local cache hits 1 (0.00s CPU time), remote cache hits 0 (0.00s CPU time), compiled 0 variants (0.00s CPU time), skipped 0 variants
    Prepared data for serialisation in 0.00s
Compiling shader "Hidden/VR/BlitFromTex2DToTexArraySlice" pass "" (gp)
    Full variant space:         1
    After settings filtering:   1
    After built-in stripping:   1
    After scriptable stripping: 1
    Processed in 0.00 seconds
    starting compilation...
    finished in 0.00 seconds. Local cache hits 1 (0.00s CPU time), remote cache hits 0 (0.00s CPU time), compiled 0 variants (0.00s CPU time), skipped 0 variants
    Prepared data for serialisation in 0.00s
Serialized binary data for shader Hidden/VR/BlitFromTex2DToTexArraySlice in 0.00s
    d3d11 (total internal programs: 5, unique: 5)
Compiling shader "Hidden/VideoComposite" pass "Default" (vp)
    Full variant space:         1
    After settings filtering:   1
    After built-in stripping:   1
    After scriptable stripping: 1
    Processed in 0.00 seconds
    starting compilation...
    finished in 0.00 seconds. Local cache hits 1 (0.00s CPU time), remote cache hits 0 (0.00s CPU time), compiled 0 variants (0.00s CPU time), skipped 0 variants
    Prepared data for serialisation in 0.00s
Compiling shader "Hidden/VideoComposite" pass "Default" (fp)
    Full variant space:         1
    After settings filtering:   1
    After built-in stripping:   1
    After scriptable stripping: 1
    Processed in 0.00 seconds
    starting compilation...
    finished in 0.00 seconds. Local cache hits 1 (0.00s CPU time), remote cache hits 0 (0.00s CPU time), compiled 0 variants (0.00s CPU time), skipped 0 variants
    Prepared data for serialisation in 0.00s
Serialized binary data for shader Hidden/VideoComposite in 0.00s
    d3d11 (total internal programs: 2, unique: 2)
Compiling shader "Hidden/VideoDecode" pass "YCbCr_To_RGB1" (vp)
    Full variant space:         2
    After settings filtering:   2
    After built-in stripping:   2
    After scriptable stripping: 2
    Processed in 0.00 seconds
    starting compilation...
    finished in 0.00 seconds. Local cache hits 2 (0.00s CPU time), remote cache hits 0 (0.00s CPU time), compiled 0 variants (0.00s CPU time), skipped 0 variants
    Prepared data for serialisation in 0.00s
Compiling shader "Hidden/VideoDecode" pass "YCbCr_To_RGB1" (fp)
    Full variant space:         2
    After settings filtering:   2
    After built-in stripping:   2
    After scriptable stripping: 2
    Processed in 0.00 seconds
    starting compilation...
    finished in 0.00 seconds. Local cache hits 2 (0.00s CPU time), remote cache hits 0 (0.00s CPU time), compiled 0 variants (0.00s CPU time), skipped 0 variants
    Prepared data for serialisation in 0.00s
Compiling shader "Hidden/VideoDecode" pass "YCbCrA_To_RGBAFull" (vp)
    Full variant space:         2
    After settings filtering:   2
    After built-in stripping:   2
    After scriptable stripping: 2
    Processed in 0.00 seconds
    starting compilation...
    finished in 0.00 seconds. Local cache hits 2 (0.00s CPU time), remote cache hits 0 (0.00s CPU time), compiled 0 variants (0.00s CPU time), skipped 0 variants
    Prepared data for serialisation in 0.00s
Compiling shader "Hidden/VideoDecode" pass "YCbCrA_To_RGBAFull" (fp)
    Full variant space:         2
    After settings filtering:   2
    After built-in stripping:   2
    After scriptable stripping: 2
    Processed in 0.00 seconds
    starting compilation...
    finished in 0.00 seconds. Local cache hits 2 (0.00s CPU time), remote cache hits 0 (0.00s CPU time), compiled 0 variants (0.00s CPU time), skipped 0 variants
    Prepared data for serialisation in 0.00s
Compiling shader "Hidden/VideoDecode" pass "YCbCrA_To_RGBA" (vp)
    Full variant space:         2
    After settings filtering:   2
    After built-in stripping:   2
    After scriptable stripping: 2
    Processed in 0.00 seconds
    starting compilation...
    finished in 0.00 seconds. Local cache hits 2 (0.00s CPU time), remote cache hits 0 (0.00s CPU time), compiled 0 variants (0.00s CPU time), skipped 0 variants
    Prepared data for serialisation in 0.00s
Compiling shader "Hidden/VideoDecode" pass "YCbCrA_To_RGBA" (fp)
    Full variant space:         2
    After settings filtering:   2
    After built-in stripping:   2
    After scriptable stripping: 2
    Processed in 0.00 seconds
    starting compilation...
    finished in 0.00 seconds. Local cache hits 2 (0.00s CPU time), remote cache hits 0 (0.00s CPU time), compiled 0 variants (0.00s CPU time), skipped 0 variants
    Prepared data for serialisation in 0.00s
Compiling shader "Hidden/VideoDecode" pass "Flip_RGBA_To_RGBA" (vp)
    Full variant space:         2
    After settings filtering:   2
    After built-in stripping:   2
    After scriptable stripping: 2
    Processed in 0.00 seconds
    starting compilation...
    finished in 0.00 seconds. Local cache hits 2 (0.00s CPU time), remote cache hits 0 (0.00s CPU time), compiled 0 variants (0.00s CPU time), skipped 0 variants
    Prepared data for serialisation in 0.00s
Compiling shader "Hidden/VideoDecode" pass "Flip_RGBA_To_RGBA" (fp)
    Full variant space:         2
    After settings filtering:   2
    After built-in stripping:   2
    After scriptable stripping: 2
    Processed in 0.00 seconds
    starting compilation...
    finished in 0.00 seconds. Local cache hits 2 (0.00s CPU time), remote cache hits 0 (0.00s CPU time), compiled 0 variants (0.00s CPU time), skipped 0 variants
    Prepared data for serialisation in 0.00s
Compiling shader "Hidden/VideoDecode" pass "Flip_RGBASplit_To_RGBA" (vp)
    Full variant space:         2
    After settings filtering:   2
    After built-in stripping:   2
    After scriptable stripping: 2
    Processed in 0.00 seconds
    starting compilation...
    finished in 0.00 seconds. Local cache hits 2 (0.00s CPU time), remote cache hits 0 (0.00s CPU time), compiled 0 variants (0.00s CPU time), skipped 0 variants
    Prepared data for serialisation in 0.00s
Compiling shader "Hidden/VideoDecode" pass "Flip_RGBASplit_To_RGBA" (fp)
    Full variant space:         2
    After settings filtering:   2
    After built-in stripping:   2
    After scriptable stripping: 2
    Processed in 0.00 seconds
    starting compilation...
    finished in 0.00 seconds. Local cache hits 2 (0.00s CPU time), remote cache hits 0 (0.00s CPU time), compiled 0 variants (0.00s CPU time), skipped 0 variants
    Prepared data for serialisation in 0.00s
Compiling shader "Hidden/VideoDecode" pass "Flip_NV12_To_RGB1" (vp)
    Full variant space:         2
    After settings filtering:   2
    After built-in stripping:   2
    After scriptable stripping: 2
    Processed in 0.00 seconds
    starting compilation...
    finished in 0.00 seconds. Local cache hits 2 (0.00s CPU time), remote cache hits 0 (0.00s CPU time), compiled 0 variants (0.00s CPU time), skipped 0 variants
    Prepared data for serialisation in 0.00s
Compiling shader "Hidden/VideoDecode" pass "Flip_NV12_To_RGB1" (fp)
    Full variant space:         2
    After settings filtering:   2
    After built-in stripping:   2
    After scriptable stripping: 2
    Processed in 0.00 seconds
    starting compilation...
    finished in 0.00 seconds. Local cache hits 2 (0.00s CPU time), remote cache hits 0 (0.00s CPU time), compiled 0 variants (0.00s CPU time), skipped 0 variants
    Prepared data for serialisation in 0.00s
Compiling shader "Hidden/VideoDecode" pass "Flip_NV12_To_RGBA" (vp)
    Full variant space:         2
    After settings filtering:   2
    After built-in stripping:   2
    After scriptable stripping: 2
    Processed in 0.00 seconds
    starting compilation...
    finished in 0.00 seconds. Local cache hits 2 (0.00s CPU time), remote cache hits 0 (0.00s CPU time), compiled 0 variants (0.00s CPU time), skipped 0 variants
    Prepared data for serialisation in 0.00s
Compiling shader "Hidden/VideoDecode" pass "Flip_NV12_To_RGBA" (fp)
    Full variant space:         2
    After settings filtering:   2
    After built-in stripping:   2
    After scriptable stripping: 2
    Processed in 0.00 seconds
    starting compilation...
    finished in 0.00 seconds. Local cache hits 2 (0.00s CPU time), remote cache hits 0 (0.00s CPU time), compiled 0 variants (0.00s CPU time), skipped 0 variants
    Prepared data for serialisation in 0.00s
Compiling shader "Hidden/VideoDecode" pass "Flip_P010_To_RGB1" (vp)
    Full variant space:         1
    After settings filtering:   1
    After built-in stripping:   1
    After scriptable stripping: 1
    Processed in 0.00 seconds
    starting compilation...
    finished in 0.00 seconds. Local cache hits 1 (0.00s CPU time), remote cache hits 0 (0.00s CPU time), compiled 0 variants (0.00s CPU time), skipped 0 variants
    Prepared data for serialisation in 0.00s
Compiling shader "Hidden/VideoDecode" pass "Flip_P010_To_RGB1" (fp)
    Full variant space:         1
    After settings filtering:   1
    After built-in stripping:   1
    After scriptable stripping: 1
    Processed in 0.00 seconds
    starting compilation...
    finished in 0.00 seconds. Local cache hits 1 (0.00s CPU time), remote cache hits 0 (0.00s CPU time), compiled 0 variants (0.00s CPU time), skipped 0 variants
    Prepared data for serialisation in 0.00s
Serialized binary data for shader Hidden/VideoDecode in 0.00s
    d3d11 (total internal programs: 30, unique: 19)
Compiling shader "Hidden/TextCore/Distance Field SSD" pass "" (vp)
    Full variant space:         1
    After settings filtering:   1
    After built-in stripping:   1
    After scriptable stripping: 1
    Processed in 0.00 seconds
    starting compilation...
    finished in 0.00 seconds. Local cache hits 1 (0.00s CPU time), remote cache hits 0 (0.00s CPU time), compiled 0 variants (0.00s CPU time), skipped 0 variants
    Prepared data for serialisation in 0.00s
Compiling shader "Hidden/TextCore/Distance Field SSD" pass "" (fp)
    Full variant space:         1
    After settings filtering:   1
    After built-in stripping:   1
    After scriptable stripping: 1
    Processed in 0.00 seconds
    starting compilation...
    finished in 0.00 seconds. Local cache hits 1 (0.00s CPU time), remote cache hits 0 (0.00s CPU time), compiled 0 variants (0.00s CPU time), skipped 0 variants
    Prepared data for serialisation in 0.00s
Serialized binary data for shader Hidden/TextCore/Distance Field SSD in 0.00s
    d3d11 (total internal programs: 2, unique: 2)
Duplicate assembly 'System.Runtime.CompilerServices.Unsafe.dll' with different versions detected, using 'Packages/com.unity.collections/Unity.Collections.Tests/System.Runtime.CompilerServices.Unsafe/System.Runtime.CompilerServices.Unsafe.dll, AssemblyName=System.Runtime.CompilerServices.Unsafe, Version=6.0.0.0, Culture=neutral, PublicKeyToken=b03f5f7f11d50a3a' and ignoring 'Packages/com.github.homuler.mediapipe/Runtime/Plugins/Protobuf/System.Runtime.CompilerServices.Unsafe.dll, AssemblyName=System.Runtime.CompilerServices.Unsafe, Version=4.0.4.1, Culture=neutral, PublicKeyToken=b03f5f7f11d50a3a'.Starting: C:\Program Files\Unity\Hub\Editor\6000.0.80f1\Editor\Data\bee_backend.exe --ipc --dagfile="Library/Bee/Playere280f36b.dag" --profile="Library/Bee/backend1.traceevents" Player
WorkingDir: D:/KiwiAvatarSystem
ExitCode: 4 Duration: 0s35ms
Starting: C:\Program Files\Unity\Hub\Editor\6000.0.80f1\Editor\Data\Tools\netcorerun\netcorerun.exe "C:\Program Files\Unity\Hub\Editor\6000.0.80f1\Editor\Data\PlaybackEngines\WindowsStandaloneSupport\WinPlayerBuildProgram.exe" "C:/Program Files/Unity/Hub/Editor/6000.0.80f1/Editor/Data/PlaybackEngines/WindowsStandaloneSupport/Bee;C:/Program Files/Unity/Hub/Editor/6000.0.80f1/Editor/Data/Tools/BuildPipeline" "Library/Bee/Playere280f36b.dag.json" "Library/Bee/Playere280f36b-inputdata.json" "Library\Bee\buildprogram0.traceevents"
WorkingDir: D:/KiwiAvatarSystem
DisplayProgressbar: Incremental Player Build
ExitCode: 0 Duration: 0s333ms
Starting: C:\Program Files\Unity\Hub\Editor\6000.0.80f1\Editor\Data\bee_backend.exe --ipc --dagfile="Library/Bee/Playere280f36b.dag" --dagfilejson="Library\Bee\Playere280f36b.dag.json" --profile="Library/Bee/backend2.traceevents" Player
WorkingDir: D:/KiwiAvatarSystem
ExitCode: 0 Duration: 0s387ms
Refreshing native plugins compatible for Editor in 5.72 ms, found 7 plugins.
[KiwiV39ShaderAudit] report=D:\KiwiAvatarSystem\Builds\v44_18_4SpoutUnwrapDiagnostic\KiwiComputeShaderPackagingAudit_v39.json editorInference=1 buildInference=1 inferenceVariants=2 editorMatch=1 buildMatch=1 matchVariants=1
UnityEngine.Debug:ExtractStackTraceNoAlloc (byte*,int,string)
UnityEngine.StackTraceUtility:ExtractStackTrace ()
UnityEngine.DebugLogHandler:Internal_Log (UnityEngine.LogType,UnityEngine.LogOption,string,UnityEngine.Object)
UnityEngine.DebugLogHandler:LogFormat (UnityEngine.LogType,UnityEngine.Object,string,object[])
UnityEngine.Logger:Log (UnityEngine.LogType,object)
UnityEngine.Debug:Log (object)
KiwiComputeShaderPackagingAudit:WriteReport (UnityEditor.Build.Reporting.BuildReport) (at Assets/KiwiAvatarSystem/Editor/KiwiComputeShaderPackagingAudit.cs:464)
KiwiComputeShaderPackagingAudit:OnPostprocessBuild (UnityEditor.Build.Reporting.BuildReport) (at Assets/KiwiAvatarSystem/Editor/KiwiComputeShaderPackagingAudit.cs:185)
UnityEditor.Build.BuildPipelineInterfaces/<>c__DisplayClass20_0:<OnBuildPostProcess>b__1 (UnityEditor.Build.IPostprocessBuildWithReport)
UnityEditor.Build.BuildPipelineInterfaces:InvokeCallbackInterfacesPair<UnityEditor.Build.IPostprocessBuild, UnityEditor.Build.IPostprocessBuildWithReport> (System.Collections.Generic.List`1<UnityEditor.Build.IPostprocessBuild>,System.Action`1<UnityEditor.Build.IPostprocessBuild>,System.Collections.Generic.List`1<UnityEditor.Build.IPostprocessBuildWithReport>,System.Action`1<UnityEditor.Build.IPostprocessBuildWithReport>,bool)
UnityEditor.Build.BuildPipelineInterfaces:OnBuildPostProcess (UnityEditor.Build.Reporting.BuildReport)
UnityEditor.BuildPipeline:BuildPlayerInternalNoCheck (string[],string,string,UnityEditor.BuildTargetGroup,UnityEditor.BuildTarget,int,UnityEditor.BuildOptions,string[],bool)
UnityEditor.BuildPipeline:BuildPlayerInternal (string[],string,string,UnityEditor.BuildTargetGroup,UnityEditor.BuildTarget,int,UnityEditor.BuildOptions,string[])
UnityEditor.BuildPipeline:BuildPlayer (string[],string,string,UnityEditor.BuildTargetGroup,UnityEditor.BuildTarget,int,UnityEditor.BuildOptions,string[])
UnityEditor.BuildPipeline:BuildPlayer (UnityEditor.BuildPlayerOptions)
KiwiStandaloneBuildDiagnostic:BuildWindows64 () (at Assets/KiwiAvatarSystem/Editor/KiwiStandaloneBuildDiagnostic.cs:130)

(Filename: Assets/KiwiAvatarSystem/Editor/KiwiComputeShaderPackagingAudit.cs Line: 464)

Refreshing native plugins compatible for Editor in 3.57 ms, found 7 plugins.
Preloading 1 native plugins for Editor in 0.06 ms.
Asset Pipeline Refresh (id=5bcd8b8414c82c243b80c77ce5a732cd): Total: 0.069 seconds - Initiated by RefreshV2(NoUpdateAssetOptions)
Start importing ProjectSettings/ProjectSettings.asset using Guid(00000000000000004000000000000000) (LibraryAssetImporter) -> (artifact id: 'ecf7795b165c4bbd0ae27f374626fe01') in 0.0032752 seconds
Start importing ProjectSettings/GraphicsSettings.asset using Guid(00000000000000006100000000000000) (LibraryAssetImporter) -> (artifact id: '73a0d0504a18325c463e244f56ec4944') in 0.0029018 seconds
Refreshing native plugins compatible for Editor in 6.03 ms, found 7 plugins.
Preloading 1 native plugins for Editor in 0.07 ms.
Asset Pipeline Refresh (id=c7966d777e5eab241b679665f2f0097b): Total: 0.032 seconds - Initiated by StopAssetImportingV2(NoUpdateAssetOptions)
Total cache size 231230986
Total cache size after purge 231230986, took 00:00:00.1893105
[KiwiAvatarSystem] Standalone Models folder prepared: D:\KiwiAvatarSystem\Builds\v44_18_4SpoutUnwrapDiagnostic\Models
UnityEngine.Debug:ExtractStackTraceNoAlloc (byte*,int,string)
UnityEngine.StackTraceUtility:ExtractStackTrace ()
UnityEngine.DebugLogHandler:Internal_Log (UnityEngine.LogType,UnityEngine.LogOption,string,UnityEngine.Object)
UnityEngine.DebugLogHandler:LogFormat (UnityEngine.LogType,UnityEngine.Object,string,object[])
UnityEngine.Logger:Log (UnityEngine.LogType,object)
UnityEngine.Debug:Log (object)
KiwiAvatarBuildPostprocessor:OnPostprocessBuild (UnityEditor.Build.Reporting.BuildReport) (at Assets/KiwiAvatarSystem/Editor/KiwiAvatarBuildPostprocessor.cs:44)
UnityEditor.Build.BuildPipelineInterfaces/<>c__DisplayClass20_0:<OnBuildPostProcess>b__1 (UnityEditor.Build.IPostprocessBuildWithReport)
UnityEditor.Build.BuildPipelineInterfaces:InvokeCallbackInterfacesPair<UnityEditor.Build.IPostprocessBuild, UnityEditor.Build.IPostprocessBuildWithReport> (System.Collections.Generic.List`1<UnityEditor.Build.IPostprocessBuild>,System.Action`1<UnityEditor.Build.IPostprocessBuild>,System.Collections.Generic.List`1<UnityEditor.Build.IPostprocessBuildWithReport>,System.Action`1<UnityEditor.Build.IPostprocessBuildWithReport>,bool)
UnityEditor.Build.BuildPipelineInterfaces:OnBuildPostProcess (UnityEditor.Build.Reporting.BuildReport)
UnityEditor.BuildPipeline:BuildPlayerInternalNoCheck (string[],string,string,UnityEditor.BuildTargetGroup,UnityEditor.BuildTarget,int,UnityEditor.BuildOptions,string[],bool)
UnityEditor.BuildPipeline:BuildPlayerInternal (string[],string,string,UnityEditor.BuildTargetGroup,UnityEditor.BuildTarget,int,UnityEditor.BuildOptions,string[])
UnityEditor.BuildPipeline:BuildPlayer (string[],string,string,UnityEditor.BuildTargetGroup,UnityEditor.BuildTarget,int,UnityEditor.BuildOptions,string[])
UnityEditor.BuildPipeline:BuildPlayer (UnityEditor.BuildPlayerOptions)
KiwiStandaloneBuildDiagnostic:BuildWindows64 () (at Assets/KiwiAvatarSystem/Editor/KiwiStandaloneBuildDiagnostic.cs:130)

(Filename: Assets/KiwiAvatarSystem/Editor/KiwiAvatarBuildPostprocessor.cs Line: 44)

Refreshing native plugins compatible for Editor in 4.62 ms, found 7 plugins.
Preloading 1 native plugins for Editor in 0.05 ms.

-------------------------------------------------------------------------------
Build Report
Uncompressed usage by category (Percentages based on user generated assets only):
Textures               5.4 mb	 7.2% 
Meshes                 58.2 mb	 77.4% 
Animations             0.0 kb	 0.0% 
Sounds                 19.0 kb	 0.0% 
Shaders                725.4 kb	 0.9% 
Other Assets           10.6 mb	 14.1% 
Levels                 0.0 kb	 0.0% 
File headers           82.4 kb	 0.1% 
Total User Assets      75.2 mb	 100.0% 
Complete build size    263.3 mb
Used Assets and files from the Resources folder, sorted by uncompressed size:
 58.2 mb	 22.1% Assets/Models/uni_kiwi_textured_rigged.Meshes/geometry_0.baked.asset
 5.8 mb	 2.2% Assets/KiwiAvatarSystem/Resources/KiwiFaceLandmarkInference.onnx
 3.2 mb	 1.2% Packages/com.unity.ai.inference/Runtime/Core/Resources/Sentis/ComputeShaders/ConvGeneric.compute
 2.7 mb	 1.0% Built-in Texture2D: Splash Screen Unity Logo
 1.3 mb	 0.5% Packages/com.github.homuler.mediapipe/Tests/Resources/thumb-up.jpg
 682.8 kb	 0.3% Assets/Models/uni_kiwi_textured_rigged.Textures/KiwiSkin.png
 668.2 kb	 0.2% Resources/unity_builtin_extra
 578.3 kb	 0.2% Assets/MediaPipeUnity/Samples/External/FontAwesome/Fonts/Font Awesome 5 Free-Solid-900.otf
 225.8 kb	 0.1% Packages/com.unity.ai.inference/Runtime/Core/Resources/Sentis/ComputeShaders/Dense.compute
 220.9 kb	 0.1% Packages/com.unity.ai.inference/Runtime/Core/Resources/Sentis/PixelShaders/ConvTranspose.shader
 170.8 kb	 0.1% Packages/com.github.homuler.mediapipe/Tests/Resources/lenna.png
 111.4 kb	 0.0% Packages/com.unity.ai.inference/Runtime/Core/Resources/Sentis/ComputeShaders/Compute.Shaders.Broadcast.gen.compute
 90.3 kb	 0.0% Packages/com.unity.ai.inference/Runtime/Core/Resources/Sentis/ComputeShaders/Compute.Shaders.Reduction.gen.compute
 68.4 kb	 0.0% Packages/com.unity.ai.inference/Runtime/Core/Resources/Sentis/ComputeShaders/Compute.Shaders.Conv.gen.compute
 52.7 kb	 0.0% Packages/com.unity.ai.inference/Runtime/Core/Resources/Sentis/ComputeShaders/GridSample.compute
 43.3 kb	 0.0% Packages/com.unity.ai.inference/Runtime/Core/Resources/Sentis/ComputeShaders/Compute.Shaders.PointwiseUnary.gen.compute
 43.1 kb	 0.0% Packages/com.unity.ai.inference/Runtime/Core/Resources/Sentis/ComputeShaders/Compute.Shaders.ConvTranspose.gen.compute
 36.6 kb	 0.0% Assets/MediaPipeUnity/Samples/Scenes/Face Landmark Detection/Face Landmark Detection Config Window.prefab
 27.8 kb	 0.0% Packages/com.unity.ai.inference/Runtime/Core/Resources/Sentis/ComputeShaders/DepthwiseConv.compute
 25.2 kb	 0.0% Assets/MediaPipeUnity/Samples/UI/Objects/ImageSource Config Window.prefab
 24.9 kb	 0.0% Packages/com.unity.dt.app-ui/PackageResources/Shaders/Box.shader
 24.0 kb	 0.0% Packages/com.unity.ai.inference/Runtime/Core/Resources/Sentis/ComputeShaders/Pool.compute
 19.0 kb	 0.0% Packages/com.github.homuler.mediapipe/Tests/Resources/prison-cell-door.mp3
 18.6 kb	 0.0% Packages/com.unity.ai.inference/Runtime/Core/Resources/Sentis/ComputeShaders/WindowedDFTMatrix.compute
 17.8 kb	 0.0% Packages/com.unity.ai.inference/Runtime/Core/Resources/Sentis/ComputeShaders/GemmT.compute
 17.5 kb	 0.0% Packages/com.unity.ai.inference/Runtime/Core/Resources/Sentis/ComputeShaders/Compute.Shaders.ReductionUnrolled.gen.compute
 15.5 kb	 0.0% Packages/com.unity.ai.inference/Runtime/Core/Resources/Sentis/ComputeShaders/Resize.compute
 14.8 kb	 0.0% Packages/com.unity.ai.inference/Runtime/Core/Resources/Sentis/ComputeShaders/RoiAlign.compute
 13.3 kb	 0.0% Packages/com.unity.ai.inference/Runtime/Core/Resources/Sentis/PixelShaders/GridSample.shader
 13.2 kb	 0.0% Packages/jp.keijiro.klak.spout/Runtime/Internal/Blit.shader
 12.9 kb	 0.0% Packages/com.unity.ai.inference/Runtime/Core/Resources/Sentis/ComputeShaders/CompareOps.compute
 12.8 kb	 0.0% Packages/com.unity.ai.inference/Runtime/Core/Resources/Sentis/ComputeShaders/RNN.compute
 12.2 kb	 0.0% Packages/com.unity.ai.inference/Runtime/Core/Resources/Sentis/PixelShaders/Activation.shader
 11.7 kb	 0.0% Packages/com.unity.ai.inference/Runtime/Core/Resources/Sentis/PixelShaders/Broadcast.shader
 11.4 kb	 0.0% Packages/com.unity.ai.inference/Runtime/Core/Resources/Sentis/PixelShaders/ScatterElements.shader
 11.2 kb	 0.0% Packages/com.unity.ai.inference/Runtime/Core/Resources/Sentis/PixelShaders/STFT.shader
 10.9 kb	 0.0% Packages/com.unity.ai.inference/Runtime/Core/Resources/Sentis/ComputeShaders/ReferenceImpl.IndexingOpsA.compute
 10.2 kb	 0.0% Packages/com.unity.ai.inference/Runtime/Core/Resources/Sentis/ComputeShaders/ScatterOps.compute
 10.1 kb	 0.0% Packages/com.unity.ai.inference/Runtime/Core/Resources/Sentis/ComputeShaders/CopyOps.compute
 9.6 kb	 0.0% Packages/com.unity.ai.inference/Runtime/Core/Resources/Sentis/PixelShaders/GroupedConv.shader
 8.8 kb	 0.0% Packages/com.unity.ai.inference/Runtime/Core/Resources/Sentis/PixelShaders/Conv.shader
 8.6 kb	 0.0% Packages/com.unity.ai.inference/Runtime/Core/Resources/Sentis/TextureConversion/TensorToTexture.compute
 8.3 kb	 0.0% Packages/com.unity.ai.inference/Runtime/Core/Resources/Sentis/TextureConversion/TextureToTensor.compute
 8.0 kb	 0.0% Packages/com.unity.ai.inference/Runtime/Core/Resources/Sentis/ComputeShaders/ReferenceImpl.PadA.compute
 8.0 kb	 0.0% Packages/com.unity.dt.app-ui/PackageResources/Shaders/ColorSwatch.shader
 7.9 kb	 0.0% Packages/com.unity.ai.inference/Runtime/Core/Resources/Sentis/ComputeShaders/NMS.compute
 7.8 kb	 0.0% Assets/Models/uni_kiwi_textured_rigged.Avatar/VrmAvatar.asset
 7.7 kb	 0.0% Packages/com.unity.ai.inference/Runtime/Core/Resources/Sentis/ComputeShaders/SortingOps.compute
 7.5 kb	 0.0% Packages/com.unity.ai.inference/Runtime/Core/Resources/Sentis/ComputeShaders/ReduceIndices.compute
 7.5 kb	 0.0% Packages/com.unity.ai.inference/Runtime/Core/Resources/Sentis/PixelShaders/DepthwiseConv.shader
 7.2 kb	 0.0% Packages/com.unity.ai.inference/Runtime/Core/Resources/Sentis/PixelShaders/ScatterND.shader
 7.2 kb	 0.0% Packages/com.unity.ai.inference/Runtime/Core/Resources/Sentis/ComputeShaders/CumSum.compute
 7.1 kb	 0.0% Assets/Shader/FacePartSoftMask.shader
 7.1 kb	 0.0% Packages/com.unity.ai.inference/Runtime/Core/Resources/Sentis/TextureConversion/TensorToTexture.shader
 7.0 kb	 0.0% Packages/com.unity.ai.inference/Runtime/Core/Resources/Sentis/ComputeShaders/Random.compute
 6.9 kb	 0.0% Packages/com.unity.ai.inference/Runtime/Core/Resources/Sentis/PixelShaders/GatherElements.shader
 6.8 kb	 0.0% Packages/com.unity.ai.inference/Runtime/Core/Resources/Sentis/PixelShaders/WindowedDFTMatrix.shader
 6.7 kb	 0.0% Packages/com.unity.ai.inference/Runtime/Core/Resources/Sentis/PixelShaders/RoiAlign.shader
 6.6 kb	 0.0% Packages/com.unity.ai.inference/Runtime/Core/Resources/Sentis/PixelShaders/SliceSet.shader
 6.4 kb	 0.0% Packages/com.unity.ai.inference/Runtime/Core/Resources/Sentis/PixelShaders/Upsample.shader
 6.4 kb	 0.0% Packages/com.unity.ai.inference/Runtime/Core/Resources/Sentis/PixelShaders/Reduce.shader
 6.3 kb	 0.0% Assets/MediaPipeUnity/Samples/UI/Objects/Solution Menu.prefab
 6.3 kb	 0.0% Packages/com.unity.ai.inference/Runtime/Core/Resources/Sentis/PixelShaders/Pad.shader
 6.1 kb	 0.0% Packages/com.unity.ai.inference/Runtime/Core/Resources/Sentis/ComputeShaders/ReferenceImpl.PoolA.compute
 6.1 kb	 0.0% Packages/com.unity.ai.inference/Runtime/Core/Resources/Sentis/PixelShaders/GatherND.shader
 6.0 kb	 0.0% Packages/com.unity.ai.inference/Runtime/Core/Resources/Sentis/PixelShaders/Random.shader
 6.0 kb	 0.0% Packages/com.unity.ai.inference/Runtime/Core/Resources/Sentis/ComputeShaders/Normalization.compute
 5.9 kb	 0.0% Packages/com.unity.ai.inference/Runtime/Core/Resources/Sentis/TextureConversion/TextureToTensor.shader
 5.9 kb	 0.0% Packages/com.unity.dt.app-ui/PackageResources/Shaders/CircularProgress.shader
 5.5 kb	 0.0% Packages/com.unity.ai.inference/Runtime/Core/Resources/Sentis/PixelShaders/Gather.shader
 5.4 kb	 0.0% Packages/com.unity.dt.app-ui/PackageResources/Shaders/LinearProgress.shader
 5.3 kb	 0.0% Packages/com.unity.ai.inference/Runtime/Core/Resources/Sentis/PixelShaders/DepthToSpace.shader
 5.1 kb	 0.0% Packages/com.unity.ai.inference/Runtime/Core/Resources/Sentis/PixelShaders/LocalPool.shader
 5.1 kb	 0.0% Packages/com.unity.ai.inference/Runtime/Core/Resources/Sentis/ComputeShaders/LogicalOps.compute
 5.0 kb	 0.0% Packages/com.unity.dt.app-ui/PackageResources/Shaders/ColorWheel.shader
 5.0 kb	 0.0% Packages/com.unity.ai.inference/Runtime/Core/Resources/Sentis/PixelShaders/Slice.shader
 4.9 kb	 0.0% Packages/com.unity.ai.inference/Runtime/Core/Resources/Sentis/PixelShaders/Dense.shader
 4.9 kb	 0.0% Packages/com.unity.ai.inference/Runtime/Core/Resources/Sentis/PixelShaders/CumSum.shader
 4.9 kb	 0.0% Packages/com.unity.ai.inference/Runtime/Core/Resources/Sentis/PixelShaders/SpaceToDepth.shader
 4.8 kb	 0.0% Packages/com.unity.dt.app-ui/PackageResources/Shaders/Mask.shader
 4.8 kb	 0.0% Packages/com.unity.ai.inference/Runtime/Core/Resources/Sentis/PixelShaders/Split.shader
 4.7 kb	 0.0% Packages/com.unity.ai.inference/Runtime/Core/Resources/Sentis/TextureConversion/ComputeBufferToTexture.shader
 4.7 kb	 0.0% Packages/com.unity.ai.inference/Runtime/Core/Resources/Sentis/PixelShaders/Reshape.shader
 4.7 kb	 0.0% Packages/com.unity.ai.inference/Runtime/Core/Resources/Sentis/PixelShaders/ReduceIndices.shader
 4.7 kb	 0.0% Packages/com.unity.ai.inference/Runtime/Core/Resources/Sentis/PixelShaders/TextureTensorDataDownload.shader
 4.6 kb	 0.0% Packages/com.unity.ai.inference/Runtime/Core/Resources/Sentis/PixelShaders/LayoutSwitchBlockedAxis.shader
 4.5 kb	 0.0% Packages/com.unity.ai.inference/Runtime/Core/Resources/Sentis/PixelShaders/Where.shader
 4.5 kb	 0.0% Packages/com.unity.ai.inference/Runtime/Core/Resources/Sentis/PixelShaders/TextureTensorDataUpload.shader
 4.5 kb	 0.0% Packages/com.unity.ai.inference/Runtime/Core/Resources/Sentis/PixelShaders/Gemm.shader
 4.5 kb	 0.0% Packages/com.unity.ai.inference/Runtime/Core/Resources/Sentis/PixelShaders/ActivationInt.shader
 4.4 kb	 0.0% Packages/com.unity.dt.app-ui/PackageResources/Shaders/CanvasBackground.shader
 4.3 kb	 0.0% Packages/com.unity.ai.inference/Runtime/Core/Resources/Sentis/PixelShaders/BatchNormalization.shader
 4.3 kb	 0.0% Packages/com.unity.ai.inference/Runtime/Core/Resources/Sentis/PixelShaders/Resize1D.shader
 4.3 kb	 0.0% Packages/com.unity.ai.inference/Runtime/Core/Resources/Sentis/PixelShaders/MatMul.shader
 4.2 kb	 0.0% Assets/UniGLTF/Resources/UniGLTF/StandardMapImporter.shader
 4.2 kb	 0.0% Packages/com.unity.ai.inference/Runtime/Core/Resources/Sentis/PixelShaders/InstanceNormalizationTail.shader
 4.2 kb	 0.0% Packages/com.unity.ai.inference/Runtime/Core/Resources/Sentis/PixelShaders/Softmax.shader
 4.2 kb	 0.0% Packages/com.unity.ai.inference/Runtime/Core/Resources/Sentis/PixelShaders/LayerNormalizationTail.shader
 4.2 kb	 0.0% Packages/com.unity.ai.inference/Runtime/Core/Resources/Sentis/PixelShaders/ScaleBias.shader
 4.1 kb	 0.0% Packages/com.unity.ai.inference/Runtime/Core/Resources/Sentis/ComputeShaders/IndexingOps.compute
 4.1 kb	 0.0% Packages/com.unity.ai.inference/Runtime/Core/Resources/Sentis/PixelShaders/GlobalPool.shader
 4.1 kb	 0.0% Packages/com.unity.ai.inference/Runtime/Core/Resources/Sentis/PixelShaders/Trilu.shader
 3.9 kb	 0.0% Packages/com.unity.ai.inference/Runtime/Core/Resources/Sentis/PixelShaders/MelWeightMatrix.shader
 3.9 kb	 0.0% Assets/UniGLTF/Resources/UniGLTF/StandardMapExporter.shader
 3.9 kb	 0.0% Packages/com.unity.ai.inference/Runtime/Core/Resources/Sentis/PixelShaders/OneHot.shader
 3.9 kb	 0.0% Packages/com.unity.ai.inference/Runtime/Core/Resources/Sentis/PixelShaders/RMSNormalizationTail.shader
 3.9 kb	 0.0% Packages/com.unity.ai.inference/Runtime/Core/Resources/Sentis/ComputeShaders/ImageBased.compute
 3.9 kb	 0.0% Packages/com.unity.ai.inference/Runtime/Core/Resources/Sentis/PixelShaders/Tile.shader
 3.9 kb	 0.0% Packages/com.unity.ai.inference/Runtime/Core/Resources/Sentis/PixelShaders/ReduceExpBias.shader
 3.9 kb	 0.0% Packages/com.unity.ai.inference/Runtime/Core/Resources/Sentis/PixelShaders/Expand.shader
 3.8 kb	 0.0% Packages/com.unity.ai.inference/Runtime/Core/Resources/Sentis/PixelShaders/SpectralWindow.shader
 3.8 kb	 0.0% Packages/com.unity.ai.inference/Runtime/Core/Resources/Sentis/PixelShaders/TopP.shader
 3.8 kb	 0.0% Packages/com.unity.ai.inference/Runtime/Core/Resources/Sentis/PixelShaders/IsInfNaN.shader
 3.8 kb	 0.0% Packages/com.unity.ai.inference/Runtime/Core/Resources/Sentis/ComputeShaders/BitonicSort.compute
 3.8 kb	 0.0% Packages/com.unity.ai.inference/Runtime/Core/Resources/Sentis/PixelShaders/Transpose.shader
 3.7 kb	 0.0% Assets/KiwiAvatarSystem/Resources/KiwiInferenceFaceCrop.shader
 3.7 kb	 0.0% Packages/com.unity.ai.inference/Runtime/Core/Resources/Sentis/ComputeShaders/Spectral.compute
 3.7 kb	 0.0% Packages/com.unity.ai.inference/Runtime/Core/Resources/Sentis/PixelShaders/ScalarMad.shader
 3.7 kb	 0.0% Packages/com.unity.ai.inference/Runtime/Core/Resources/Sentis/PixelShaders/Cast.shader
 3.6 kb	 0.0% Packages/com.unity.ai.inference/Runtime/Core/Resources/Sentis/PixelShaders/Copy.shader
 3.6 kb	 0.0% Packages/com.unity.ai.inference/Runtime/Core/Resources/Sentis/PixelShaders/Hardmax.shader
 3.6 kb	 0.0% Packages/com.unity.ai.inference/Runtime/Core/Resources/Sentis/PixelShaders/Range.shader
 3.6 kb	 0.0% Packages/com.unity.dt.app-ui/PackageResources/Shaders/SVSquare.shader
 3.5 kb	 0.0% Packages/com.unity.ai.inference/Runtime/Core/Resources/Sentis/ComputeShaders/ReferenceImpl.Einsum.compute
 3.5 kb	 0.0% Assets/UniGLTF/Resources/UniGLTF/NormalMapExporter.shader
 3.4 kb	 0.0% Packages/com.unity.ai.inference/Runtime/Core/Resources/Sentis/PixelShaders/ConstantOfShape.shader
 3.0 kb	 0.0% Assets/KiwiAvatarSystem/Resources/KiwiFacePartBlockMatch.compute
 2.9 kb	 0.0% Packages/com.github.homuler.mediapipe/PackageResources/Prefabs/FaceLandmarkListWithIris Annotation.prefab
 2.6 kb	 0.0% Packages/com.unity.ai.inference/Runtime/Core/Resources/Sentis/ComputeShaders/ReferenceImpl.GenericA.compute
 2.5 kb	 0.0% Packages/com.unity.ai.inference/Runtime/Core/Resources/Sentis/ComputeShaders/AxisActivations.compute
 2.4 kb	 0.0% Assets/Resources/PerformanceTestRunInfo.json
 2.3 kb	 0.0% Assets/MediaPipeUnity/Samples/UI/Objects/Solution Row.prefab
 2.0 kb	 0.0% Packages/com.unity.ai.inference/Runtime/Core/Resources/Sentis/ComputeShaders/ReferenceImpl.compute
 1.6 kb	 0.0% Packages/com.unity.ai.inference/Runtime/Core/Resources/Sentis/ComputeShaders/ReferenceImpl.Logical.compute
 1.1 kb	 0.0% Assets/Models/uni_kiwi_textured_rigged.AvatarDescription/AvatarDescription.asset
 0.9 kb	 0.0% Assets/Material/FacePartMaterial.mat
 0.9 kb	 0.0% Assets/Models/uni_kiwi_textured_rigged.Materials/KiwiSkinMaterial.asset
 0.8 kb	 0.0% Assets/KiwiAvatarSystem/Resources/KiwiOrtDmlTensorize.compute
 0.6 kb	 0.0% Packages/com.github.homuler.mediapipe/PackageResources/Prefabs/Connection Annotation.prefab
 0.6 kb	 0.0% Packages/com.github.homuler.mediapipe/PackageResources/Materials/Line.mat
 0.5 kb	 0.0% Packages/com.github.homuler.mediapipe/PackageResources/Materials/SolidMaterial.mat
 0.4 kb	 0.0% Assets/UniGLTF/Runtime/UniHumanoid/Resources/UniHumanoid/T-Pose.pose.asset
 0.4 kb	 0.0% Packages/com.github.homuler.mediapipe/PackageResources/Prefabs/Point Annotation.prefab
 0.4 kb	 0.0% Built-in Sprite: 
 0.4 kb	 0.0% Packages/com.unity.dt.app-ui/PackageResources/Shaders/App UI Shaders.shadervariants
 0.3 kb	 0.0% Assets/MediaPipeUnity/Samples/Scenes/AppSettings.asset
 0.2 kb	 0.0% Assets/Models/uni_kiwi_textured_rigged.BlendShapes/BlendShape.asset
 0.2 kb	 0.0% Packages/com.unity.ai.inference/Runtime/Tokenization/SplitDelimiterBehaviors/SplitDelimiterMergeWithPrevious.cs
 0.2 kb	 0.0% Packages/com.unity.ai.inference/Runtime/Tokenization/SplitDelimiterBehaviors/SplitDelimiterMergeWithNext.cs
 0.2 kb	 0.0% Packages/com.unity.ai.inference/Runtime/Tokenization/PreTokenizers/ByteLevelPreTokenizer.DefaultSplitter.cs
 0.2 kb	 0.0% Packages/com.unity.ai.inference/Runtime/Tokenization/SplitDelimiterBehaviors/SplitDelimiterIsolate.cs
 0.2 kb	 0.0% Packages/com.unity.ai.inference/Runtime/Tokenization/SplitDelimiterBehaviors/SplitDelimiterContiguous.cs
 0.2 kb	 0.0% Packages/com.unity.mathematics/Unity.Mathematics/Il2CppEagerStaticClassConstructionAttribute.cs
 0.2 kb	 0.0% Packages/com.unity.ai.inference/Runtime/Tokenization/Truncators/RightDirectionRangeGenerator.cs
 0.2 kb	 0.0% Packages/com.unity.ai.inference/Runtime/Tokenization/Truncators/LeftDirectionRangeGenerator.cs
 0.2 kb	 0.0% Packages/com.unity.ai.inference/Runtime/Core/Compiler/Passes/PreComputeWindowedDFTMatrixPass.cs
 0.2 kb	 0.0% Packages/com.github.homuler.mediapipe/Runtime/Scripts/Protobuf/Tasks/Vision/GestureRecognizer/Proto/HandGestureRecognizerGraphOptions.cs
 0.2 kb	 0.0% Assets/KiwiAvatarSystem/Runtime/Validation/KiwiInferenceReadbackBoundaryDiagnostics.cs
 0.2 kb	 0.0% Packages/com.unity.ai.inference/Runtime/Tokenization/SplitDelimiterBehaviors/SplitDelimiterRemove.cs
 0.2 kb	 0.0% Packages/com.unity.ai.inference/Runtime/Tokenization/PostProcessors/TemplatePostProcessor.cs
 0.2 kb	 0.0% Packages/com.unity.ai.inference/Runtime/Tokenization/PostProcessors/ByteLevelPostProcessor.cs
 0.2 kb	 0.0% Packages/com.github.homuler.mediapipe/Runtime/Scripts/Protobuf/Tasks/Vision/PoseLandmarker/Proto/PoseLandmarksDetectorGraphOptions.cs
 0.2 kb	 0.0% Packages/com.github.homuler.mediapipe/Runtime/Scripts/Protobuf/Tasks/Vision/HandLandmarker/Proto/HandLandmarksDetectorGraphOptions.cs
 0.2 kb	 0.0% Packages/com.github.homuler.mediapipe/Runtime/Scripts/Protobuf/Tasks/Vision/FaceLandmarker/Proto/FaceLandmarksDetectorGraphOptions.cs
 0.2 kb	 0.0% Assets/MediaPipeUnity/Samples/Scenes/Face Landmark Detection/FaceLandmarkDetectionConfigWindow.cs
 0.2 kb	 0.0% Packages/com.unity.ai.inference/Runtime/Tokenization/Truncators/LongestFirstTruncator.cs
 0.2 kb	 0.0% Packages/com.unity.ai.inference/Runtime/Tokenization/PreTokenizers/RegexSplitPreTokenizer.cs
 0.2 kb	 0.0% Packages/com.unity.ai.inference/Runtime/Tokenization/PreTokenizers/ByteLevelPreTokenizer.cs
 0.2 kb	 0.0% Packages/com.unity.ai.inference/Runtime/Tokenization/Normalizers/RegexReplaceNormalizer.cs
 0.2 kb	 0.0% Packages/com.unity.ai.inference/Runtime/Core/Compiler/Passes/ContractToSimplerLayerPass.cs
 0.2 kb	 0.0% Packages/com.unity.ai.inference/Runtime/Core/Compiler/Passes/ContractSubExpressionsPass.cs
 0.2 kb	 0.0% Packages/com.unity.ai.inference/Runtime/Core/Compiler/Passes/ConcatenateTransposesPass.cs
 0.2 kb	 0.0% Packages/com.github.homuler.mediapipe/Runtime/Scripts/Protobuf/Tasks/Vision/HolisticLandmarker/Proto/HolisticLandmarkerGraphOptions.cs
 0.2 kb	 0.0% Packages/com.github.homuler.mediapipe/Runtime/Scripts/Protobuf/Tasks/Vision/GestureRecognizer/Proto/GestureRecognizerGraphOptions.cs
 0.2 kb	 0.0% Packages/com.github.homuler.mediapipe/Runtime/Scripts/Protobuf/Tasks/Vision/GestureRecognizer/Proto/GestureClassifierGraphOptions.cs
 0.2 kb	 0.0% Packages/com.unity.collections/Unity.Collections/GenerateTestsForBurstCompatibilityAttribute.cs
 0.2 kb	 0.0% Packages/com.unity.ai.inference/Runtime/Tokenization/PostProcessors/RobertaPostProcessor.cs
 0.2 kb	 0.0% Packages/com.unity.ai.inference/Runtime/Tokenization/PostProcessors/DefaultPostProcessor.cs
 0.2 kb	 0.0% Packages/com.unity.ai.inference/Runtime/Tokenization/Padding/FixedPaddingSizeProvider.cs
 0.2 kb	 0.0% Packages/com.unity.ai.inference/Runtime/Tokenization/Padding/DirectionalPaddingBase.cs
 0.2 kb	 0.0% Packages/com.unity.ai.inference/Runtime/Tokenization/Padding/BatchLongestSizeProvider.cs
 0.2 kb	 0.0% Packages/com.github.homuler.mediapipe/Runtime/Scripts/Protobuf/Tasks/Vision/HandLandmarker/Proto/HandRoiRefinementGraphOptions.cs
 0.2 kb	 0.0% Assets/MediaPipeUnity/Samples/Resources/Bootstrap.prefab
 0.2 kb	 0.0% Packages/com.unity.ai.inference/Runtime/Tokenization/Truncators/StrategicTruncator.cs
 0.2 kb	 0.0% Packages/com.unity.ai.inference/Runtime/Tokenization/Truncators/RangeGeneratorBase.cs
 0.2 kb	 0.0% Packages/com.unity.ai.inference/Runtime/Tokenization/PreTokenizers/SequencePreTokenizer.cs
 0.2 kb	 0.0% Packages/com.unity.ai.inference/Runtime/Tokenization/PreTokenizers/DefaultPreTokenizer.cs
 0.2 kb	 0.0% Packages/com.unity.ai.inference/Runtime/Tokenization/Normalizers/UnicodeNormalizer.cs
 0.2 kb	 0.0% Packages/com.unity.ai.inference/Runtime/Tokenization/Normalizers/SequenceNormalizer.cs
 0.2 kb	 0.0% Packages/com.unity.ai.inference/Runtime/Tokenization/Normalizers/ReplaceNormalizer.cs
 0.2 kb	 0.0% Packages/com.unity.ai.inference/Runtime/Tokenization/Normalizers/PrependNormalizer.cs
 0.2 kb	 0.0% Packages/com.unity.ai.inference/Runtime/Tokenization/Normalizers/DefaultNormalizer.cs
 0.2 kb	 0.0% Packages/com.unity.ai.inference/Runtime/Tokenization/Mappers/BpeMapper.CharToTokenConverter.cs
 0.2 kb	 0.0% Packages/com.unity.ai.inference/Runtime/Tokenization/Mappers/BpeMapper.ByteToTokenConverter.cs
 0.2 kb	 0.0% Packages/com.unity.ai.inference/Runtime/Core/Compiler/Passes/SimplifyReshapeInputPass.cs
 0.2 kb	 0.0% Packages/com.unity.ai.inference/Runtime/Core/Compiler/Passes/RoundDenormalWeightsPass.cs
 0.2 kb	 0.0% Packages/com.github.homuler.mediapipe/Runtime/Scripts/Unity/Annotation/PoseWorldLandmarkListAnnotationController.cs
 0.2 kb	 0.0% Packages/com.github.homuler.mediapipe/Runtime/Scripts/Unity/Annotation/NormalizedLandmarkListAnnotationController.cs
 0.2 kb	 0.0% Packages/com.github.homuler.mediapipe/Runtime/Scripts/Unity/Annotation/MultiHandLandmarkListAnnotationController.cs
 0.2 kb	 0.0% Packages/com.github.homuler.mediapipe/Runtime/Scripts/Unity/Annotation/MultiFaceLandmarkListAnnotationController.cs
 0.2 kb	 0.0% Packages/com.github.homuler.mediapipe/Runtime/Scripts/Protobuf/Tasks/Vision/GestureRecognizer/Proto/GestureEmbedderGraphOptions.cs
 0.2 kb	 0.0% Packages/com.github.homuler.mediapipe/Runtime/Scripts/Protobuf/Calculators/Tflite/TfliteTensorsToClassificationCalculator.cs
 0.2 kb	 0.0% Packages/com.github.homuler.mediapipe/Runtime/Scripts/Protobuf/Calculators/Image/OpencvEncodedImageToImageFrameCalculator.cs
 0.2 kb	 0.0% Packages/com.unity.ai.inference/Runtime/Tokenization/UtfCharToByteConverter.cs
 0.2 kb	 0.0% Packages/com.unity.ai.inference/Runtime/Tokenization/SubStringToByteConverter.cs
 0.2 kb	 0.0% Packages/com.unity.ai.inference/Runtime/Tokenization/PostProcessors/Templating/SpecialToken.cs
 0.2 kb	 0.0% Packages/com.unity.ai.inference/Runtime/Tokenization/PostProcessors/IPostProcessor.cs
 0.2 kb	 0.0% Packages/com.unity.ai.inference/Runtime/Tokenization/Padding/IPaddingSizeProvider.cs
 0.2 kb	 0.0% Packages/com.unity.ai.inference/Runtime/Tokenization/Mappers/BpeMapperConfiguration.cs
 0.2 kb	 0.0% Packages/com.unity.ai.inference/Runtime/Tokenization/Mappers/BpeMapper.InternalTokenizer.cs
 0.2 kb	 0.0% Packages/com.unity.ai.inference/Runtime/Tokenization/ISplitDelimiterBehavior.cs
 0.2 kb	 0.0% Packages/com.unity.ai.inference/Runtime/Tokenization/Decoders/ByteFallBackDecoder.cs
 0.2 kb	 0.0% Packages/com.github.homuler.mediapipe/Runtime/Scripts/Tasks/Vision/HolisticLandmarker/HolisticLandmarkerOptions.cs
 0.2 kb	 0.0% Packages/com.github.homuler.mediapipe/Runtime/Scripts/Protobuf/Tasks/Vision/PoseLandmarker/Proto/PoseLandmarkerGraphOptions.cs
 0.2 kb	 0.0% Packages/com.github.homuler.mediapipe/Runtime/Scripts/Protobuf/Tasks/Vision/ImageSegmenter/Proto/ImageSegmenterGraphOptions.cs
 0.2 kb	 0.0% Packages/com.github.homuler.mediapipe/Runtime/Scripts/Protobuf/Tasks/Vision/HandLandmarker/Proto/HandLandmarkerGraphOptions.cs
 0.2 kb	 0.0% Packages/com.github.homuler.mediapipe/Runtime/Scripts/Protobuf/Tasks/Vision/FaceLandmarker/Proto/FaceLandmarkerGraphOptions.cs
 0.2 kb	 0.0% Packages/com.github.homuler.mediapipe/Runtime/Scripts/Protobuf/Tasks/Vision/FaceLandmarker/Proto/FaceBlendshapesGraphOptions.cs
 0.2 kb	 0.0% Packages/com.github.homuler.mediapipe/Runtime/Scripts/Protobuf/Tasks/Vision/FaceGeometry/GeometryPipelineCalculator.cs
 0.2 kb	 0.0% Packages/com.github.homuler.mediapipe/Runtime/Scripts/Protobuf/Tasks/Audio/AudioClassifier/Proto/AudioClassifierGraphOptions.cs
 0.2 kb	 0.0% Packages/com.github.homuler.mediapipe/Runtime/Scripts/Protobuf/Calculators/Tflite/TfliteTensorsToSegmentationCalculator.cs
 0.1 kb	 0.0% Packages/com.unity.dt.app-ui/Runtime/InternalBridge/VisualElementExtensionsBridge.cs
 0.1 kb	 0.0% Packages/com.unity.dt.app-ui/Runtime/InternalBridge/ValueAnimationExtensionsBridge.cs
 0.1 kb	 0.0% Packages/com.unity.dt.app-ui/Runtime/InternalBridge/PointerMoveEventExtensionsBridge.cs
 0.1 kb	 0.0% Packages/com.unity.dt.app-ui/Runtime/InternalBridge/FocusControllerExtensionsBridge.cs
 0.1 kb	 0.0% Packages/com.unity.ai.inference/Runtime/Tokenization/Truncators/IRangeGenerator.cs
 0.1 kb	 0.0% Packages/com.unity.ai.inference/Runtime/Tokenization/Truncators/DefaultTruncator.cs
 0.1 kb	 0.0% Packages/com.unity.ai.inference/Runtime/Tokenization/Tokenizer.SequenceMergeOutput.cs
 0.1 kb	 0.0% Packages/com.unity.ai.inference/Runtime/Tokenization/PreTokenizers/IPreTokenizer.cs
 0.1 kb	 0.0% Packages/com.unity.ai.inference/Runtime/Tokenization/PreTokenizers/BertPreTokenizer.cs
 0.1 kb	 0.0% Packages/com.unity.ai.inference/Runtime/Tokenization/Normalizers/BertNormalizer.cs
 0.1 kb	 0.0% Packages/com.unity.ai.inference/Runtime/Tokenization/Normalizers/AppendNormalizer.cs
 0.1 kb	 0.0% Packages/com.unity.ai.inference/Runtime/Tokenization/Mappers/BpeMapper.DefaultMerger.cs
 0.1 kb	 0.0% Packages/com.unity.ai.inference/Runtime/Core/Compiler/Validation/ValidateShapeInference.cs
 0.1 kb	 0.0% Packages/com.unity.ai.inference/Runtime/Core/Compiler/Passes/RemoveDuplicatesPass.cs
 0.1 kb	 0.0% Packages/com.unity.ai.inference/Runtime/Core/Compiler/Passes/FuseLinearLayersPass.cs
 0.1 kb	 0.0% Packages/com.unity.ai.inference/Runtime/Core/Compiler/Passes/FuseConstantsPass.cs
 0.1 kb	 0.0% Packages/com.unity.ai.inference/Runtime/Core/Compiler/Passes/FuseActivationsPass.cs
 0.1 kb	 0.0% Packages/com.unity.ai.inference/Runtime/Core/Compiler/Passes/EinsumToMatMulPass.cs
 0.1 kb	 0.0% Packages/com.github.homuler.mediapipe/Runtime/Scripts/Unity/Annotation/PoseLandmarkerResultAnnotationController.cs
 0.1 kb	 0.0% Packages/com.github.homuler.mediapipe/Runtime/Scripts/Unity/Annotation/NormalizedRectListAnnotationController.cs
 0.1 kb	 0.0% Packages/com.github.homuler.mediapipe/Runtime/Scripts/Unity/Annotation/MultiPoseLandmarkListWithMaskAnnotation.cs
 0.1 kb	 0.0% Packages/com.github.homuler.mediapipe/Runtime/Scripts/Unity/Annotation/ImageSegmenterResultAnnotationController.cs
 0.1 kb	 0.0% Packages/com.github.homuler.mediapipe/Runtime/Scripts/Unity/Annotation/HolisticLandmarkListAnnotationController.cs
 0.1 kb	 0.0% Packages/com.github.homuler.mediapipe/Runtime/Scripts/Unity/Annotation/HandLandmarkerResultAnnotationController.cs
 0.1 kb	 0.0% Packages/com.github.homuler.mediapipe/Runtime/Scripts/Unity/Annotation/FaceLandmarkerResultAnnotationController.cs
 0.1 kb	 0.0% Packages/com.github.homuler.mediapipe/Runtime/Scripts/Protobuf/Calculators/Util/RefineLandmarksFromHeatmapCalculator.cs
 0.1 kb	 0.0% Packages/com.github.homuler.mediapipe/Runtime/Scripts/Protobuf/Calculators/Tflite/TfliteTensorsToDetectionsCalculator.cs
 0.1 kb	 0.0% Assets/MediaPipeUnity/Samples/Scenes/Face Landmark Detection/FaceLandmarkDetectionConfig.cs
 0.1 kb	 0.0% Packages/com.unity.collections/Unity.Collections/UnsafeParallelHashSetExtensions.gen.cs
 0.1 kb	 0.0% Packages/com.unity.collections/Unity.Collections/UnsafeParallelHashMap.cs
 0.1 kb	 0.0% Packages/com.unity.ai.inference/Runtime/Tokenization/Tokenizer.TruncationOutput.cs
 0.1 kb	 0.0% Packages/com.unity.ai.inference/Runtime/Tokenization/Tokenizer.PostProcessOutput.cs
 0.1 kb	 0.0% Packages/com.unity.ai.inference/Runtime/Tokenization/TokenConfiguration.cs
 0.1 kb	 0.0% Packages/com.unity.ai.inference/Runtime/Tokenization/PostProcessors/Templating/Template.cs
 0.1 kb	 0.0% Packages/com.unity.ai.inference/Runtime/Tokenization/PostProcessors/Templating/Sequence.cs
 0.1 kb	 0.0% Packages/com.unity.ai.inference/Runtime/Tokenization/PostProcessors/Templating/Piece.cs
 0.1 kb	 0.0% Packages/com.unity.ai.inference/Runtime/Tokenization/Padding/DefaultPadding.cs
 0.1 kb	 0.0% Packages/com.unity.ai.inference/Runtime/Tokenization/Mappers/WordPieceMapper.cs
 0.1 kb	 0.0% Packages/com.unity.ai.inference/Runtime/Tokenization/Mappers/BpeMapper.Mergeable.cs
 0.1 kb	 0.0% Packages/com.unity.ai.inference/Runtime/Tokenization/Internal/AhoCorasickSearch.cs
 0.1 kb	 0.0% Packages/com.unity.ai.inference/Runtime/Tokenization/Decoders/WordPieceDecoder.cs
 0.1 kb	 0.0% Packages/com.unity.ai.inference/Runtime/Tokenization/Decoders/ReplaceDecoder.cs
 0.1 kb	 0.0% Packages/com.unity.ai.inference/Runtime/Tokenization/Decoders/DefaultDecoder.cs
 0.1 kb	 0.0% Packages/com.unity.ai.inference/Runtime/Tokenization/Decoders/ByteLevelDecoder.cs
 0.1 kb	 0.0% Packages/com.unity.ai.inference/Runtime/Core/Compiler/Analyser/PartialInferenceAnalysis.cs
 0.1 kb	 0.0% Packages/com.unity.ai.inference/Runtime/Core/Compiler/Analyser/MemoryFootprintAnalysis.cs
 0.1 kb	 0.0% Packages/com.github.homuler.mediapipe/Runtime/Scripts/Tasks/Vision/HolisticLandmarker/HolisticLandmarkerResult.cs
 0.1 kb	 0.0% Packages/com.github.homuler.mediapipe/Runtime/Scripts/Tasks/Components/Containers/NativeArrayExtension.cs
 0.1 kb	 0.0% Packages/com.github.homuler.mediapipe/Runtime/Scripts/Protobuf/Tasks/Vision/PoseDetector/Proto/PoseDetectorGraphOptions.cs
 0.1 kb	 0.0% Packages/com.github.homuler.mediapipe/Runtime/Scripts/Protobuf/Tasks/Vision/ObjectDetector/Proto/ObjectDetectorOptions.cs
 0.1 kb	 0.0% Packages/com.github.homuler.mediapipe/Runtime/Scripts/Protobuf/Tasks/Vision/ImageSegmenter/Proto/TensorsToSegmentationCalculator.cs
 0.1 kb	 0.0% Packages/com.github.homuler.mediapipe/Runtime/Scripts/Protobuf/Tasks/Vision/HandDetector/Proto/HandDetectorGraphOptions.cs
 0.1 kb	 0.0% Packages/com.github.homuler.mediapipe/Runtime/Scripts/Protobuf/Tasks/Vision/FaceGeometry/Proto/FaceGeometryGraphOptions.cs
 0.1 kb	 0.0% Packages/com.github.homuler.mediapipe/Runtime/Scripts/Protobuf/Tasks/Vision/FaceDetector/Proto/FaceDetectorGraphOptions.cs
 0.1 kb	 0.0% Packages/com.github.homuler.mediapipe/Runtime/Scripts/Protobuf/Calculators/Video/TrackedDetectionManagerCalculator.cs
 0.1 kb	 0.0% Packages/com.github.homuler.mediapipe/Runtime/Scripts/Protobuf/Calculators/Util/TimedBoxListToRenderDataCalculator.cs
 0.1 kb	 0.0% Packages/com.github.homuler.mediapipe/Runtime/Scripts/Protobuf/Calculators/Tflite/TfliteTensorsToLandmarksCalculator.cs
 0.1 kb	 0.0% Packages/com.github.homuler.mediapipe/Runtime/Scripts/Protobuf/Calculators/Tensor/TensorsToClassificationCalculator.cs
 0.1 kb	 0.0% Assets/UniGLTF/Runtime/UniGLTF/Format/ExtensionsAndExtras/EmissiveMultiplier/Format.g.cs
 0.1 kb	 0.0% Assets/KiwiAvatarSystem/Runtime/Validation/KiwiPhase16_17PresentationAuthorityDiagnostics.cs
 0.1 kb	 0.0% Packages/com.unity.dt.app-ui/Runtime/InternalBridge/EventBaseExtensionsBridge.cs
 0.1 kb	 0.0% Packages/com.unity.collections/Unity.Collections/UnsafeNotBurstCompatible.cs
 0.1 kb	 0.0% Packages/com.unity.ai.inference/Runtime/Tokenization/Truncators/ITruncator.cs
 0.1 kb	 0.0% Packages/com.unity.ai.inference/Runtime/Tokenization/Tokenizer.SequenceMerger.cs
 0.1 kb	 0.0% Packages/com.unity.ai.inference/Runtime/Tokenization/Tokenizer.PaddingOutput.cs
 0.1 kb	 0.0% Packages/com.unity.ai.inference/Runtime/Tokenization/Normalizers/INormalizer.cs
 0.1 kb	 0.0% Packages/com.unity.ai.inference/Runtime/Tokenization/Mappers/BpeMapper.Merger.cs
 0.1 kb	 0.0% Packages/com.unity.ai.inference/Runtime/Tokenization/Mappers/BpMapper.Symbol.cs
 0.1 kb	 0.0% Packages/com.unity.ai.inference/Runtime/Core/Compiler/Passes/GraphPassUtil.cs
 0.1 kb	 0.0% Packages/com.unity.ai.inference/Runtime/Core/Compiler/Passes/FuseDensePass.cs
 0.1 kb	 0.0% Packages/com.github.homuler.mediapipe/Runtime/Scripts/Unity/Annotation/PoseLandmarkListWithMaskAnnotation.cs
 0.1 kb	 0.0% Packages/com.github.homuler.mediapipe/Runtime/Scripts/Unity/Annotation/PoseLandmarkListAnnotationController.cs
 0.1 kb	 0.0% Packages/com.github.homuler.mediapipe/Runtime/Scripts/Unity/Annotation/NormalizedRectAnnotationController.cs
 0.1 kb	 0.0% Packages/com.github.homuler.mediapipe/Runtime/Scripts/Unity/Annotation/FaceLandmarkListWithIrisAnnotation.cs
 0.1 kb	 0.0% Packages/com.github.homuler.mediapipe/Runtime/Scripts/Unity/Annotation/FaceLandmarkListAnnotationController.cs
 0.1 kb	 0.0% Packages/com.github.homuler.mediapipe/Runtime/Scripts/Unity/Annotation/DetectionResultAnnotationController.cs
 0.1 kb	 0.0% Packages/com.github.homuler.mediapipe/Runtime/Scripts/Unity/Annotation/DetectionListAnnotationController.cs
 0.1 kb	 0.0% Packages/com.github.homuler.mediapipe/Runtime/Scripts/Tasks/Vision/PoseLandmarker/PoseLandmarkerOptions.cs
 0.1 kb	 0.0% Packages/com.github.homuler.mediapipe/Runtime/Scripts/Tasks/Vision/ObjectDetector/ObjectDetectorOptions.cs
 0.1 kb	 0.0% Packages/com.github.homuler.mediapipe/Runtime/Scripts/Tasks/Vision/ImageSegmenter/ImageSegmenterOptions.cs
 0.1 kb	 0.0% Packages/com.github.homuler.mediapipe/Runtime/Scripts/Tasks/Vision/HandLandmarker/HandLandmarkerOptions.cs
 0.1 kb	 0.0% Packages/com.github.homuler.mediapipe/Runtime/Scripts/Tasks/Vision/GestureRecognizer/GestureRecognizerResult.cs
 0.1 kb	 0.0% Packages/com.github.homuler.mediapipe/Runtime/Scripts/Tasks/Vision/GestureRecognizer/GestureRecognizerOptions.cs
 0.1 kb	 0.0% Packages/com.github.homuler.mediapipe/Runtime/Scripts/Tasks/Vision/FaceLandmarker/FaceLandmarkerOptions.cs
 0.1 kb	 0.0% Packages/com.github.homuler.mediapipe/Runtime/Scripts/Tasks/Audio/AudioClassifier/AudioClassifierOptions.cs
 0.1 kb	 0.0% Packages/com.github.homuler.mediapipe/Runtime/Scripts/Protobuf/Util/FrameSelectionSolutionEvaluator.cs
 0.1 kb	 0.0% Packages/com.github.homuler.mediapipe/Runtime/Scripts/Protobuf/Calculators/Util/TimedBoxListIdToLabelCalculator.cs
 0.1 kb	 0.0% Packages/com.github.homuler.mediapipe/Runtime/Scripts/Protobuf/Calculators/Util/LandmarksToRenderDataCalculator.cs
 0.1 kb	 0.0% Packages/com.github.homuler.mediapipe/Runtime/Scripts/Protobuf/Calculators/Util/DetectionsToRenderDataCalculator.cs
 0.1 kb	 0.0% Packages/com.github.homuler.mediapipe/Runtime/Scripts/Protobuf/Calculators/Util/DetectionLabelIdToTextCalculator.cs
 0.1 kb	 0.0% Packages/com.github.homuler.mediapipe/Runtime/Scripts/Protobuf/Calculators/Tflite/TfliteCustomOpResolverCalculator.cs
 0.1 kb	 0.0% Packages/com.github.homuler.mediapipe/Runtime/Scripts/Protobuf/Calculators/Tensor/TensorsToSegmentationCalculator.cs
 0.1 kb	 0.0% Packages/com.github.homuler.mediapipe/Runtime/Scripts/Protobuf/Calculators/Image/SegmentationSmoothingCalculator.cs
 0.1 kb	 0.0% Packages/com.github.homuler.mediapipe/Runtime/Scripts/Protobuf/Calculators/Audio/RationalFactorResampleCalculator.cs
 0.1 kb	 0.0% Assets/Script/KiwiInferenceFaceTracker.cs
 0.1 kb	 0.0% Assets/Models/uni_kiwi_textured_rigged.MetaObject/Meta.asset
 0.1 kb	 0.0% Packages/com.unity.dt.app-ui/Runtime/Navigation/NavGraphViewHierarchicalNode.cs
 0.1 kb	 0.0% Packages/com.unity.collections/Unity.Collections/UnsafeScratchAllocator.cs
 0.1 kb	 0.0% Packages/com.unity.collections/Unity.Collections/NativeParallelHashMapExtensions.cs
 0.1 kb	 0.0% Packages/com.unity.ai.inference/Runtime/Tokenization/Utf8CharSplitter.cs
 0.1 kb	 0.0% Packages/com.unity.ai.inference/Runtime/Tokenization/SubString.Comparer.cs
 0.1 kb	 0.0% Packages/com.unity.ai.inference/Runtime/Tokenization/Padding/RightPadding.cs
 0.1 kb	 0.0% Packages/com.unity.ai.inference/Runtime/Tokenization/Padding/LeftPadding.cs
 0.1 kb	 0.0% Packages/com.unity.ai.inference/Runtime/Tokenization/Mappers/MergePair.cs
 0.1 kb	 0.0% Packages/com.unity.ai.inference/Runtime/Tokenization/Mappers/BpeMapper.cs
 0.1 kb	 0.0% Packages/com.unity.ai.inference/Runtime/Tokenization/Decoders/StripDecoder.cs
 0.1 kb	 0.0% Packages/com.unity.ai.inference/Runtime/Tokenization/Decoders/FuseDecoder.cs
 0.1 kb	 0.0% Packages/com.unity.ai.inference/Runtime/Tokenization/ByteLevelHelper.cs
 0.1 kb	 0.0% Packages/com.unity.ai.inference/Runtime/Tokenization/AddedVocabulary.cs
 0.1 kb	 0.0% Packages/com.unity.ai.inference/Runtime/Core/Serialization/FlatBuffers/IFlatbufferObject.cs
 0.1 kb	 0.0% Packages/com.unity.ai.inference/Runtime/Core/Serialization/FlatBuffers/FlatBufferConstants.cs
 0.1 kb	 0.0% Packages/com.unity.ai.inference/Runtime/Core/Serialization/FlatBuffers/FlatBufferBuilder.cs
 0.1 kb	 0.0% Packages/com.unity.ai.inference/Runtime/Core/Compiler/Passes/RemoveUnusedPass.cs
 0.1 kb	 0.0% Packages/com.unity.ai.inference/Runtime/Core/Compiler/Passes/RemoveNoOpsPass.cs
 0.1 kb	 0.0% Packages/com.unity.ai.inference/Runtime/Core/Compiler/Analyser/GraphLogicAnalysis.cs
 0.1 kb	 0.0% Packages/com.github.homuler.mediapipe/Runtime/Scripts/Unity/Experimental/ImageTransformationOptions.cs
 0.1 kb	 0.0% Packages/com.github.homuler.mediapipe/Runtime/Scripts/Tasks/Vision/HolisticLandmarker/HolisticLandmarker.cs
 0.1 kb	 0.0% Packages/com.github.homuler.mediapipe/Runtime/Scripts/Protobuf/Tasks/Components/Processors/Proto/ClassifierOptions.cs
 0.1 kb	 0.0% Packages/com.github.homuler.mediapipe/Runtime/Scripts/Protobuf/Calculators/Util/VisibilitySmoothingCalculator.cs
 0.1 kb	 0.0% Packages/com.github.homuler.mediapipe/Runtime/Scripts/Protobuf/Calculators/Util/LandmarksToDetectionCalculator.cs
 0.1 kb	 0.0% Packages/com.github.homuler.mediapipe/Runtime/Scripts/Protobuf/Calculators/Tensor/TensorsToDetectionsCalculator.cs
 0.1 kb	 0.0% Packages/com.github.homuler.mediapipe/Runtime/Scripts/Protobuf/Calculators/Image/ImageTransformationCalculator.cs
 0.1 kb	 0.0% Packages/com.github.homuler.mediapipe/Runtime/Scripts/Protobuf/Calculators/Core/QuantizeFloatVectorCalculator.cs
 0.1 kb	 0.0% Packages/com.github.homuler.mediapipe/Runtime/Scripts/Protobuf/Calculators/Core/DequantizeByteArrayCalculator.cs
 0.1 kb	 0.0% Assets/VRM/Runtime/IO/MaterialIO/BuiltInRP/Import/Materials/BuiltInVrmUnlitTransparentZWriteMaterialImporter.cs
 0.1 kb	 0.0% Assets/KiwiAvatarSystem/Runtime/Validation/KiwiPhase16_18HandoffAuthorityDiagnostics.cs
 0.1 kb	 0.0% Packages/com.unity.ugui/Runtime/TMP/TMP_SpriteAssetImportFormats.cs
 0.1 kb	 0.0% Packages/com.unity.dt.app-ui/Runtime/InternalBridge/PanelExtensionsBridge.cs
 0.1 kb	 0.0% Packages/com.unity.collections/Unity.Collections/UnsafeAtomicCounter.cs
 0.1 kb	 0.0% Packages/com.unity.ai.inference/Runtime/Tokenization/Direction.cs
 0.1 kb	 0.0% Packages/com.unity.ai.inference/Runtime/Core/Graph/GraphModuleExtensions.cs
 0.1 kb	 0.0% Packages/com.unity.ai.inference/Runtime/Core/Compiler/Validation/IValidationPass.cs
 0.1 kb	 0.0% Packages/com.unity.ai.inference/Runtime/Core/Compiler/Passes/ValidatePasses.cs
 0.1 kb	 0.0% Packages/com.github.homuler.mediapipe/Runtime/Scripts/Unity/ResourceManager/StreamingAssetsResourceManager.cs
 0.1 kb	 0.0% Packages/com.github.homuler.mediapipe/Runtime/Scripts/Unity/Extension/CalculatorGraphConfigExtension.cs
 0.1 kb	 0.0% Packages/com.github.homuler.mediapipe/Runtime/Scripts/Unity/Annotation/MultiPoseLandmarkListAnnotation.cs
 0.1 kb	 0.0% Packages/com.github.homuler.mediapipe/Runtime/Scripts/Unity/Annotation/MultiHandLandmarkListAnnotation.cs
 0.1 kb	 0.0% Packages/com.github.homuler.mediapipe/Runtime/Scripts/Unity/Annotation/MultiFaceLandmarkListAnnotation.cs
 0.1 kb	 0.0% Packages/com.github.homuler.mediapipe/Runtime/Scripts/Unity/Annotation/HolisticLandmarkListAnnotation.cs
 0.1 kb	 0.0% Packages/com.github.homuler.mediapipe/Runtime/Scripts/Unity/Annotation/DetectionAnnotationController.cs
 0.1 kb	 0.0% Packages/com.github.homuler.mediapipe/Runtime/Scripts/Tasks/Vision/PoseLandmarker/PoseLandmarkerResult.cs
 0.1 kb	 0.0% Packages/com.github.homuler.mediapipe/Runtime/Scripts/Tasks/Vision/ImageSegmenter/ImageSegmenterResult.cs
 0.1 kb	 0.0% Packages/com.github.homuler.mediapipe/Runtime/Scripts/Tasks/Vision/HandLandmarker/HandLandmarkerResult.cs
 0.1 kb	 0.0% Packages/com.github.homuler.mediapipe/Runtime/Scripts/Tasks/Vision/GestureRecognizer/GestureRecognizer.cs
 0.1 kb	 0.0% Packages/com.github.homuler.mediapipe/Runtime/Scripts/Tasks/Vision/FaceLandmarker/FaceLandmarkerResult.cs
 0.1 kb	 0.0% Packages/com.github.homuler.mediapipe/Runtime/Scripts/Tasks/Components/Containers/ClassificationResult.cs
 0.1 kb	 0.0% Packages/com.github.homuler.mediapipe/Runtime/Scripts/Protobuf/Calculators/Video/OpencvVideoEncoderCalculator.cs
 0.1 kb	 0.0% Packages/com.github.homuler.mediapipe/Runtime/Scripts/Protobuf/Calculators/Util/RectTransformationCalculator.cs
 0.1 kb	 0.0% Packages/com.github.homuler.mediapipe/Runtime/Scripts/Protobuf/Calculators/Util/RectToRenderScaleCalculator.cs
 0.1 kb	 0.0% Packages/com.github.homuler.mediapipe/Runtime/Scripts/Protobuf/Calculators/Util/NonMaxSuppressionCalculator.cs
 0.1 kb	 0.0% Packages/com.github.homuler.mediapipe/Runtime/Scripts/Protobuf/Calculators/Util/LocalFileContentsCalculator.cs
 0.1 kb	 0.0% Packages/com.github.homuler.mediapipe/Runtime/Scripts/Protobuf/Calculators/Util/LandmarksToFloatsCalculator.cs
 0.1 kb	 0.0% Packages/com.github.homuler.mediapipe/Runtime/Scripts/Protobuf/Calculators/Util/LandmarksSmoothingCalculator.cs
 0.1 kb	 0.0% Packages/com.github.homuler.mediapipe/Runtime/Scripts/Protobuf/Calculators/Util/LandmarkProjectionCalculator.cs
 0.1 kb	 0.0% Packages/com.github.homuler.mediapipe/Runtime/Scripts/Protobuf/Calculators/Util/LabelsToRenderDataCalculator.cs
 0.1 kb	 0.0% Packages/com.github.homuler.mediapipe/Runtime/Scripts/Protobuf/Calculators/Util/DetectionsToRectsCalculator.cs
 0.1 kb	 0.0% Packages/com.github.homuler.mediapipe/Runtime/Scripts/Protobuf/Calculators/Util/AnnotationOverlayCalculator.cs
 0.1 kb	 0.0% Packages/com.github.homuler.mediapipe/Runtime/Scripts/Protobuf/Calculators/Tensor/TensorsToLandmarksCalculator.cs
 0.1 kb	 0.0% Packages/com.github.homuler.mediapipe/Runtime/Scripts/Protobuf/Calculators/Tensor/LandmarksToTensorCalculator.cs
 0.1 kb	 0.0% Packages/com.github.homuler.mediapipe/Runtime/Scripts/Protobuf/Calculators/Image/OpencvImageEncoderCalculator.cs
 0.1 kb	 0.0% Packages/com.github.homuler.mediapipe/Runtime/Scripts/Protobuf/Calculators/Core/ConstantSidePacketCalculator.cs
 0.1 kb	 0.0% Packages/com.github.homuler.mediapipe/Runtime/Scripts/Protobuf/Calculators/Core/ConcatenateVectorCalculator.cs
 0.1 kb	 0.0% Assets/UniGLTF/Runtime/SpringBoneJobs/InputPorts/FastSpringBoneCollider.cs
 0.1 kb	 0.0% Assets/UniGLTF/Runtime/SpringBoneJobs/Blittables/BlittableJointMutable.cs
 0.1 kb	 0.0% Assets/UniGLTF/Runtime/SpringBoneJobs/Blittables/BlittableJointImmutable.cs
 0.1 kb	 0.0% Assets/Script/FaceLandmarkerRunner.cs
 0.1 kb	 0.0% Packages/com.unity.ugui/Runtime/UGUI/UI/Core/Layout/HorizontalOrVerticalLayoutGroup.cs
 0.1 kb	 0.0% Packages/com.unity.dt.app-ui/Runtime/Navigation/VisualElementExtensions.cs
 0.1 kb	 0.0% Packages/com.unity.dt.app-ui/Runtime/MVVM/Attributes/INotifyPropertyChangedAttribute.cs
 0.1 kb	 0.0% Packages/com.unity.collections/Unity.Collections/UnsafeUtilityEx.cs
 0.1 kb	 0.0% Packages/com.unity.collections/Unity.Collections/UnsafeAppendBuffer.cs
 0.1 kb	 0.0% Packages/com.unity.collections/Unity.Collections/NativeParallelHashSetExtensions.gen.cs
 0.1 kb	 0.0% Packages/com.unity.collections/Unity.Collections/Jobs/RegisterGenericJobTypeAttribute.cs
 0.1 kb	 0.0% Packages/com.unity.collections/Unity.Collections/DoubleRewindableAllocators.cs
 0.1 kb	 0.0% Packages/com.unity.collections/Unity.Collections/DataStreamExtensions.cs
 0.1 kb	 0.0% Packages/com.unity.ai.inference/Runtime/Tokenization/Tokenizer.cs
 0.1 kb	 0.0% Packages/com.unity.ai.inference/Runtime/Tokenization/SubString.cs
 0.1 kb	 0.0% Packages/com.unity.ai.inference/Runtime/Tokenization/Padding/IPadding.cs
 0.1 kb	 0.0% Packages/com.unity.ai.inference/Runtime/Tokenization/Mappers/IMapper.cs
 0.1 kb	 0.0% Packages/com.unity.ai.inference/Runtime/Tokenization/ITokenizer.cs
 0.1 kb	 0.0% Packages/com.unity.ai.inference/Runtime/Tokenization/IEncoding.cs
 0.1 kb	 0.0% Packages/com.unity.ai.inference/Runtime/Tokenization/Gpt2Splitter.cs
 0.1 kb	 0.0% Packages/com.unity.ai.inference/Runtime/Tokenization/Decoders/IDecoder.cs
 0.1 kb	 0.0% Packages/com.unity.ai.inference/Runtime/Core/SourceGenerator/SourceGeneratorAttributes.cs
 0.1 kb	 0.0% Packages/com.unity.ai.inference/Runtime/Core/ShapeInference/TensorShapeInferenceHelper.cs
 0.1 kb	 0.0% Packages/com.unity.ai.inference/Runtime/Core/ShapeInference/PartialInferenceContext.cs
 0.1 kb	 0.0% Packages/com.unity.ai.inference/Runtime/Core/Serialization/FlatBuffers/ByteBufferUtil.cs
 0.1 kb	 0.0% Packages/com.unity.ai.inference/Runtime/Core/Quantization/QuantizeConstantsPass.cs
 0.1 kb	 0.0% Packages/com.unity.ai.inference/Runtime/Core/Layers/Layer.ObjectDetection.cs
 0.1 kb	 0.0% Packages/com.unity.ai.inference/Runtime/Core/Internals/ModelAssetWeightsData.cs
 0.1 kb	 0.0% Packages/com.unity.ai.inference/Runtime/Core/Functional/Functional.NN.NonLinearActivation.cs
 0.1 kb	 0.0% Packages/com.unity.ai.inference/Runtime/Core/BurstJobsQuantizeTensor.cs
 0.1 kb	 0.0% Packages/com.unity.ai.inference/Runtime/Core/Backends/GPUCompute/ComputeHelper.ComputeFunctions.cs
 0.1 kb	 0.0% Packages/com.unity.ai.inference/Runtime/Core/Backends/CPUFallbackCalculator.cs
 0.1 kb	 0.0% Packages/com.github.homuler.mediapipe/Runtime/Scripts/Tasks/Vision/FaceDetector/FaceDetectorOptions.cs
 0.1 kb	 0.0% Packages/com.github.homuler.mediapipe/Runtime/Scripts/Tasks/Vision/Core/ImageProcessingOptions.cs
 0.1 kb	 0.0% Packages/com.github.homuler.mediapipe/Runtime/Scripts/Protobuf/Util/TrackedDetectionManagerConfig.cs
 0.1 kb	 0.0% Packages/com.github.homuler.mediapipe/Runtime/Scripts/Protobuf/Tasks/Vision/ImageSegmenter/Proto/SegmenterOptions.cs
 0.1 kb	 0.0% Packages/com.github.homuler.mediapipe/Runtime/Scripts/Protobuf/Tasks/Components/Containers/Proto/Classifications.cs
 0.1 kb	 0.0% Packages/com.github.homuler.mediapipe/Runtime/Scripts/Protobuf/Calculators/Util/RectToRenderDataCalculator.cs
 0.1 kb	 0.0% Packages/com.github.homuler.mediapipe/Runtime/Scripts/Protobuf/Calculators/Util/PacketFrequencyCalculator.cs
 0.1 kb	 0.0% Packages/com.github.homuler.mediapipe/Runtime/Scripts/Protobuf/Calculators/Util/FilterDetectionsCalculator.cs
 0.1 kb	 0.0% Packages/com.github.homuler.mediapipe/Runtime/Scripts/Protobuf/Calculators/Tflite/TfliteInferenceCalculator.cs
 0.1 kb	 0.0% Packages/com.github.homuler.mediapipe/Runtime/Scripts/Protobuf/Calculators/Tflite/TfliteConverterCalculator.cs
 0.1 kb	 0.0% Packages/com.github.homuler.mediapipe/Runtime/Scripts/Protobuf/Calculators/Tensor/TensorsToFloatsCalculator.cs
 0.1 kb	 0.0% Packages/com.github.homuler.mediapipe/Runtime/Scripts/Protobuf/Calculators/Tensor/TensorConverterCalculator.cs
 0.1 kb	 0.0% Packages/com.github.homuler.mediapipe/Runtime/Scripts/Protobuf/Calculators/Image/FeatureDetectorCalculator.cs
 0.1 kb	 0.0% Packages/com.github.homuler.mediapipe/Runtime/Scripts/Protobuf/Calculators/Image/BilateralFilterCalculator.cs
 0.1 kb	 0.0% Packages/com.github.homuler.mediapipe/Runtime/Scripts/Protobuf/Calculators/Core/PacketResamplerCalculator.cs
 0.1 kb	 0.0% Packages/com.github.homuler.mediapipe/Runtime/Scripts/Protobuf/Calculators/Audio/TimeSeriesFramerCalculator.cs
 0.1 kb	 0.0% Packages/com.github.homuler.mediapipe/Runtime/Scripts/Framework/CalculatorGraphConfigExtension.cs
 0.1 kb	 0.0% Assets/VRM/Runtime/IO/MaterialIO/BuiltInRP/Export/BuiltInVrmExtensionMaterialPropertyExporter.cs
 0.1 kb	 0.0% Assets/UniGLTF/Runtime/UniGLTF/IO/MaterialIO/Utils/UniGLTFShaderNotMatchedInternalException.cs
 0.1 kb	 0.0% Assets/UniGLTF/Runtime/UniGLTF/IO/MaterialIO/BuiltInRP/Import/BuiltInGltfMaterialDescriptorGenerator.cs
 0.1 kb	 0.0% Assets/UniGLTF/Runtime/UniGLTF/Format/ExtensionsAndExtras/EmissiveMultiplier/Deserializer.g.cs
 0.1 kb	 0.0% Assets/UniGLTF/Runtime/SpringBoneJobs/FastSpringBoneConbinedBuffer.cs
 0.1 kb	 0.0% Assets/UniGLTF/Runtime/SpringBoneJobs/FastSpringBoneBufferCombiner.cs
 0.1 kb	 0.0% Assets/KiwiAvatarSystem/Runtime/Validation/KiwiPhase16_19FacePartEpochDiagnostics.cs
 0.1 kb	 0.0% Assets/KiwiAvatarSystem/Runtime/Validation/KiwiPhase16_16ProviderBridgeDiagnostics.cs
 0.1 kb	 0.0% Assets/KiwiAvatarSystem/Runtime/Validation/KiwiPhase16_15RootContinuityDiagnostics.cs
 0.1 kb	 0.0% Assets/KiwiAvatarSystem/Runtime/Validation/KiwiPhase16_13PresentationDiagnostics.cs
 0.1 kb	 0.0% Assets/KiwiAvatarSystem/Runtime/Validation/KiwiCommercialCadencePipelineTelemetry.cs
 0.1 kb	 0.0% Assets/KiwiAvatarSystem/Runtime/KiwiDynamicSecondaryPhysics.cs
 0.1 kb	 0.0% Packages/com.unity.ugui/Runtime/TMP/TMP_DynamicFontAssetUtilities.cs
 0.1 kb	 0.0% Packages/com.unity.dt.app-ui/Runtime/UI/Exceptions/VisualElementNotFoundException.cs
 0.1 kb	 0.0% Packages/com.unity.dt.app-ui/Runtime/UI/Events/AccordionItemValueChangedEvent.cs
 0.1 kb	 0.0% Packages/com.unity.collections/Unity.Collections/NativeNotBurstCompatible.cs
 0.1 kb	 0.0% Packages/com.unity.ai.inference/Runtime/Core/Serialization/Safetensors/SafetensorsHeader.cs
 0.1 kb	 0.0% Packages/com.unity.ai.inference/Runtime/Core/Layers/Layer.ActivationNonLinear.cs
 0.1 kb	 0.0% Packages/com.unity.ai.inference/Runtime/Core/Graph/FindNodesLookupTable.cs
 0.1 kb	 0.0% Packages/com.unity.ai.inference/Runtime/Core/Functional/FunctionalTensor.Operator.cs
 0.1 kb	 0.0% Packages/com.unity.ai.inference/Runtime/Core/Functional/Functional.Tensor.Transformation.cs
 0.1 kb	 0.0% Packages/com.unity.ai.inference/Runtime/Core/Functional/Functional.Math.LinearAlgebra.cs
 0.1 kb	 0.0% Packages/com.unity.ai.inference/Runtime/Core/Functional/Functional.Extensions.cs
 0.1 kb	 0.0% Packages/com.unity.ai.inference/Runtime/Core/Backends/CPU/BurstTensorData.cs
 0.1 kb	 0.0% Packages/com.unity.ai.inference/Runtime/Core/Backends/CPU/BurstCPU.Jobs.PointwiseUnary.gen.cs
 0.1 kb	 0.0% Packages/com.github.homuler.mediapipe/Runtime/Scripts/Unity/ResourceManager/AssetBundleResourceManager.cs
 0.1 kb	 0.0% Packages/com.github.homuler.mediapipe/Runtime/Scripts/Unity/CoordinateSystem/RealWorldCoordinate.cs
 0.1 kb	 0.0% Packages/com.github.homuler.mediapipe/Runtime/Scripts/Unity/Annotation/PoseLandmarkListAnnotation.cs
 0.1 kb	 0.0% Packages/com.github.homuler.mediapipe/Runtime/Scripts/Unity/Annotation/IrisLandmarkListAnnotation.cs
 0.1 kb	 0.0% Packages/com.github.homuler.mediapipe/Runtime/Scripts/Unity/Annotation/HandLandmarkListAnnotation.cs
 0.1 kb	 0.0% Packages/com.github.homuler.mediapipe/Runtime/Scripts/Unity/Annotation/FaceLandmarkListAnnotation.cs
 0.1 kb	 0.0% Packages/com.github.homuler.mediapipe/Runtime/Scripts/Tasks/Vision/PoseLandmarker/PoseLandmarker.cs
 0.1 kb	 0.0% Packages/com.github.homuler.mediapipe/Runtime/Scripts/Tasks/Vision/ObjectDetector/ObjectDetector.cs
 0.1 kb	 0.0% Packages/com.github.homuler.mediapipe/Runtime/Scripts/Tasks/Vision/ImageSegmenter/ImageSegmenter.cs
 0.1 kb	 0.0% Packages/com.github.homuler.mediapipe/Runtime/Scripts/Tasks/Vision/HandLandmarker/HandLandmarker.cs
 0.1 kb	 0.0% Packages/com.github.homuler.mediapipe/Runtime/Scripts/Tasks/Vision/FaceLandmarker/FaceLandmarker.cs
 0.1 kb	 0.0% Packages/com.github.homuler.mediapipe/Runtime/Scripts/Tasks/Components/Containers/PacketExtension.cs
 0.1 kb	 0.0% Packages/com.github.homuler.mediapipe/Runtime/Scripts/Tasks/Components/Containers/ListExtension.cs
 0.1 kb	 0.0% Packages/com.github.homuler.mediapipe/Runtime/Scripts/Tasks/Components/Containers/DetectionResult.cs
 0.1 kb	 0.0% Packages/com.github.homuler.mediapipe/Runtime/Scripts/Tasks/Audio/AudioClassifier/AudioClassifier.cs
 0.1 kb	 0.0% Packages/com.github.homuler.mediapipe/Runtime/Scripts/Protobuf/Gpu/GlSurfaceSinkCalculator.cs
 0.1 kb	 0.0% Packages/com.github.homuler.mediapipe/Runtime/Scripts/Protobuf/Calculators/Video/VideoPreStreamCalculator.cs
 0.1 kb	 0.0% Packages/com.github.homuler.mediapipe/Runtime/Scripts/Protobuf/Calculators/Video/MotionAnalysisCalculator.cs
 0.1 kb	 0.0% Packages/com.github.homuler.mediapipe/Runtime/Scripts/Protobuf/Calculators/Util/VisibilityCopyCalculator.cs
 0.1 kb	 0.0% Packages/com.github.homuler.mediapipe/Runtime/Scripts/Protobuf/Calculators/Util/PacketLatencyCalculator.cs
 0.1 kb	 0.0% Packages/com.github.homuler.mediapipe/Runtime/Scripts/Protobuf/Calculators/Tensor/ImageToTensorCalculator.cs
 0.1 kb	 0.0% Packages/com.github.homuler.mediapipe/Runtime/Scripts/Protobuf/Calculators/Image/ImageCroppingCalculator.cs
 0.1 kb	 0.0% Packages/com.github.homuler.mediapipe/Runtime/Scripts/Protobuf/Calculators/Core/SequenceShiftCalculator.cs
 0.1 kb	 0.0% Packages/com.github.homuler.mediapipe/Runtime/Scripts/Protobuf/Calculators/Core/PacketThinnerCalculator.cs
 0.1 kb	 0.0% Packages/com.github.homuler.mediapipe/Runtime/Scripts/Protobuf/Calculators/Core/ClipVectorSizeCalculator.cs
 0.1 kb	 0.0% Packages/com.github.homuler.mediapipe/Runtime/Scripts/Protobuf/Calculators/Audio/StabilizedLogCalculator.cs
 0.1 kb	 0.0% Assets/UniGLTF/Runtime/UniGLTF/Format/ExtensionsAndExtras/EmissiveMultiplier/Serializer.g.cs
 0.1 kb	 0.0% Assets/UniGLTF/Runtime/SpringBoneJobs/InputPorts/FastSpringBoneSpring.cs
 0.1 kb	 0.0% Assets/UniGLTF/Runtime/SpringBoneJobs/InputPorts/FastSpringBoneJoint.cs
 0.1 kb	 0.0% Assets/UniGLTF/Runtime/SpringBoneJobs/InputPorts/FastSpringBoneBuffer.cs
 0.1 kb	 0.0% Assets/UniGLTF/Runtime/SpringBoneJobs/Blittables/BlittableTransform.cs
 0.1 kb	 0.0% Assets/UniGLTF/Runtime/SpringBoneJobs/Blittables/BlittableModelLevel.cs
 0.1 kb	 0.0% Assets/UniGLTF/Runtime/SpringBoneJobs/Blittables/BlittableCollider.cs
 0.1 kb	 0.0% Packages/com.unity.ugui/Runtime/UGUI/EventSystem/InputModules/StandaloneInputModule.cs
 0.1 kb	 0.0% Packages/com.unity.dt.app-ui/Runtime/UI/Attributes/GenerateLowerCaseStrings.cs
 0.1 kb	 0.0% Packages/com.unity.dt.app-ui/Runtime/Redux/DevTools/Instrument/InstrumentedStore.cs
 0.1 kb	 0.0% Packages/com.unity.dt.app-ui/Runtime/Navigation/NavGraphViewAsset.cs
 0.1 kb	 0.0% Packages/com.unity.dt.app-ui/Runtime/Navigation/INavVisualController.cs
 0.1 kb	 0.0% Packages/com.unity.dt.app-ui/Runtime/MVVM/Extensions/ServicesCollectionExtensions.cs
 0.1 kb	 0.0% Packages/com.unity.dt.app-ui/Runtime/MVVM/Extensions/ServiceProviderExtensions.cs
 0.1 kb	 0.0% Packages/com.unity.dt.app-ui/Runtime/MVVM/Attributes/ObservablePropertyAttribute.cs
 0.1 kb	 0.0% Packages/com.unity.dt.app-ui/Runtime/MVVM/Attributes/ObservableObjectAttribute.cs
 0.1 kb	 0.0% Packages/com.unity.collections/Unity.Collections/UnsafeBitArray.cs
 0.1 kb	 0.0% Packages/com.unity.collections/Unity.Collections/UTF8ArrayUnsafeUtility.cs
 0.1 kb	 0.0% Packages/com.unity.collections/Unity.Collections/StreamCompressionModel.cs
 0.1 kb	 0.0% Packages/com.unity.collections/Unity.Collections/NativeArrayExtensions.cs
 0.1 kb	 0.0% Packages/com.unity.collections/Unity.Collections/FixedStringInternalMethods.cs
 0.1 kb	 0.0% Packages/com.unity.collections/Unity.Collections/FixedStringFormatMethods.gen.cs
 0.1 kb	 0.0% Packages/com.unity.burst/Runtime/CompilerServices/SkipLocalsInitAttribute.cs
 0.1 kb	 0.0% Packages/com.unity.burst/Runtime/CompilerServices/IgnoreWarningAttribute.cs
 0.1 kb	 0.0% Packages/com.unity.ai.inference/Runtime/Tokenization/Utility.cs
 0.1 kb	 0.0% Packages/com.unity.ai.inference/Runtime/Tokenization/Token.cs
 0.1 kb	 0.0% Packages/com.unity.ai.inference/Runtime/Tokenization/Encoding.cs
 0.1 kb	 0.0% Packages/com.unity.ai.inference/Runtime/Core/ShapeInference/DynamicTensorShape.cs
 0.1 kb	 0.0% Packages/com.unity.ai.inference/Runtime/Core/Serialization/FlatBuffers/FlatBufferVerify.cs
 0.1 kb	 0.0% Packages/com.unity.ai.inference/Runtime/Core/Serialization/FlatBuffers/ByteBuffer.cs
 0.1 kb	 0.0% Packages/com.unity.ai.inference/Runtime/Core/Layers/Layer.Quantization.cs
 0.1 kb	 0.0% Packages/com.unity.ai.inference/Runtime/Core/Functional/FunctionalTensor.Indexer.cs
 0.1 kb	 0.0% Packages/com.unity.ai.inference/Runtime/Core/Functional/Functional.Vision.Detection.cs
 0.1 kb	 0.0% Packages/com.unity.ai.inference/Runtime/Core/Functional/Functional.Tensor.Creation.cs
 0.1 kb	 0.0% Packages/com.unity.ai.inference/Runtime/Core/Functional/Functional.Tensor.Constant.cs
 0.1 kb	 0.0% Packages/com.unity.ai.inference/Runtime/Core/Functional/Functional.NN.Convolution.cs
 0.1 kb	 0.0% Packages/com.unity.ai.inference/Runtime/Core/Functional/Functional.Math.Reduction.cs
 0.1 kb	 0.0% Packages/com.unity.ai.inference/Runtime/Core/Functional/Functional.Math.Pointwise.cs
 0.1 kb	 0.0% Packages/com.unity.ai.inference/Runtime/Core/Functional/Functional.Math.Comparison.cs
 0.1 kb	 0.0% Packages/com.unity.ai.inference/Runtime/Core/Compiler/Passes/GraphPass.cs
 0.1 kb	 0.0% Packages/com.unity.ai.inference/Runtime/Core/BurstJobsCastTensor.cs
 0.1 kb	 0.0% Packages/com.unity.ai.inference/Runtime/Core/Backends/GPUPixel/TextureTensorData.cs
 0.1 kb	 0.0% Packages/com.unity.ai.inference/Runtime/Core/Backends/GPUPixel/PixelShaderSingleton.cs
 0.1 kb	 0.0% Packages/com.unity.ai.inference/Runtime/Core/Backends/GPUPixel/GPUPixelBurstJobs.cs
 0.1 kb	 0.0% Packages/com.unity.ai.inference/Runtime/Core/Backends/GPUCompute/ComputeTensorData.cs
 0.1 kb	 0.0% Packages/com.unity.ai.inference/Runtime/Core/Backends/GPUCompute/ComputeHelper.PropertyID.cs
 0.1 kb	 0.0% Packages/com.unity.ai.inference/Runtime/Core/Backends/GPUCompute/Compute.Backend.gen.cs
 0.1 kb	 0.0% Packages/com.unity.ai.inference/Runtime/Core/Backends/GPUCompute/CommandBufferHelper.cs
 0.1 kb	 0.0% Packages/com.unity.ai.inference/Runtime/Core/Backends/CPU/NativeTensorArray.cs
 0.1 kb	 0.0% Packages/com.unity.ai.inference/Runtime/Core/Backends/CPU/BurstCPUJobSystem.cs
 0.1 kb	 0.0% Packages/com.unity.ai.inference/Runtime/Core/Backends/CPU/BurstCPU.Jobs.Reduction.gen.cs
 0.1 kb	 0.0% Packages/com.unity.ai.inference/Runtime/Core/Backends/CPU/BurstCPU.Jobs.Normalization.cs
 0.1 kb	 0.0% Packages/com.unity.ai.inference/Runtime/Core/Backends/CPU/BurstCPU.Jobs.IndexingOpsA.cs
 0.1 kb	 0.0% Packages/com.unity.ai.inference/Runtime/Core/Backends/CPU/BurstCPU.Jobs.ImageBased.gen.cs
 0.1 kb	 0.0% Packages/com.unity.ai.inference/Runtime/Core/Backends/CPU/BurstCPU.Jobs.Broadcast.gen.cs
 0.1 kb	 0.0% Packages/com.unity.ai.inference/Runtime/Core/Backends/CPU/BurstCPU.Helper.cs
 0.1 kb	 0.0% Packages/com.github.homuler.mediapipe/Runtime/Scripts/Tasks/Vision/Core/BaseVisionTaskApi.cs
 0.1 kb	 0.0% Packages/com.github.homuler.mediapipe/Runtime/Scripts/Tasks/Components/Containers/Keypoint.cs
 0.1 kb	 0.0% Packages/com.github.homuler.mediapipe/Runtime/Scripts/Protobuf/Util/RegionFlowComputation.cs
 0.1 kb	 0.0% Packages/com.github.homuler.mediapipe/Runtime/Scripts/Protobuf/Tasks/Vision/FaceGeometry/Proto/Mesh3D.cs
 0.1 kb	 0.0% Packages/com.github.homuler.mediapipe/Runtime/Scripts/Protobuf/Tasks/Vision/FaceGeometry/Proto/FaceGeometry.cs
 0.1 kb	 0.0% Packages/com.github.homuler.mediapipe/Runtime/Scripts/Protobuf/Modules/HolisticLandmark/Calculators/RoiTrackingCalculator.cs
 0.1 kb	 0.0% Packages/com.github.homuler.mediapipe/Runtime/Scripts/Protobuf/Calculators/Video/FlowToImageCalculator.cs
 0.1 kb	 0.0% Packages/com.github.homuler.mediapipe/Runtime/Scripts/Protobuf/Calculators/Video/FlowPackagerCalculator.cs
 0.1 kb	 0.0% Packages/com.github.homuler.mediapipe/Runtime/Scripts/Protobuf/Calculators/Video/BoxDetectorCalculator.cs
 0.1 kb	 0.0% Packages/com.github.homuler.mediapipe/Runtime/Scripts/Protobuf/Calculators/Util/ThresholdingCalculator.cs
 0.1 kb	 0.0% Packages/com.github.homuler.mediapipe/Runtime/Scripts/Protobuf/Calculators/Util/AssociationCalculator.cs
 0.1 kb	 0.0% Packages/com.github.homuler.mediapipe/Runtime/Scripts/Protobuf/Calculators/Image/MaskOverlayCalculator.cs
 0.1 kb	 0.0% Packages/com.github.homuler.mediapipe/Runtime/Scripts/Protobuf/Calculators/Core/SplitVectorCalculator.cs
 0.1 kb	 0.0% Packages/com.github.homuler.mediapipe/Runtime/Scripts/Protobuf/Calculators/Core/PacketClonerCalculator.cs
 0.1 kb	 0.0% Packages/com.github.homuler.mediapipe/Runtime/Scripts/Protobuf/Calculators/Core/GraphProfileCalculator.cs
 0.1 kb	 0.0% Packages/com.github.homuler.mediapipe/Runtime/Scripts/Protobuf/Calculators/Core/FlowLimiterCalculator.cs
 0.1 kb	 0.0% Packages/com.github.homuler.mediapipe/Runtime/Scripts/Protobuf/Calculators/Audio/SpectrogramCalculator.cs
 0.1 kb	 0.0% Packages/com.github.homuler.mediapipe/Runtime/Scripts/Marshal/NativeClassificationResult.cs
 0.1 kb	 0.0% Packages/com.github.homuler.mediapipe/Runtime/Scripts/Extension/ProtoMessageClearExtension.cs
 0.1 kb	 0.0% Assets/VRM/Runtime/IO/MaterialIO/VrmMaterialDescriptorGeneratorUtility.cs
 0.1 kb	 0.0% Assets/VRM/Runtime/IO/MaterialIO/BuiltInRP/Import/BuiltInVrmMaterialDescriptorGenerator.cs
 0.1 kb	 0.0% Assets/UniGLTF/Runtime/UniGLTF/IO/TextureIO/Import/UnitySupportedImageTypeDeserializer.cs
 0.1 kb	 0.0% Assets/UniGLTF/Runtime/UniGLTF/IO/TextureIO/Converter/OcclusionMetallicRoughnessConverter.cs
 0.1 kb	 0.0% Assets/UniGLTF/Runtime/UniGLTF/IO/MaterialIO/URP/Import/UrpGltfMaterialDescriptorGenerator.cs
 0.1 kb	 0.0% Assets/UniGLTF/Runtime/UniGLTF/IO/MaterialIO/Import/MaterialDescriptorGeneratorUtility.cs
 0.1 kb	 0.0% Assets/UniGLTF/Runtime/UniGLTF/IO/MaterialIO/BuiltInRP/Import/Materials/BuiltInGltfDefaultMaterialImporter.cs
 0.1 kb	 0.0% Assets/UniGLTF/Runtime/UniGLTF/IO/MaterialIO/BuiltInRP/Export/Materials/BuiltInGenericUnlitMaterialExporter.cs
 0.1 kb	 0.0% Assets/UniGLTF/Runtime/SpringBoneJobs/UpdateFastSpringBoneJob.cs
 0.1 kb	 0.0% Assets/UniGLTF/Runtime/SpringBoneJobs/FastSpringBoneScheduler.cs
 0.1 kb	 0.0% Assets/UniGLTF/Runtime/SpringBoneJobs/FastSpringBoneDisposer.cs
 0.1 kb	 0.0% Assets/KiwiAvatarSystem/Runtime/Validation/KiwiStandaloneWorkloadBreakdownProbe.cs
 0.1 kb	 0.0% Assets/KiwiAvatarSystem/Runtime/Validation/KiwiFramePacingDiagnosticController.cs
 0.1 kb	 0.0% Assets/KiwiAvatarSystem/Runtime/Validation/KiwiFaultInjectionAcceptanceHarness.cs
 0.1 kb	 0.0% Assets/KiwiAvatarSystem/Runtime/Validation/KiwiCommercialTransformWriterAudit.cs
 0.1 kb	 0.0% Assets/KiwiAvatarSystem/Runtime/Validation/KiwiAutomatedValidationController.cs
 0.1 kb	 0.0% Assets/KiwiAvatarSystem/Runtime/TrackingFoundation/KiwiTrackingNormalizationContract.cs
 0.1 kb	 0.0% Assets/KiwiAvatarSystem/Runtime/TrackingFoundation/KiwiExternalTrackingAdapterTemplate.cs
 0.1 kb	 0.0% Assets/KiwiAvatarSystem/Runtime/TrackingFoundation/KiwiCalibrationLifecycleCoordinator.cs
 0.1 kb	 0.0% Assets/KiwiAvatarSystem/Runtime/Optimization/KiwiModelPrimaryFacePartConstraint.cs
 0.1 kb	 0.0% Assets/KiwiAvatarSystem/Runtime/KiwiPrecisionFaceTracker.cs
 0.1 kb	 0.0% Assets/KiwiAvatarSystem/Runtime/Camera/WindowsNativeWebCamSource.cs
 0.1 kb	 0.0% Assets/KiwiAvatarSystem/Runtime/Camera/KiwiNativeCameraTelemetry.cs
 0.1 kb	 0.0% Packages/com.unity.ugui/Runtime/TMP/TMP_ScrollbarEventHandler.cs
 0.1 kb	 0.0% Packages/com.unity.ugui/Runtime/TMP/TMP_PackageResourceImporter.cs
 0.1 kb	 0.0% Packages/com.unity.mathematics/Unity.Mathematics/PropertyAttributes.cs
 0.1 kb	 0.0% Packages/com.unity.dt.app-ui/Runtime/UI/Manipulators/TrackpadGestureManipulator.cs
 0.1 kb	 0.0% Packages/com.unity.dt.app-ui/Runtime/UI/Extensions/FocusControllerExtensions.cs
 0.1 kb	 0.0% Packages/com.unity.dt.app-ui/Runtime/UI/Events/MagnificationGestureEvent.cs
 0.1 kb	 0.0% Packages/com.unity.collections/Unity.Collections/UnsafeList.cs
 0.1 kb	 0.0% Packages/com.unity.collections/Unity.Collections/FixedStringParseMethods.cs
 0.1 kb	 0.0% Packages/com.unity.collections/Unity.Collections/FixedStringAppendMethods.cs
 0.1 kb	 0.0% Packages/com.unity.ai.inference/Runtime/Core/ShapeInference/ShapeInferenceHelper.cs
 0.1 kb	 0.0% Packages/com.unity.ai.inference/Runtime/Core/Serialization/Safetensors/Safetensors.cs
 0.1 kb	 0.0% Packages/com.unity.ai.inference/Runtime/Core/Layers/Layer.Transformation.cs
 0.1 kb	 0.0% Packages/com.unity.ai.inference/Runtime/Core/Layers/Layer.Spectral.cs
 0.1 kb	 0.0% Packages/com.unity.ai.inference/Runtime/Core/Layers/Layer.Normalization.cs
 0.1 kb	 0.0% Packages/com.unity.ai.inference/Runtime/Core/Layers/Layer.Generator.cs
 0.1 kb	 0.0% Packages/com.unity.ai.inference/Runtime/Core/Layers/Layer.Dimension.cs
 0.1 kb	 0.0% Packages/com.unity.ai.inference/Runtime/Core/Graph/SubgraphRewriter.cs
 0.1 kb	 0.0% Packages/com.unity.ai.inference/Runtime/Core/Graph/GraphNamespace.cs
 0.1 kb	 0.0% Packages/com.unity.ai.inference/Runtime/Core/Graph/GraphConverter.cs
 0.1 kb	 0.0% Packages/com.unity.ai.inference/Runtime/Core/Functional/Functional.Tensor.Type.cs
 0.1 kb	 0.0% Packages/com.unity.ai.inference/Runtime/Core/Functional/Functional.Tensor.Random.cs
 0.1 kb	 0.0% Packages/com.unity.ai.inference/Runtime/Core/Functional/Functional.NN.Pooling.cs
 0.1 kb	 0.0% Packages/com.unity.ai.inference/Runtime/Core/Functional/Functional.Math.Spectral.cs
 0.1 kb	 0.0% Packages/com.unity.ai.inference/Runtime/Core/Functional/Functional.Math.Other.cs
 0.1 kb	 0.0% Packages/com.unity.ai.inference/Runtime/Core/Backends/CPU/BurstCPU.Jobs.Pool.gen.cs
 0.1 kb	 0.0% Packages/com.unity.ai.inference/Runtime/Core/Backends/CPU/BurstCPU.Jobs.Pad.gen.cs
 0.1 kb	 0.0% Packages/com.unity.ai.inference/Runtime/Core/Backends/CPU/BurstCPU.Jobs.Logical.cs
 0.1 kb	 0.0% Packages/com.unity.ai.inference/Runtime/Core/Backends/CPU/BurstCPU.Jobs.GenericA.cs
 0.1 kb	 0.0% Packages/com.unity.ai.inference/Runtime/Core/Backends/CPU/BurstCPU.Jobs.Dimension.cs
 0.1 kb	 0.0% Packages/com.unity.ai.inference/Runtime/Core/Backends/CPU/BurstCPU.Jobs.ConvA.gen.cs
 0.1 kb	 0.0% Packages/com.github.homuler.mediapipe/Runtime/Scripts/Unity/CoordinateSystem/ImageCoordinate.cs
 0.1 kb	 0.0% Packages/com.github.homuler.mediapipe/Runtime/Scripts/Unity/Annotation/RectangleListAnnotation.cs
 0.1 kb	 0.0% Packages/com.github.homuler.mediapipe/Runtime/Scripts/Unity/Annotation/MaskOverlayAnnotation.cs
 0.1 kb	 0.0% Packages/com.github.homuler.mediapipe/Runtime/Scripts/Unity/Annotation/MaskAnnotationController.cs
 0.1 kb	 0.0% Packages/com.github.homuler.mediapipe/Runtime/Scripts/Unity/Annotation/HierarchicalAnnotation.cs
 0.1 kb	 0.0% Packages/com.github.homuler.mediapipe/Runtime/Scripts/Unity/Annotation/DetectionListAnnotation.cs
 0.1 kb	 0.0% Packages/com.github.homuler.mediapipe/Runtime/Scripts/Unity/Annotation/ConnectionListAnnotation.cs
 0.1 kb	 0.0% Packages/com.github.homuler.mediapipe/Runtime/Scripts/Protobuf/Calculators/Video/BoxTrackerCalculator.cs
 0.1 kb	 0.0% Packages/com.github.homuler.mediapipe/Runtime/Scripts/Protobuf/Calculators/Util/TopKScoresCalculator.cs
 0.1 kb	 0.0% Packages/com.github.homuler.mediapipe/Runtime/Scripts/Protobuf/Calculators/Tflite/SsdAnchorsCalculator.cs
 0.1 kb	 0.0% Packages/com.github.homuler.mediapipe/Runtime/Scripts/Protobuf/Calculators/Tensor/InferenceCalculator.cs
 0.1 kb	 0.0% Packages/com.github.homuler.mediapipe/Runtime/Scripts/Protobuf/Calculators/Image/WarpAffineCalculator.cs
 0.1 kb	 0.0% Packages/com.github.homuler.mediapipe/Runtime/Scripts/Protobuf/Calculators/Image/ScaleImageCalculator.cs
 0.1 kb	 0.0% Packages/com.github.homuler.mediapipe/Runtime/Scripts/Protobuf/Calculators/Image/ImageCloneCalculator.cs
 0.1 kb	 0.0% Assets/UniGLTF/Runtime/UniGLTF/Format/ExtensionsAndExtras/KHR_materials_emissive_strength.cs
 0.1 kb	 0.0% Assets/UniGLTF/Runtime/SpringBoneJobs/Blittables/BlittableSpring.cs
 0.1 kb	 0.0% Assets/UniGLTF/Runtime/SpringBoneJobs/Blittables/BlittableSpan.cs
 0.1 kb	 0.0% Assets/MediaPipeUnity/Samples/UI/Scripts/ImageSourceConfig.cs
 0.1 kb	 0.0% Packages/com.unity.ugui/Runtime/UGUI/UI/Core/Utility/ReflectionMethodsCache.cs
 0.1 kb	 0.0% Packages/com.unity.ugui/Runtime/UGUI/UI/Core/MultipleDisplayUtilities.cs
 0.1 kb	 0.0% Packages/com.unity.ugui/Runtime/UGUI/UI/Core/Layout/HorizontalLayoutGroup.cs
 0.1 kb	 0.0% Packages/com.unity.ugui/Runtime/UGUI/UI/Core/IGraphicEnabledDisabled.cs
 0.1 kb	 0.0% Packages/com.unity.ugui/Runtime/UGUI/UI/Core/GraphicRebuildTracker.cs
 0.1 kb	 0.0% Packages/com.unity.ugui/Runtime/UGUI/UI/Core/Culling/RectangularVertexClipper.cs
 0.1 kb	 0.0% Packages/com.unity.ugui/Runtime/UGUI/EventSystem/UIElements/PanelEventHandler.cs
 0.1 kb	 0.0% Packages/com.unity.ugui/Runtime/UGUI/EventSystem/Raycasters/Physics2DRaycaster.cs
 0.1 kb	 0.0% Packages/com.unity.ugui/Runtime/UGUI/EventSystem/InputModules/PointerInputModule.cs
 0.1 kb	 0.0% Packages/com.unity.dt.app-ui/Runtime/Redux/DevTools/DiffGenerator.cs
 0.1 kb	 0.0% Packages/com.unity.dt.app-ui/Runtime/Redux/DevTools/DevToolsService.cs
 0.1 kb	 0.0% Packages/com.unity.dt.app-ui/Runtime/Redux/AsyncThunkOptions{T}.cs
 0.1 kb	 0.0% Packages/com.unity.dt.app-ui/Runtime/Redux/AsyncThunkOptions.cs
 0.1 kb	 0.0% Packages/com.unity.dt.app-ui/Runtime/Redux/AsyncThunkActions.cs
 0.1 kb	 0.0% Packages/com.unity.dt.app-ui/Runtime/Navigation/NavigationScreen.cs
 0.1 kb	 0.0% Packages/com.unity.dt.app-ui/Runtime/Navigation/NavigationArgs.cs
 0.1 kb	 0.0% Packages/com.unity.dt.app-ui/Runtime/Navigation/NavGraphViewNode.cs
 0.1 kb	 0.0% Packages/com.unity.dt.app-ui/Runtime/Navigation/NavDestination.cs
 0.1 kb	 0.0% Packages/com.unity.dt.app-ui/Runtime/Navigation/NavController.cs
 0.1 kb	 0.0% Packages/com.unity.dt.app-ui/Runtime/MVVM/App/AppUIServiceCollection.cs
 0.1 kb	 0.0% Packages/com.unity.collections/Unity.Collections/UnsafeText.cs
 0.1 kb	 0.0% Packages/com.unity.collections/Unity.Collections/UnsafeStream.cs
 0.1 kb	 0.0% Packages/com.unity.collections/Unity.Collections/RewindableAllocator.cs
 0.1 kb	 0.0% Packages/com.unity.collections/Unity.Collections/FixedStringMethods.cs
 0.1 kb	 0.0% Packages/com.unity.collections/Unity.Collections/AutoFreeAllocator.cs
 0.1 kb	 0.0% Packages/com.unity.burst/Runtime/CompilerServices/AssumeRangeAttribute.cs
 0.1 kb	 0.0% Packages/com.unity.ai.inference/Runtime/Core/TensorIterator.cs
 0.1 kb	 0.0% Packages/com.unity.ai.inference/Runtime/Core/ShapeInference/PartialTensor.cs
 0.1 kb	 0.0% Packages/com.unity.ai.inference/Runtime/Core/ShapeInference/DynamicTensorDim.cs
 0.1 kb	 0.0% Packages/com.unity.ai.inference/Runtime/Core/Serialization/SentisFlatBuffer/BackendPartitioning.cs
 0.1 kb	 0.0% Packages/com.unity.ai.inference/Runtime/Core/Serialization/ModelUpgrader.cs
 0.1 kb	 0.0% Packages/com.unity.ai.inference/Runtime/Core/Serialization/FlatBuffers/Table.cs
 0.1 kb	 0.0% Packages/com.unity.ai.inference/Runtime/Core/Serialization/FlatBuffers/Struct.cs
 0.1 kb	 0.0% Packages/com.unity.ai.inference/Runtime/Core/Quantization/ModelQuantizer.cs
 0.1 kb	 0.0% Packages/com.unity.ai.inference/Runtime/Core/ProfilerMarkers.cs
 0.1 kb	 0.0% Packages/com.unity.ai.inference/Runtime/Core/Layers/Layer.Pooling.cs
 0.1 kb	 0.0% Packages/com.unity.ai.inference/Runtime/Core/Layers/ConstantTensor.cs
 0.1 kb	 0.0% Packages/com.unity.ai.inference/Runtime/Core/Internals/ModelAssetData.cs
 0.1 kb	 0.0% Packages/com.unity.ai.inference/Runtime/Core/Graph/MatcherUtils.cs
 0.1 kb	 0.0% Packages/com.unity.ai.inference/Runtime/Core/Functional/FunctionalTensor.cs
 0.1 kb	 0.0% Packages/com.unity.ai.inference/Runtime/Core/Functional/FunctionalNode.cs
 0.1 kb	 0.0% Packages/com.unity.ai.inference/Runtime/Core/Functional/FunctionalGraph.cs
 0.1 kb	 0.0% Packages/com.unity.ai.inference/Runtime/Core/Functional/Functional.NN.Vision.cs
 0.1 kb	 0.0% Packages/com.unity.ai.inference/Runtime/Core/Functional/Functional.NN.Sparse.cs
 0.1 kb	 0.0% Packages/com.unity.ai.inference/Runtime/Core/Converters/TextureTransform.cs
 0.1 kb	 0.0% Packages/com.unity.ai.inference/Runtime/Core/Converters/TextureConverter.cs
 0.1 kb	 0.0% Packages/com.unity.ai.inference/Runtime/Core/Backends/TensorAllocator.cs
 0.1 kb	 0.0% Packages/com.unity.ai.inference/Runtime/Core/Backends/ModelValidator.cs
 0.1 kb	 0.0% Packages/com.unity.ai.inference/Runtime/Core/Backends/ModelOptimizer.cs
 0.1 kb	 0.0% Packages/com.unity.ai.inference/Runtime/Core/Backends/GPUCompute/GPUCompute.cs
 0.1 kb	 0.0% Packages/com.unity.ai.inference/Runtime/Core/Backends/GPUCompute/ComputeHelper.cs
 0.1 kb	 0.0% Packages/com.unity.ai.inference/Runtime/Core/Backends/CPU/ReferenceCPU.Einsum.cs
 0.1 kb	 0.0% Packages/com.unity.ai.inference/Runtime/Core/Backends/CPU/MathExtensions.cs
 0.1 kb	 0.0% Packages/com.unity.ai.inference/Runtime/Core/Backends/CPU/BurstCPU.MatMul.gen.cs
 0.1 kb	 0.0% Packages/com.unity.ai.inference/Runtime/Core/Backends/CPU/BurstCPU.Jobs.RNN.cs
 0.1 kb	 0.0% Packages/com.unity.ai.inference/Runtime/Core/Backends/CPU/BurstCPU.Jobs.Other.cs
 0.1 kb	 0.0% Packages/com.unity.ai.inference/Runtime/Core/Backends/CPU/BurstCPU.Jobs.Einsum.cs
 0.1 kb	 0.0% Packages/com.unity.ai.inference/Runtime/Core/Backends/CPU/BurstCPU.Backend.gen.cs
 0.1 kb	 0.0% Packages/com.unity.ai.inference/Runtime/Core/Backends/BackendFactory.cs
 0.1 kb	 0.0% Packages/com.github.homuler.mediapipe/Runtime/Scripts/Unity/Extension/TextureFormatExtension.cs
 0.1 kb	 0.0% Packages/com.github.homuler.mediapipe/Runtime/Scripts/Unity/Experimental/TextureFramePool.cs
 0.1 kb	 0.0% Packages/com.github.homuler.mediapipe/Runtime/Scripts/Tasks/Vision/FaceDetector/FaceDetector.cs
 0.1 kb	 0.0% Packages/com.github.homuler.mediapipe/Runtime/Scripts/Tasks/Core/PacketsCallbackTable.cs
 0.1 kb	 0.0% Packages/com.github.homuler.mediapipe/Runtime/Scripts/Tasks/Audio/Core/BaseAudioTaskApi.cs
 0.1 kb	 0.0% Packages/com.github.homuler.mediapipe/Runtime/Scripts/Protobuf/Util/PushPullFiltering.cs
 0.1 kb	 0.0% Packages/com.github.homuler.mediapipe/Runtime/Scripts/Protobuf/Gpu/GlScalerCalculator.cs
 0.1 kb	 0.0% Packages/com.github.homuler.mediapipe/Runtime/Scripts/Protobuf/Framework/ThreadPoolExecutor.cs
 0.1 kb	 0.0% Packages/com.github.homuler.mediapipe/Runtime/Scripts/Protobuf/Calculators/Image/SetAlphaCalculator.cs
 0.1 kb	 0.0% Packages/com.github.homuler.mediapipe/Runtime/Scripts/Protobuf/Calculators/Image/RecolorCalculator.cs
 0.1 kb	 0.0% Packages/com.github.homuler.mediapipe/Runtime/Scripts/Protobuf/Calculators/Audio/MfccMelCalculators.cs
 0.1 kb	 0.0% Packages/com.github.homuler.mediapipe/Runtime/Scripts/PInvoke/NativeMethods/Gpu/GlCalculatorHelper_Unsafe.cs
 0.1 kb	 0.0% Packages/com.github.homuler.mediapipe/Runtime/Scripts/PInvoke/NativeMethods/Framework/ValidatedGraphConfig_Unsafe.cs
 0.1 kb	 0.0% Packages/com.github.homuler.mediapipe/Runtime/Scripts/PInvoke/NativeMethods/Framework/ValidatedGraphConfig_Safe.cs
 0.1 kb	 0.0% Packages/com.github.homuler.mediapipe/Runtime/Scripts/PInvoke/NativeMethods/Framework/OutputStreamPoller_Unsafe.cs
 0.1 kb	 0.0% Packages/com.github.homuler.mediapipe/Runtime/Scripts/Marshal/NativeDetectionResult.cs
 0.1 kb	 0.0% Packages/com.github.homuler.mediapipe/Runtime/Scripts/Framework/PacketValidatorExtension.cs
 0.1 kb	 0.0% Packages/com.github.homuler.mediapipe/Runtime/Scripts/Framework/PacketGetterExtension.cs
 0.1 kb	 0.0% Packages/com.github.homuler.mediapipe/Runtime/Scripts/External/SerializedProtoVector.cs
 0.1 kb	 0.0% Packages/com.github.homuler.mediapipe/Runtime/Scripts/Core/MediaPipePluginException.cs
 0.1 kb	 0.0% Assets/VRM/Runtime/IO/MaterialIO/URP/Import/UrpVrmMaterialDescriptorGenerator.cs
 0.1 kb	 0.0% Assets/UniGLTF/Runtime/Utils/ForceTransformUniqueName.cs
 0.1 kb	 0.0% Assets/UniGLTF/Runtime/UniGLTF/IO/TextureIO/Import/GltfTextureDescriptorGenerator.cs
 0.1 kb	 0.0% Assets/UniGLTF/Runtime/UniGLTF/IO/Parser/GltfFileWithResourceFilesParser.cs
 0.1 kb	 0.0% Assets/UniGLTF/Runtime/UniGLTF/IO/MeshIO/MeshExporter_SharedVertexBuffer.cs
 0.1 kb	 0.0% Assets/UniGLTF/Runtime/UniGLTF/IO/MeshIO/MeshExporter_DividedVertexBuffer.cs
 0.1 kb	 0.0% Assets/UniGLTF/Runtime/UniGLTF/IO/MaterialIO/URP/Import/Materials/UrpGltfDefaultMaterialImporter.cs
 0.1 kb	 0.0% Assets/UniGLTF/Runtime/UniGLTF/IO/MaterialIO/Import/MaterialImporterParamExtensions.cs
 0.1 kb	 0.0% Assets/UniGLTF/Runtime/UniGLTF/IO/MaterialIO/BuiltInRP/Import/Materials/BuiltInGltfUnlitMaterialImporter.cs
 0.1 kb	 0.0% Assets/UniGLTF/Runtime/UniGLTF/IO/MaterialIO/BuiltInRP/Import/Materials/BuiltInGltfPbrMaterialImporter.cs
 0.1 kb	 0.0% Assets/UniGLTF/Runtime/UniGLTF/IO/MaterialIO/BuiltInRP/Export/Materials/BuiltInUniUnlitMaterialExporter.cs
 0.1 kb	 0.0% Assets/UniGLTF/Runtime/UniGLTF/IO/MaterialIO/BuiltInRP/Export/Materials/BuiltInStandardMaterialExporter.cs
 0.1 kb	 0.0% Assets/UniGLTF/Runtime/UniGLTF/IO/MaterialIO/BuiltInRP/Export/Materials/BuiltInFallbackMaterialExporter.cs
 0.1 kb	 0.0% Assets/UniGLTF/Runtime/UniGLTF/IO/IResponsibilityForDestroyObjects.cs
 0.1 kb	 0.0% Assets/UniGLTF/Runtime/UniGLTF/IO/AwaitCaller/RuntimeOnlyNoThreadAwaitCaller.cs
 0.1 kb	 0.0% Assets/UniGLTF/Runtime/SpringBoneJobs/SpringBoneCollision.cs
 0.1 kb	 0.0% Assets/UniGLTF/Runtime/SpringBoneJobs/Anglelimit/AnglelimitSpherical.cs
 0.1 kb	 0.0% Assets/MediaPipeUnity/Samples/Common/Scripts/ImageSourceProvider.cs
 0.1 kb	 0.0% Assets/KiwiAvatarSystem/Runtime/Validation/KiwiCameraPreviewQualityService.cs
 0.1 kb	 0.0% Assets/KiwiAvatarSystem/Runtime/TrackingFoundation/KiwiCommercialLandmarkRefiner.cs
 0.1 kb	 0.0% Assets/KiwiAvatarSystem/Runtime/Presentation/KiwiFacePartTextureTransaction.cs
 0.1 kb	 0.0% Assets/KiwiAvatarSystem/Runtime/Optimization/KiwiTrackingQuality10Controller.cs
 0.1 kb	 0.0% Assets/KiwiAvatarSystem/Runtime/Optimization/KiwiRecoveryDomainCoordinator.cs
 0.1 kb	 0.0% Assets/KiwiAvatarSystem/Runtime/Optimization/KiwiInferenceRecoveryBootstrap.cs
 0.1 kb	 0.0% Assets/KiwiAvatarSystem/Runtime/Optimization/KiwiFacePartVisibilityRecovery.cs
 0.1 kb	 0.0% Assets/KiwiAvatarSystem/Runtime/Optimization/KiwiFacePartQualityCoordinator.cs
 0.1 kb	 0.0% Assets/KiwiAvatarSystem/Runtime/Optimization/KiwiFacePartPresentationResolver.cs
 0.1 kb	 0.0% Assets/KiwiAvatarSystem/Runtime/Optimization/KiwiFacePartAdaptiveContainment.cs
 0.1 kb	 0.0% Assets/KiwiAvatarSystem/Runtime/Optimization/KiwiFaceAttachmentRecalibration.cs
 0.1 kb	 0.0% Assets/KiwiAvatarSystem/Runtime/Optimization/KiwiCommercialStartupReconciler.cs
 0.1 kb	 0.0% Assets/KiwiAvatarSystem/Runtime/Optimization/KiwiCommercialRigidMotionPolicy.cs
 0.1 kb	 0.0% Assets/KiwiAvatarSystem/Runtime/Optimization/KiwiCommercialQualityGovernor.cs
 0.1 kb	 0.0% Assets/KiwiAvatarSystem/Runtime/Optimization/KiwiCommercialProfileController.cs
 0.1 kb	 0.0% Assets/KiwiAvatarSystem/Runtime/Optimization/KiwiCommercialPresentationTuner.cs
 0.1 kb	 0.0% Assets/KiwiAvatarSystem/Runtime/Optimization/KiwiAvatarRenderMeshOptimizer.cs
 0.1 kb	 0.0% Assets/KiwiAvatarSystem/Runtime/KiwiTrackingStrategyEvaluator.cs
 0.1 kb	 0.0% Assets/KiwiAvatarSystem/Runtime/Camera/KiwiNativeCameraInterop.cs
 0.1 kb	 0.0% Assets/KiwiAvatarSystem/Runtime/Camera/IKiwiFreshFrameSource.cs
 0.1 kb	 0.0% Packages/com.unity.ugui/Runtime/UGUI/UI/Animation/CoroutineTween.cs
 0.1 kb	 0.0% Packages/com.unity.ugui/Runtime/UGUI/EventSystem/EventInterfaces.cs
 0.1 kb	 0.0% Packages/com.unity.ugui/Runtime/TMP/TMPro_ExtensionMethods.cs
 0.1 kb	 0.0% Packages/com.unity.ugui/Runtime/TMP/TMP_TextParsingUtilities.cs
 0.1 kb	 0.0% Packages/com.unity.ugui/Runtime/TMP/TMP_TextElement_Legacy.cs
 0.1 kb	 0.0% Packages/com.unity.ugui/Runtime/TMP/TMP_FontAssetUtilities.cs
 0.1 kb	 0.0% Packages/com.unity.ugui/Runtime/TMP/MaterialReferenceManager.cs
 0.1 kb	 0.0% Packages/com.unity.ugui/Runtime/TMP/FontFeatureCommonGSUB.cs
 0.1 kb	 0.0% Packages/com.unity.dt.app-ui/Runtime/UI/Manipulators/KeyboardFocusController.cs
 0.1 kb	 0.0% Packages/com.unity.dt.app-ui/Runtime/UI/Extensions/VisualElementExtensions.cs
 0.1 kb	 0.0% Packages/com.unity.dt.app-ui/Runtime/UI/Exceptions/ValueOutOfRangeException.cs
 0.1 kb	 0.0% Packages/com.unity.dt.app-ui/Runtime/UI/Attributes/UxmlFilePathAttribute.cs
 0.1 kb	 0.0% Packages/com.unity.dt.app-ui/Runtime/Redux/Exceptions.cs
 0.1 kb	 0.0% Packages/com.unity.dt.app-ui/Runtime/Core/PinchGestureRecognizer.cs
 0.1 kb	 0.0% Packages/com.unity.dt.app-ui/Runtime/Core/AppUIManagerBehaviour.cs
 0.1 kb	 0.0% Packages/com.unity.collections/Unity.Collections/UnsafeQueue.cs
 0.1 kb	 0.0% Packages/com.unity.collections/Unity.Collections/NativeHashMap.cs
 0.1 kb	 0.0% Packages/com.unity.collections/Unity.Collections/FixedStringFormat.gen.cs
 0.1 kb	 0.0% Packages/com.unity.collections/Unity.Collections/FixedString.gen.cs
 0.1 kb	 0.0% Packages/com.unity.ai.inference/Runtime/Core/PluginInterfaces.cs
 0.1 kb	 0.0% Packages/com.unity.ai.inference/Runtime/Core/Layers/Layer.Trigonometric.cs
 0.1 kb	 0.0% Packages/com.unity.ai.inference/Runtime/Core/Layers/Layer.Reduction.cs
 0.1 kb	 0.0% Packages/com.unity.ai.inference/Runtime/Core/Layers/Layer.Random.cs
 0.1 kb	 0.0% Packages/com.unity.ai.inference/Runtime/Core/Layers/Layer.Indexing.cs
 0.1 kb	 0.0% Packages/com.unity.ai.inference/Runtime/Core/Layers/Layer.Convolution.cs
 0.1 kb	 0.0% Packages/com.unity.ai.inference/Runtime/Core/Graph/GraphUtils.cs
 0.1 kb	 0.0% Packages/com.unity.ai.inference/Runtime/Core/Graph/GraphModule.cs
 0.1 kb	 0.0% Packages/com.unity.ai.inference/Runtime/Core/Functional/Functional.Model.cs
 0.1 kb	 0.0% Packages/com.unity.ai.inference/Runtime/Core/Functional/Functional.Layer.cs
 0.1 kb	 0.0% Packages/com.unity.ai.inference/Runtime/Core/Backends/CPU/BurstCPU.Jobs.cs
 0.1 kb	 0.0% Packages/com.unity.ai.inference/Runtime/Core/Backends/CPU/BurstCPU.Backend.cs
 0.1 kb	 0.0% Packages/com.github.homuler.mediapipe/Runtime/Scripts/Unity/RotationAngle.cs
 0.1 kb	 0.0% Packages/com.github.homuler.mediapipe/Runtime/Scripts/Unity/ResourceManager/LocalResourceManager.cs
 0.1 kb	 0.0% Packages/com.github.homuler.mediapipe/Runtime/Scripts/Unity/Extension/ImageFrameExtension.cs
 0.1 kb	 0.0% Packages/com.github.homuler.mediapipe/Runtime/Scripts/Unity/Annotation/RectangleAnnotation.cs
 0.1 kb	 0.0% Packages/com.github.homuler.mediapipe/Runtime/Scripts/Unity/Annotation/PointListAnnotation.cs
 0.1 kb	 0.0% Packages/com.github.homuler.mediapipe/Runtime/Scripts/Unity/Annotation/DetectionAnnotation.cs
 0.1 kb	 0.0% Packages/com.github.homuler.mediapipe/Runtime/Scripts/Unity/Annotation/ConnectionAnnotation.cs
 0.1 kb	 0.0% Packages/com.github.homuler.mediapipe/Runtime/Scripts/Tasks/Components/Containers/Landmark.cs
 0.1 kb	 0.0% Packages/com.github.homuler.mediapipe/Runtime/Scripts/Tasks/Components/Containers/Category.cs
 0.1 kb	 0.0% Packages/com.github.homuler.mediapipe/Runtime/Scripts/Protobuf/Util/MotionEstimation.cs
 0.1 kb	 0.0% Packages/com.github.homuler.mediapipe/Runtime/Scripts/Protobuf/Framework/PacketGenerator.cs
 0.1 kb	 0.0% Packages/com.github.homuler.mediapipe/Runtime/Scripts/Protobuf/Framework/MediapipeOptions.cs
 0.1 kb	 0.0% Packages/com.github.homuler.mediapipe/Runtime/Scripts/Protobuf/Calculators/Util/LogicCalculator.cs
 0.1 kb	 0.0% Packages/com.github.homuler.mediapipe/Runtime/Scripts/PInvoke/NativeMethods/Gpu/GpuBufferFormat_Unsafe.cs
 0.1 kb	 0.0% Packages/com.github.homuler.mediapipe/Runtime/Scripts/PInvoke/NativeMethods/Gpu/GlTextureBuffer_Unsafe.cs
 0.1 kb	 0.0% Packages/com.github.homuler.mediapipe/Runtime/Scripts/PInvoke/NativeMethods/Gpu/GlCalculatorHelper_Safe.cs
 0.1 kb	 0.0% Packages/com.github.homuler.mediapipe/Runtime/Scripts/PInvoke/NativeMethods/Framework/CalculatorGraph_Unsafe.cs
 0.1 kb	 0.0% Assets/UniGLTF/Runtime/UniGLTF/IO/TextureIO/Import/ImportedTextureAccessibility.cs
 0.1 kb	 0.0% Assets/UniGLTF/Runtime/MeshUtility/MeshIntegrationResult.cs
 0.1 kb	 0.0% Assets/MediaPipeUnity/Samples/UI/Scripts/ModalContents.cs
 0.1 kb	 0.0% Packages/com.unity.ugui/Runtime/UGUI/UI/Core/SetPropertyUtility.cs
 0.1 kb	 0.0% Packages/com.unity.ugui/Runtime/UGUI/UI/Core/MaterialModifiers/IMaterialModifier.cs
 0.1 kb	 0.0% Packages/com.unity.ugui/Runtime/UGUI/UI/Core/Layout/VerticalLayoutGroup.cs
 0.1 kb	 0.0% Packages/com.unity.ugui/Runtime/UGUI/UI/Core/Layout/ContentSizeFitter.cs
 0.1 kb	 0.0% Packages/com.unity.ugui/Runtime/UGUI/UI/Core/Layout/AspectRatioFitter.cs
 0.1 kb	 0.0% Packages/com.unity.ugui/Runtime/UGUI/UI/Core/FontUpdateTracker.cs
 0.1 kb	 0.0% Packages/com.unity.ugui/Runtime/UGUI/UI/Core/CanvasUpdateRegistry.cs
 0.1 kb	 0.0% Packages/com.unity.ugui/Runtime/UGUI/UI/Core/AnimationTriggers.cs
 0.1 kb	 0.0% Packages/com.unity.ugui/Runtime/UGUI/EventSystem/UIElements/PanelRaycaster.cs
 0.1 kb	 0.0% Packages/com.unity.ugui/Runtime/UGUI/EventSystem/Raycasters/PhysicsRaycaster.cs
 0.1 kb	 0.0% Packages/com.unity.ugui/Runtime/UGUI/EventSystem/Raycasters/BaseRaycaster.cs
 0.1 kb	 0.0% Packages/com.unity.ugui/Runtime/UGUI/EventSystem/RaycasterManager.cs
 0.1 kb	 0.0% Packages/com.unity.ugui/Runtime/UGUI/EventSystem/RaycastResult.cs
 0.1 kb	 0.0% Packages/com.unity.ugui/Runtime/UGUI/EventSystem/InputModules/TouchInputModule.cs
 0.1 kb	 0.0% Packages/com.unity.ugui/Runtime/UGUI/EventSystem/InputModules/BaseInputModule.cs
 0.1 kb	 0.0% Packages/com.unity.ugui/Runtime/UGUI/EventSystem/ExecuteEvents.cs
 0.1 kb	 0.0% Packages/com.unity.ugui/Runtime/UGUI/EventSystem/EventData/PointerEventData.cs
 0.1 kb	 0.0% Packages/com.unity.ugui/Runtime/UGUI/EventSystem/EventData/BaseEventData.cs
 0.1 kb	 0.0% Packages/com.unity.ugui/Runtime/UGUI/EventSystem/EventData/AxisEventData.cs
 0.1 kb	 0.0% Packages/com.unity.ugui/Runtime/TMP/TMP_TextProcessingStack.cs
 0.1 kb	 0.0% Packages/com.unity.ugui/Runtime/TMP/TMP_FontFeaturesCommon.cs
 0.1 kb	 0.0% Packages/com.unity.mathematics/Unity.Mathematics/rigid_transform.cs
 0.1 kb	 0.0% Packages/com.unity.mathematics/Unity.Mathematics/math_unity_conversion.cs
 0.1 kb	 0.0% Packages/com.unity.mathematics/Unity.Mathematics/affine_transform.cs
 0.1 kb	 0.0% Packages/com.unity.mathematics/Unity.Mathematics/Geometry/MinMaxAABB.cs
 0.1 kb	 0.0% Packages/com.unity.dt.app-ui/Runtime/Redux/StoreExtensions.cs
 0.1 kb	 0.0% Packages/com.unity.dt.app-ui/Runtime/Redux/PartitionedState.cs
 0.1 kb	 0.0% Packages/com.unity.dt.app-ui/Runtime/Redux/DevTools/DevToolsUI.cs
 0.1 kb	 0.0% Packages/com.unity.dt.app-ui/Runtime/Redux/DevTools/Actions.cs
 0.1 kb	 0.0% Packages/com.unity.dt.app-ui/Runtime/Navigation/NavOptions.cs
 0.1 kb	 0.0% Packages/com.unity.dt.app-ui/Runtime/Navigation/NavArgument.cs
 0.1 kb	 0.0% Packages/com.unity.dt.app-ui/Runtime/Navigation/NavAction.cs
 0.1 kb	 0.0% Packages/com.unity.dt.app-ui/Runtime/MVVM/Input/IAsyncRelayCommand.cs
 0.1 kb	 0.0% Packages/com.unity.dt.app-ui/Runtime/MVVM/Input/AsyncRelayCommand{T}.cs
 0.1 kb	 0.0% Packages/com.unity.dt.app-ui/Runtime/MVVM/Input/AsyncRelayCommand.cs
 0.1 kb	 0.0% Packages/com.unity.dt.app-ui/Runtime/MVVM/DependencyInjection/ServiceDescriptor.cs
 0.1 kb	 0.0% Packages/com.unity.dt.app-ui/Runtime/MVVM/DependencyInjection/ServiceCollection.cs
 0.1 kb	 0.0% Packages/com.unity.dt.app-ui/Runtime/MVVM/DependencyInjection/IServiceCollection.cs
 0.1 kb	 0.0% Packages/com.unity.dt.app-ui/Runtime/MVVM/Attributes/ICommandAttribute.cs
 0.1 kb	 0.0% Packages/com.unity.collections/Unity.Collections/xxHash3.StreamingState.cs
 0.1 kb	 0.0% Packages/com.unity.collections/Unity.Collections/NativeSort.cs
 0.1 kb	 0.0% Packages/com.unity.collections/Unity.Collections/NativeBitArray.cs
 0.1 kb	 0.0% Packages/com.unity.collections/Unity.Collections/ListExtensions.cs
 0.1 kb	 0.0% Packages/com.unity.collections/Unity.Collections/Jobs/IJobParallelForDefer.cs
 0.1 kb	 0.0% Packages/com.unity.collections/Unity.Collections/Jobs/IJobParallelForBatch.cs
 0.1 kb	 0.0% Packages/com.unity.collections/Unity.Collections/FixedStringUtils.cs
 0.1 kb	 0.0% Packages/com.unity.collections/Unity.Collections/DataStreamWriter.cs
 0.1 kb	 0.0% Packages/com.unity.collections/Unity.Collections/DataStreamReader.cs
 0.1 kb	 0.0% Packages/com.unity.collections/Unity.Collections/ConcurrentMask.cs
 0.1 kb	 0.0% Packages/com.unity.collections/Unity.Collections/CollectionHelper.cs
 0.1 kb	 0.0% Packages/com.unity.collections/Unity.Collections/AllocatorManager.cs
 0.1 kb	 0.0% Packages/com.unity.burst/Runtime/SafeStringArrayHelper.cs
 0.1 kb	 0.0% Packages/com.unity.burst/Runtime/Editor/BurstEditorOptions.cs
 0.1 kb	 0.0% Packages/com.unity.burst/Runtime/Editor/BurstCompileTarget.cs
 0.1 kb	 0.0% Packages/com.unity.burst/Runtime/Editor/BurstAssemblyDisable.cs
 0.1 kb	 0.0% Packages/com.unity.burst/Runtime/BurstCompileAttribute.cs
 0.1 kb	 0.0% Packages/com.unity.ai.inference/Runtime/Core/TensorShape.cs
 0.1 kb	 0.0% Packages/com.unity.ai.inference/Runtime/Core/TensorIndex.cs
 0.1 kb	 0.0% Packages/com.unity.ai.inference/Runtime/Core/TensorGeneric.cs
 0.1 kb	 0.0% Packages/com.unity.ai.inference/Runtime/Core/TensorData.cs
 0.1 kb	 0.0% Packages/com.unity.ai.inference/Runtime/Core/ShapeInference/EinsumHelper.cs
 0.1 kb	 0.0% Packages/com.unity.ai.inference/Runtime/Core/Serialization/SentisFlatBuffer/ExecutionPlan.cs
 0.1 kb	 0.0% Packages/com.unity.ai.inference/Runtime/Core/Serialization/ModelWriter.cs
 0.1 kb	 0.0% Packages/com.unity.ai.inference/Runtime/Core/Serialization/ModelLoader.cs
 0.1 kb	 0.0% Packages/com.unity.ai.inference/Runtime/Core/Layers/Layer.Recurrent.cs
 0.1 kb	 0.0% Packages/com.unity.ai.inference/Runtime/Core/Layers/Layer.Logical.cs
 0.1 kb	 0.0% Packages/com.unity.ai.inference/Runtime/Core/Layers/Layer.Activation.cs
 0.1 kb	 0.0% Packages/com.unity.ai.inference/Runtime/Core/Internals/ModelAsset.cs
 0.1 kb	 0.0% Packages/com.unity.ai.inference/Runtime/Core/Backends/TensorPool.cs
 0.1 kb	 0.0% Packages/com.unity.ai.inference/Runtime/Core/Backends/ModelStorage.cs
 0.1 kb	 0.0% Packages/com.unity.ai.inference/Runtime/Core/Backends/GPUCompute/ComputeInfo.cs
 0.1 kb	 0.0% Packages/com.unity.ai.inference/Runtime/Core/Backends/CPU/ReferenceCPU.cs
 0.1 kb	 0.0% Packages/com.github.homuler.mediapipe/Runtime/Scripts/Unity/Experimental/TextureFrame.cs
 0.1 kb	 0.0% Packages/com.github.homuler.mediapipe/Runtime/Scripts/Protobuf/Util/ToneEstimation.cs
 0.1 kb	 0.0% Packages/com.github.homuler.mediapipe/Runtime/Scripts/Protobuf/Util/MotionSaliency.cs
 0.1 kb	 0.0% Packages/com.github.homuler.mediapipe/Runtime/Scripts/Protobuf/Util/MotionAnalysis.cs
 0.1 kb	 0.0% Packages/com.github.homuler.mediapipe/Runtime/Scripts/Protobuf/Util/FrameSelection.cs
 0.1 kb	 0.0% Packages/com.github.homuler.mediapipe/Runtime/Scripts/Protobuf/Tasks/Core/Proto/ExternalFile.cs
 0.1 kb	 0.0% Packages/com.github.homuler.mediapipe/Runtime/Scripts/Protobuf/Tasks/Core/Proto/BaseOptions.cs
 0.1 kb	 0.0% Packages/com.github.homuler.mediapipe/Runtime/Scripts/Protobuf/Tasks/Core/Proto/Acceleration.cs
 0.1 kb	 0.0% Packages/com.github.homuler.mediapipe/Runtime/Scripts/Protobuf/Modules/FaceDetection/FaceDetection.cs
 0.1 kb	 0.0% Packages/com.github.homuler.mediapipe/Runtime/Scripts/Protobuf/Gpu/CopyCalculator.cs
 0.1 kb	 0.0% Packages/com.github.homuler.mediapipe/Runtime/Scripts/Protobuf/Framework/StreamHandler.cs
 0.1 kb	 0.0% Packages/com.github.homuler.mediapipe/Runtime/Scripts/Protobuf/Framework/StatusHandler.cs
 0.1 kb	 0.0% Packages/com.github.homuler.mediapipe/Runtime/Scripts/Protobuf/Framework/PacketFactory.cs
 0.1 kb	 0.0% Packages/com.github.homuler.mediapipe/Runtime/Scripts/Protobuf/Framework/Formats/Motion/OpticalFlowFieldData.cs
 0.1 kb	 0.0% Packages/com.github.homuler.mediapipe/Runtime/Scripts/Protobuf/Framework/Formats/ImageFileProperties.cs
 0.1 kb	 0.0% Packages/com.github.homuler.mediapipe/Runtime/Scripts/Protobuf/Framework/Formats/AffineTransformData.cs
 0.1 kb	 0.0% Packages/com.github.homuler.mediapipe/Runtime/Scripts/Protobuf/Framework/CalculatorProfile.cs
 0.1 kb	 0.0% Packages/com.github.homuler.mediapipe/Runtime/Scripts/Protobuf/Framework/CalculatorOptions.cs
 0.1 kb	 0.0% Packages/com.github.homuler.mediapipe/Runtime/Scripts/Protobuf/Calculators/Core/GateCalculator.cs
 0.1 kb	 0.0% Packages/com.github.homuler.mediapipe/Runtime/Scripts/PInvoke/UnsafeNativeMethods.cs
 0.1 kb	 0.0% Packages/com.github.homuler.mediapipe/Runtime/Scripts/PInvoke/SafeNativeMethods.cs
 0.1 kb	 0.0% Packages/com.github.homuler.mediapipe/Runtime/Scripts/PInvoke/NativeMethods/Util/ResourceUtil_Safe.cs
 0.1 kb	 0.0% Packages/com.github.homuler.mediapipe/Runtime/Scripts/PInvoke/NativeMethods/Tasks/TaskRunner_Unsafe.cs
 0.1 kb	 0.0% Packages/com.github.homuler.mediapipe/Runtime/Scripts/PInvoke/NativeMethods/Tasks/Components/Containers_Unsafe.cs
 0.1 kb	 0.0% Packages/com.github.homuler.mediapipe/Runtime/Scripts/PInvoke/NativeMethods/Gpu/GpuResources_Unsafe.cs
 0.1 kb	 0.0% Packages/com.github.homuler.mediapipe/Runtime/Scripts/PInvoke/NativeMethods/Gpu/GpuResources_Safe.cs
 0.1 kb	 0.0% Packages/com.github.homuler.mediapipe/Runtime/Scripts/PInvoke/NativeMethods/Gpu/GpuBufferFormat_Safe.cs
 0.1 kb	 0.0% Packages/com.github.homuler.mediapipe/Runtime/Scripts/PInvoke/NativeMethods/Gpu/GlTextureBuffer_Safe.cs
 0.1 kb	 0.0% Packages/com.github.homuler.mediapipe/Runtime/Scripts/PInvoke/NativeMethods/Framework/Format/ImageFrame_Unsafe.cs
 0.1 kb	 0.0% Packages/com.github.homuler.mediapipe/Runtime/Scripts/PInvoke/NativeMethods/Framework/Calculator_Unsafe.cs
 0.1 kb	 0.0% Packages/com.github.homuler.mediapipe/Runtime/Scripts/PInvoke/NativeMethods/Framework/CalculatorGraph_Safe.cs
 0.1 kb	 0.0% Packages/com.github.homuler.mediapipe/Runtime/Scripts/Marshal/NativeKeypoint.cs
 0.1 kb	 0.0% Packages/com.github.homuler.mediapipe/Runtime/Scripts/Gpu/GpuBufferFormat.cs
 0.1 kb	 0.0% Packages/com.github.homuler.mediapipe/Runtime/Scripts/Gpu/GlCalculatorHelper.cs
 0.1 kb	 0.0% Packages/com.github.homuler.mediapipe/Runtime/Scripts/Framework/ValidatedGraphConfig.cs
 0.1 kb	 0.0% Packages/com.github.homuler.mediapipe/Runtime/Scripts/Extension/ImageFormatExtension.cs
 0.1 kb	 0.0% Packages/com.github.homuler.mediapipe/Runtime/Scripts/Core/MediaPipeException.cs
 0.1 kb	 0.0% Packages/com.github.homuler.mediapipe/Runtime/Scripts/Core/InternalException.cs
 0.1 kb	 0.0% Packages/com.github.homuler.mediapipe/Runtime/Scripts/Core/BadStatusException.cs
 0.1 kb	 0.0% Assets/VRM/Runtime/SpringBone/Vrm0XSpringBoneDefaultRuntime.cs
 0.1 kb	 0.0% Assets/VRM/Runtime/SpringBone/Jobs/FastSpringBoneService.cs
 0.1 kb	 0.0% Assets/VRM/Runtime/SpringBone/Jobs/FastSpringBoneReplacer.cs
 0.1 kb	 0.0% Assets/VRM/Runtime/IO/VrmTextureDescriptorGenerator.cs
 0.1 kb	 0.0% Assets/VRM/Runtime/IO/MaterialIO/BuiltInRP/Import/Materials/BuiltInVrmMToonMaterialImporter.cs
 0.1 kb	 0.0% Assets/VRM/Runtime/IO/MaterialIO/BuiltInRP/Export/Materials/BuiltInVrmMToonMaterialExporter.cs
 0.1 kb	 0.0% Assets/UniGLTF/Runtime/Utils/EuclideanTransform.cs
 0.1 kb	 0.0% Assets/UniGLTF/Runtime/UniJSON/Utf8String/Utf8StringSplitterExtensions.cs
 0.1 kb	 0.0% Assets/UniGLTF/Runtime/UniJSON/ListTreeNode/ListTreeNodeObjectExtensions.cs
 0.1 kb	 0.0% Assets/UniGLTF/Runtime/UniJSON/ListTreeNode/ListTreeNodeArrayExtensions.cs
 0.1 kb	 0.0% Assets/UniGLTF/Runtime/UniGLTF/IO/TextureIO/Import/ITextureDescriptorGenerator.cs
 0.1 kb	 0.0% Assets/UniGLTF/Runtime/UniGLTF/IO/Parser/ZipArchivedGltfFileParser.cs
 0.1 kb	 0.0% Assets/UniGLTF/Runtime/UniGLTF/IO/MaterialIO/URP/Import/Materials/UrpGltfPbrMaterialImporter.cs
 0.1 kb	 0.0% Assets/UniGLTF/Runtime/UniGLTF/IO/MaterialIO/URP/Export/Materials/UrpUniUnlitMaterialExporter.cs
 0.1 kb	 0.0% Assets/UniGLTF/Runtime/UniGLTF/IO/MaterialIO/URP/Export/Materials/UrpFallbackMaterialExporter.cs
 0.1 kb	 0.0% Assets/UniGLTF/Runtime/UniGLTF/IO/MaterialIO/Import/IMaterialDescriptorGenerator.cs
 0.1 kb	 0.0% Assets/UniGLTF/Runtime/UniGLTF/IO/MaterialIO/BuiltInRP/Export/BuiltInGltfMaterialExporter.cs
 0.1 kb	 0.0% Assets/UniGLTF/Runtime/UniGLTF/IO/ImporterContextExtensions.cs
 0.1 kb	 0.0% Assets/UniGLTF/Runtime/UniGLTF/Format/ExtensionsAndExtras/gltf_mesh_extras_targetNames.cs
 0.1 kb	 0.0% Assets/UniGLTF/Runtime/SpringBoneJobs/PushTransformJob.cs
 0.1 kb	 0.0% Assets/UniGLTF/Runtime/SpringBoneJobs/PullTransformJob.cs
 0.1 kb	 0.0% Assets/UniGLTF/Runtime/SpringBoneJobs/Anglelimit/AnglelimitHinge.cs
 0.1 kb	 0.0% Assets/UniGLTF/Runtime/SpringBoneJobs/Anglelimit/AnglelimitCone.cs
 0.1 kb	 0.0% Assets/UniGLTF/Runtime/Extensions/ColorConversionExtensions.cs
 0.1 kb	 0.0% Assets/MediaPipeUnity/Samples/Common/Scripts/ImageSource/StaticImageSource.cs
 0.1 kb	 0.0% Assets/MediaPipeUnity/Samples/Common/Scripts/EnumExtension.cs
 0.1 kb	 0.0% Assets/KiwiAvatarSystem/Runtime/Validation/KiwiUnityFrameTimingProbe.cs
 0.1 kb	 0.0% Assets/KiwiAvatarSystem/Runtime/Validation/KiwiRuntimeValidationHarness.cs
 0.1 kb	 0.0% Assets/KiwiAvatarSystem/Runtime/Validation/KiwiFrameComparisonOverlay.cs
 0.1 kb	 0.0% Assets/KiwiAvatarSystem/Runtime/Validation/KiwiAvatarMeshFeatureAudit.cs
 0.1 kb	 0.0% Assets/KiwiAvatarSystem/Runtime/TrackingFoundation/KiwiRuntimeGenerationContext.cs
 0.1 kb	 0.0% Assets/KiwiAvatarSystem/Runtime/TrackingFoundation/KiwiCanonicalTrackingFrame.cs
 0.1 kb	 0.0% Assets/KiwiAvatarSystem/Runtime/TrackingFoundation/KiwiCalibrationGeneration.cs
 0.1 kb	 0.0% Assets/KiwiAvatarSystem/Runtime/Optimization/KiwiTrackingContinuityState.cs
 0.1 kb	 0.0% Assets/KiwiAvatarSystem/Runtime/Optimization/KiwiTrackingBackendWatchdog.cs
 0.1 kb	 0.0% Assets/KiwiAvatarSystem/Runtime/Optimization/KiwiSideViewEyeContinuity.cs
 0.1 kb	 0.0% Assets/KiwiAvatarSystem/Runtime/Optimization/KiwiRuntimePolicyResolver.cs
 0.1 kb	 0.0% Assets/KiwiAvatarSystem/Runtime/Optimization/KiwiOrtDmlZeroCopyRuntime.cs
 0.1 kb	 0.0% Assets/KiwiAvatarSystem/Runtime/Optimization/KiwiOrtDirectMLShadowRuntime.cs
 0.1 kb	 0.0% Assets/KiwiAvatarSystem/Runtime/Optimization/KiwiMatureVTuberSupervisor.cs
 0.1 kb	 0.0% Assets/KiwiAvatarSystem/Runtime/Optimization/KiwiMatureTrackingTelemetry.cs
 0.1 kb	 0.0% Assets/KiwiAvatarSystem/Runtime/Optimization/KiwiLatencyBudgetController.cs
 0.1 kb	 0.0% Assets/KiwiAvatarSystem/Runtime/Optimization/KiwiInferenceLifecycleGuard.cs
 0.1 kb	 0.0% Assets/KiwiAvatarSystem/Runtime/Optimization/KiwiFacePartSharedTiltLock.cs
 0.1 kb	 0.0% Assets/KiwiAvatarSystem/Runtime/Optimization/KiwiFacePartRigidSampleFrame.cs
 0.1 kb	 0.0% Assets/KiwiAvatarSystem/Runtime/Optimization/KiwiFacePartRigidCenterLock.cs
 0.1 kb	 0.0% Assets/KiwiAvatarSystem/Runtime/Optimization/KiwiFacePartLiveMotionBridge.cs
 0.1 kb	 0.0% Assets/KiwiAvatarSystem/Runtime/Optimization/KiwiFaceChannelContinuity.cs
 0.1 kb	 0.0% Assets/KiwiAvatarSystem/Runtime/Optimization/KiwiDualDomainFaceQuality.cs
 0.1 kb	 0.0% Assets/KiwiAvatarSystem/Runtime/Optimization/KiwiCommercialFacePartPolicy.cs
 0.1 kb	 0.0% Packages/com.unity.ugui/Runtime/TMP/TMPro_EventManager.cs
 0.1 kb	 0.0% Packages/com.unity.ugui/Runtime/TMP/TMP_UpdateRegistery.cs
 0.1 kb	 0.0% Packages/com.unity.ugui/Runtime/TMP/TMP_UpdateManager.cs
 0.1 kb	 0.0% Packages/com.unity.ugui/Runtime/TMP/TMP_TextUtilities.cs
 0.1 kb	 0.0% Packages/com.unity.ugui/Runtime/TMP/TMP_TextProcessingCommon.cs
 0.1 kb	 0.0% Packages/com.unity.ugui/Runtime/TMP/TMP_SpriteCharacter.cs
 0.1 kb	 0.0% Packages/com.unity.ugui/Runtime/TMP/TMP_SpriteAnimator.cs
 0.1 kb	 0.0% Packages/com.unity.ugui/Runtime/TMP/TMP_SelectionCaret.cs
 0.1 kb	 0.0% Packages/com.unity.ugui/Runtime/TMP/TMP_ResourcesManager.cs
 0.1 kb	 0.0% Packages/com.unity.ugui/Runtime/TMP/TMP_MaterialManager.cs
 0.1 kb	 0.0% Packages/com.unity.ugui/Runtime/TMP/TMP_InputValidator.cs
 0.1 kb	 0.0% Packages/com.unity.ugui/Runtime/TMP/TMP_FontFeatureTable.cs
 0.1 kb	 0.0% Packages/com.unity.ugui/Runtime/TMP/TMP_DefaultControls.cs
 0.1 kb	 0.0% Packages/com.unity.ugui/Runtime/TMP/TMP_Compatibility.cs
 0.1 kb	 0.0% Packages/com.unity.ugui/Runtime/TMP/TMP_ColorGradient.cs
 0.1 kb	 0.0% Packages/com.unity.ugui/Runtime/TMP/TMP_CharacterInfo.cs
 0.1 kb	 0.0% Packages/com.unity.ugui/Runtime/TMP/ITextPreProcessor.cs
 0.1 kb	 0.0% Packages/com.unity.ugui/Runtime/TMP/FontFeatureCommonGPOS.cs
 0.1 kb	 0.0% Packages/com.unity.mathematics/Unity.Mathematics/double4x4.gen.cs
 0.1 kb	 0.0% Packages/com.unity.mathematics/Unity.Mathematics/double4x3.gen.cs
 0.1 kb	 0.0% Packages/com.unity.mathematics/Unity.Mathematics/double4x2.gen.cs
 0.1 kb	 0.0% Packages/com.unity.mathematics/Unity.Mathematics/double3x4.gen.cs
 0.1 kb	 0.0% Packages/com.unity.mathematics/Unity.Mathematics/double3x3.gen.cs
 0.1 kb	 0.0% Packages/com.unity.mathematics/Unity.Mathematics/double3x2.gen.cs
 0.1 kb	 0.0% Packages/com.unity.mathematics/Unity.Mathematics/double2x4.gen.cs
 0.1 kb	 0.0% Packages/com.unity.mathematics/Unity.Mathematics/double2x3.gen.cs
 0.1 kb	 0.0% Packages/com.unity.mathematics/Unity.Mathematics/double2x2.gen.cs
 0.1 kb	 0.0% Packages/com.unity.dt.app-ui/Runtime/UI/Manipulators/TooltipManipulator.cs
 0.1 kb	 0.0% Packages/com.unity.dt.app-ui/Runtime/UI/Extensions/UINumericFieldsUtils.cs
 0.1 kb	 0.0% Packages/com.unity.dt.app-ui/Runtime/UI/Extensions/TextFieldExtensions.cs
 0.1 kb	 0.0% Packages/com.unity.dt.app-ui/Runtime/UI/Extensions/KeyCodeExtensions.cs
 0.1 kb	 0.0% Packages/com.unity.dt.app-ui/Runtime/UI/Extensions/GradientExtensions.cs
 0.1 kb	 0.0% Packages/com.unity.dt.app-ui/Runtime/UI/Extensions/EnumerableExtensions.cs
 0.1 kb	 0.0% Packages/com.unity.dt.app-ui/Runtime/UI/Extensions/BackgroundExtensions.cs
 0.1 kb	 0.0% Packages/com.unity.dt.app-ui/Runtime/UI/Events/PinchGestureEvent.cs
 0.1 kb	 0.0% Packages/com.unity.dt.app-ui/Runtime/UI/Events/ActionTriggeredEvent.cs
 0.1 kb	 0.0% Packages/com.unity.dt.app-ui/Runtime/UI/Components/LocalizedTextElement.cs
 0.1 kb	 0.0% Packages/com.unity.dt.app-ui/Runtime/UI/Components/ISelectableElement.cs
 0.1 kb	 0.0% Packages/com.unity.dt.app-ui/Runtime/UI/Components/FloatingActionButton.cs
 0.1 kb	 0.0% Packages/com.unity.dt.app-ui/Runtime/UI/Components/BaseVisualElement.cs
 0.1 kb	 0.0% Packages/com.unity.dt.app-ui/Runtime/UI/Attributes/EnumNameAttribute.cs
 0.1 kb	 0.0% Packages/com.unity.dt.app-ui/Runtime/Redux/Store{TStoreState}.cs
 0.1 kb	 0.0% Packages/com.unity.dt.app-ui/Runtime/Core/WorldSpaceUIDocument.cs
 0.1 kb	 0.0% Packages/com.unity.dt.app-ui/Runtime/Core/NotificationManager.cs
 0.1 kb	 0.0% Packages/com.unity.dt.app-ui/Runtime/Core/LocalizationUtils.cs
 0.1 kb	 0.0% Packages/com.unity.dt.app-ui/Runtime/Core/GestureRecognizer.cs
 0.1 kb	 0.0% Packages/com.unity.collections/Unity.Collections/NativeText.gen.cs
 0.1 kb	 0.0% Packages/com.unity.collections/Unity.Collections/FixedList.gen.cs
 0.1 kb	 0.0% Packages/com.unity.ai.inference/Runtime/Core/Layers/Layer.Math.cs
 0.1 kb	 0.0% Packages/com.unity.ai.inference/Runtime/Core/Graph/SortKey.cs
 0.1 kb	 0.0% Packages/com.unity.ai.inference/Runtime/Core/Graph/NodeSet.cs
 0.1 kb	 0.0% Packages/com.unity.ai.inference/Runtime/Core/Graph/NodeList.cs
 0.1 kb	 0.0% Packages/com.unity.ai.inference/Runtime/Core/Graph/Graph.cs
 0.1 kb	 0.0% Packages/com.unity.ai.inference/Runtime/Core/Graph/Argument.cs
 0.1 kb	 0.0% Packages/com.unity.ai.inference/Runtime/Core/Backends/GPUPixel/GPUPixel.cs
 0.1 kb	 0.0% Packages/com.github.homuler.mediapipe/Runtime/Scripts/Unity/ResourceManager.cs
 0.1 kb	 0.0% Packages/com.github.homuler.mediapipe/Runtime/Scripts/Unity/AsyncGlContext.cs
 0.1 kb	 0.0% Packages/com.github.homuler.mediapipe/Runtime/Scripts/Unity/Annotation/PointAnnotation.cs
 0.1 kb	 0.0% Packages/com.github.homuler.mediapipe/Runtime/Scripts/Unity/Annotation/MaskAnnotation.cs
 0.1 kb	 0.0% Packages/com.github.homuler.mediapipe/Runtime/Scripts/Unity/Annotation/LineAnnotation.cs
 0.1 kb	 0.0% Packages/com.github.homuler.mediapipe/Runtime/Scripts/Unity/Annotation/LabelAnnotation.cs
 0.1 kb	 0.0% Packages/com.github.homuler.mediapipe/Runtime/Scripts/Unity/Annotation/CircleAnnotation.cs
 0.1 kb	 0.0% Packages/com.github.homuler.mediapipe/Runtime/Scripts/Tasks/Components/Containers/Util.cs
 0.1 kb	 0.0% Packages/com.github.homuler.mediapipe/Runtime/Scripts/Tasks/Components/Containers/Rect.cs
 0.1 kb	 0.0% Packages/com.github.homuler.mediapipe/Runtime/Scripts/Protobuf/Util/MotionModels.cs
 0.1 kb	 0.0% Packages/com.github.homuler.mediapipe/Runtime/Scripts/Protobuf/Util/FlowPackager.cs
 0.1 kb	 0.0% Packages/com.github.homuler.mediapipe/Runtime/Scripts/Protobuf/Util/BoxDetector.cs
 0.1 kb	 0.0% Packages/com.github.homuler.mediapipe/Runtime/Scripts/Protobuf/Util/AudioDecoder.cs
 0.1 kb	 0.0% Packages/com.github.homuler.mediapipe/Runtime/Scripts/PInvoke/NativeMethods/Gpu/GpuBuffer_Unsafe.cs
 0.1 kb	 0.0% Packages/com.github.homuler.mediapipe/Runtime/Scripts/PInvoke/NativeMethods/Gpu/GpuBuffer_Safe.cs
 0.1 kb	 0.0% Packages/com.github.homuler.mediapipe/Runtime/Scripts/PInvoke/NativeMethods/Gpu/GlTexture_Unsafe.cs
 0.1 kb	 0.0% Packages/com.github.homuler.mediapipe/Runtime/Scripts/PInvoke/NativeMethods/Gpu/GlTexture_Safe.cs
 0.1 kb	 0.0% Packages/com.github.homuler.mediapipe/Runtime/Scripts/PInvoke/NativeMethods/Gpu/GlContext_Unsafe.cs
 0.1 kb	 0.0% Packages/com.github.homuler.mediapipe/Runtime/Scripts/PInvoke/NativeMethods/Gpu/GlContext_Safe.cs
 0.1 kb	 0.0% Packages/com.github.homuler.mediapipe/Runtime/Scripts/PInvoke/NativeMethods/Framework/Timestamp_Unsafe.cs
 0.1 kb	 0.0% Packages/com.github.homuler.mediapipe/Runtime/Scripts/PInvoke/NativeMethods/Framework/Timestamp_Safe.cs
 0.1 kb	 0.0% Packages/com.github.homuler.mediapipe/Runtime/Scripts/PInvoke/NativeMethods/Framework/Packet_Unsafe.cs
 0.1 kb	 0.0% Packages/com.github.homuler.mediapipe/Runtime/Scripts/PInvoke/NativeMethods/Framework/Format/Matrix_Unsafe.cs
 0.1 kb	 0.0% Packages/com.github.homuler.mediapipe/Runtime/Scripts/PInvoke/NativeMethods/Framework/Format/ImageFrame_Safe.cs
 0.1 kb	 0.0% Packages/com.github.homuler.mediapipe/Runtime/Scripts/PInvoke/NativeMethods/External/Stdlib_Unsafe.cs
 0.1 kb	 0.0% Packages/com.github.homuler.mediapipe/Runtime/Scripts/PInvoke/NativeMethods/External/Protobuf_Unsafe.cs
 0.1 kb	 0.0% Packages/com.github.homuler.mediapipe/Runtime/Scripts/PInvoke/MpReturnCode.cs
 0.1 kb	 0.0% Assets/UniGLTF/Runtime/UniGLTF/Format/ExtensionsAndExtras/KHR_texture_transform.cs
 0.1 kb	 0.0% Assets/UniGLTF/Runtime/MeshUtility/TriangleSeparator.cs
 0.1 kb	 0.0% Assets/UniGLTF/Runtime/MeshUtility/MeshIntegrationGroup.cs
 0.1 kb	 0.0% Assets/MediaPipeUnity/Samples/UI/Scripts/SolutionMenu.cs
 0.1 kb	 0.0% Assets/MediaPipeUnity/Samples/UI/Scripts/ModalButton.cs
 0.1 kb	 0.0% Assets/MediaPipeUnity/Samples/Common/Scripts/TaskApiRunner.cs
 0.1 kb	 0.0% Packages/jp.keijiro.klak.spout/Runtime/SpoutResources.cs
 0.1 kb	 0.0% Packages/jp.keijiro.klak.spout/Runtime/SpoutReceiver.cs
 0.1 kb	 0.0% Packages/com.unity.ugui/Runtime/UGUI/UI/Core/VertexModifiers/PositionAsUV1.cs
 0.1 kb	 0.0% Packages/com.unity.ugui/Runtime/UGUI/UI/Core/VertexModifiers/IMeshModifier.cs
 0.1 kb	 0.0% Packages/com.unity.ugui/Runtime/UGUI/UI/Core/VertexModifiers/BaseMeshEffect.cs
 0.1 kb	 0.0% Packages/com.unity.ugui/Runtime/UGUI/UI/Core/StencilMaterial.cs
 0.1 kb	 0.0% Packages/com.unity.ugui/Runtime/UGUI/UI/Core/MaskableGraphic.cs
 0.1 kb	 0.0% Packages/com.unity.ugui/Runtime/UGUI/UI/Core/MaskUtilities.cs
 0.1 kb	 0.0% Packages/com.unity.ugui/Runtime/UGUI/UI/Core/Layout/LayoutUtility.cs
 0.1 kb	 0.0% Packages/com.unity.ugui/Runtime/UGUI/UI/Core/Layout/LayoutRebuilder.cs
 0.1 kb	 0.0% Packages/com.unity.ugui/Runtime/UGUI/UI/Core/Layout/LayoutElement.cs
 0.1 kb	 0.0% Packages/com.unity.ugui/Runtime/UGUI/UI/Core/Layout/ILayoutElement.cs
 0.1 kb	 0.0% Packages/com.unity.ugui/Runtime/UGUI/UI/Core/Layout/GridLayoutGroup.cs
 0.1 kb	 0.0% Packages/com.unity.ugui/Runtime/UGUI/UI/Core/GraphicRegistry.cs
 0.1 kb	 0.0% Packages/com.unity.ugui/Runtime/UGUI/UI/Core/GraphicRaycaster.cs
 0.1 kb	 0.0% Packages/com.unity.ugui/Runtime/UGUI/UI/Core/DefaultControls.cs
 0.1 kb	 0.0% Packages/com.unity.ugui/Runtime/UGUI/UI/Core/Culling/ClipperRegistry.cs
 0.1 kb	 0.0% Packages/com.unity.ugui/Runtime/UGUI/EventSystem/UIBehaviour.cs
 0.1 kb	 0.0% Packages/com.unity.ugui/Runtime/UGUI/EventSystem/InputModules/BaseInput.cs
 0.1 kb	 0.0% Packages/com.unity.ugui/Runtime/UGUI/EventSystem/EventTrigger.cs
 0.1 kb	 0.0% Packages/com.unity.ugui/Runtime/UGUI/EventSystem/EventSystem.cs
 0.1 kb	 0.0% Packages/com.unity.ugui/Runtime/TMP/TMPro_MeshUtilities.cs
 0.1 kb	 0.0% Packages/com.unity.ugui/Runtime/TMP/TMP_ShaderUtilities.cs
 0.1 kb	 0.0% Packages/com.unity.ugui/Runtime/TMP/TMP_RichTextTagsCommon.cs
 0.1 kb	 0.0% Packages/com.unity.ugui/Runtime/TMP/TMP_FontAssetCommon.cs
 0.1 kb	 0.0% Packages/com.unity.mathematics/Unity.Mathematics/quaternion.cs
 0.1 kb	 0.0% Packages/com.unity.mathematics/Unity.Mathematics/Noise/classicnoise4D.cs
 0.1 kb	 0.0% Packages/com.unity.mathematics/Unity.Mathematics/Noise/classicnoise3D.cs
 0.1 kb	 0.0% Packages/com.unity.mathematics/Unity.Mathematics/Noise/classicnoise2D.cs
 0.1 kb	 0.0% Packages/com.unity.mathematics/Unity.Mathematics/Noise/cellular2x2x2.cs
 0.1 kb	 0.0% Packages/com.unity.mathematics/Unity.Mathematics/Geometry/Plane.cs
 0.1 kb	 0.0% Packages/com.unity.dt.app-ui/Runtime/UI/Attributes/Drawers.cs
 0.1 kb	 0.0% Packages/com.unity.dt.app-ui/Runtime/Redux/StoreFactory.cs
 0.1 kb	 0.0% Packages/com.unity.dt.app-ui/Runtime/Navigation/NavHost.cs
 0.1 kb	 0.0% Packages/com.unity.dt.app-ui/Runtime/Navigation/NavGraph.cs
 0.1 kb	 0.0% Packages/com.unity.dt.app-ui/Runtime/MVVM/UITK/UIToolkitHost.cs
 0.1 kb	 0.0% Packages/com.unity.dt.app-ui/Runtime/MVVM/UITK/IUIToolkitHost.cs
 0.1 kb	 0.0% Packages/com.unity.dt.app-ui/Runtime/MVVM/UITK/IUIToolkitApp.cs
 0.1 kb	 0.0% Packages/com.unity.dt.app-ui/Runtime/MVVM/Input/IRelayCommand.cs
 0.1 kb	 0.0% Packages/com.unity.dt.app-ui/Runtime/MVVM/DependencyInjection/ServiceProvider.cs
 0.1 kb	 0.0% Packages/com.unity.dt.app-ui/Runtime/MVVM/ComponentModel/ObservableObject.cs
 0.1 kb	 0.0% Packages/com.unity.dt.app-ui/Runtime/MVVM/Attributes/ServiceAtribute.cs
 0.1 kb	 0.0% Packages/com.unity.collections/Unity.Collections/UIntFloat.cs
 0.1 kb	 0.0% Packages/com.unity.collections/Unity.Collections/NativeStream.cs
 0.1 kb	 0.0% Packages/com.unity.collections/Unity.Collections/Jobs/EarlyInitHelpers.cs
 0.1 kb	 0.0% Packages/com.unity.burst/Runtime/Intrinsics/SimdDebugViews.cs
 0.1 kb	 0.0% Packages/com.unity.burst/Runtime/Editor/BurstReflection.cs
 0.1 kb	 0.0% Packages/com.unity.burst/Runtime/BurstCompilerOptions.cs
 0.1 kb	 0.0% Packages/com.unity.ai.inference/Runtime/Core/Tensor.cs
 0.1 kb	 0.0% Packages/com.unity.ai.inference/Runtime/Core/Serialization/SentisFlatBuffer/KernelCall.cs
 0.1 kb	 0.0% Packages/com.unity.ai.inference/Runtime/Core/Serialization/SentisFlatBuffer/Instruction.cs
 0.1 kb	 0.0% Packages/com.unity.ai.inference/Runtime/Core/Serialization/SentisFlatBuffer/FloatList.cs
 0.1 kb	 0.0% Packages/com.unity.ai.inference/Runtime/Core/Serialization/SentisFlatBuffer/DataSegment.cs
 0.1 kb	 0.0% Packages/com.unity.ai.inference/Runtime/Core/Random.cs
 0.1 kb	 0.0% Packages/com.unity.ai.inference/Runtime/Core/Model.cs
 0.1 kb	 0.0% Packages/com.unity.ai.inference/Runtime/Core/Logger.cs
 0.1 kb	 0.0% Packages/com.unity.ai.inference/Runtime/Core/Layers/Layer.cs
 0.1 kb	 0.0% Packages/com.unity.ai.inference/Runtime/Core/Layers/Constant.cs
 0.1 kb	 0.0% Packages/com.unity.ai.inference/Runtime/Core/Internals/Debug.cs
 0.1 kb	 0.0% Packages/com.unity.ai.inference/Runtime/Core/Backends/Worker.cs
 0.1 kb	 0.0% Packages/com.unity.ai.inference/Runtime/Core/Backends/OpsUtils.cs
 0.1 kb	 0.0% Packages/com.unity.ai.inference/Runtime/Core/Backends/IBackend.cs
 0.1 kb	 0.0% Packages/com.github.homuler.mediapipe/Runtime/Scripts/Tasks/Core/TaskRunner.cs
 0.1 kb	 0.0% Packages/com.github.homuler.mediapipe/Runtime/Scripts/Tasks/Core/TaskOptions.cs
 0.1 kb	 0.0% Packages/com.github.homuler.mediapipe/Runtime/Scripts/Tasks/Core/BaseOptions.cs
 0.1 kb	 0.0% Packages/com.github.homuler.mediapipe/Runtime/Scripts/Protobuf/Util/ToneModels.cs
 0.1 kb	 0.0% Packages/com.github.homuler.mediapipe/Runtime/Scripts/Protobuf/Util/RegionFlow.cs
 0.1 kb	 0.0% Packages/com.github.homuler.mediapipe/Runtime/Scripts/Protobuf/Util/BoxTracker.cs
 0.1 kb	 0.0% Packages/com.github.homuler.mediapipe/Runtime/Scripts/Protobuf/Gpu/GlContextOptions.cs
 0.1 kb	 0.0% Packages/com.github.homuler.mediapipe/Runtime/Scripts/Protobuf/Framework/Formats/TimeSeriesHeader.cs
 0.1 kb	 0.0% Packages/com.github.homuler.mediapipe/Runtime/Scripts/Protobuf/Framework/Formats/Classification.cs
 0.1 kb	 0.0% Packages/com.github.homuler.mediapipe/Runtime/Scripts/Protobuf/Framework/Formats/Annotation/Rasterization.cs
 0.1 kb	 0.0% Packages/com.github.homuler.mediapipe/Runtime/Scripts/Protobuf/Framework/Calculator.cs
 0.1 kb	 0.0% Packages/com.github.homuler.mediapipe/Runtime/Scripts/Protobuf/Calculators/Util/PacketFrequency.cs
 0.1 kb	 0.0% Packages/com.github.homuler.mediapipe/Runtime/Scripts/PInvoke/NativeMethods/Gpu/Gl_Unsafe.cs
 0.1 kb	 0.0% Packages/com.github.homuler.mediapipe/Runtime/Scripts/PInvoke/NativeMethods/Framework/Packet_Safe.cs
 0.1 kb	 0.0% Packages/com.github.homuler.mediapipe/Runtime/Scripts/PInvoke/NativeMethods/Framework/Format/Rect_Unsafe.cs
 0.1 kb	 0.0% Packages/com.github.homuler.mediapipe/Runtime/Scripts/PInvoke/NativeMethods/Framework/Format/Image_Unsafe.cs
 0.1 kb	 0.0% Packages/com.github.homuler.mediapipe/Runtime/Scripts/PInvoke/NativeMethods/Framework/Format/Image_Safe.cs
 0.1 kb	 0.0% Packages/com.github.homuler.mediapipe/Runtime/Scripts/PInvoke/NativeMethods/External/Glog_Unsafe.cs
 0.1 kb	 0.0% Packages/com.github.homuler.mediapipe/Runtime/Scripts/PInvoke/NativeMethods/External/Absl_Unsafe.cs
 0.1 kb	 0.0% Packages/com.github.homuler.mediapipe/Runtime/Scripts/PInvoke/NativeMethods/External/Absl_Safe.cs
 0.1 kb	 0.0% Packages/com.github.homuler.mediapipe/Runtime/Scripts/Marshal/NativeLandmark.cs
 0.1 kb	 0.0% Packages/com.github.homuler.mediapipe/Runtime/Scripts/Marshal/NativeCategory.cs
 0.1 kb	 0.0% Packages/com.github.homuler.mediapipe/Runtime/Scripts/Gpu/GlTextureInfo.cs
 0.1 kb	 0.0% Packages/com.github.homuler.mediapipe/Runtime/Scripts/Gpu/GlTextureBuffer.cs
 0.1 kb	 0.0% Packages/com.github.homuler.mediapipe/Runtime/Scripts/Framework/CalculatorGraph.cs
 0.1 kb	 0.0% Packages/com.github.homuler.mediapipe/Runtime/Scripts/External/SerializedProto.cs
 0.1 kb	 0.0% Packages/com.github.homuler.mediapipe/Runtime/Scripts/Extension/TaskExtension.cs
 0.1 kb	 0.0% Packages/com.github.homuler.mediapipe/Runtime/Scripts/Extension/ListExtension.cs
 0.1 kb	 0.0% Packages/com.github.homuler.mediapipe/Runtime/Scripts/Core/UniquePtrHandle.cs
 0.1 kb	 0.0% Packages/com.github.homuler.mediapipe/Runtime/Scripts/Core/SharedPtrHandle.cs
 0.1 kb	 0.0% Packages/com.github.homuler.mediapipe/Runtime/Scripts/Core/MpResourceHandle.cs
 0.1 kb	 0.0% Packages/com.github.homuler.mediapipe/Runtime/Scripts/Core/DisposableObject.cs
 0.1 kb	 0.0% Assets/VRM/Runtime/SpringBone/VRMSpringBoneColliderGroup.cs
 0.1 kb	 0.0% Assets/VRM/Runtime/SpringBone/Jobs/Vrm0XFastSpringBoneRuntime.cs
 0.1 kb	 0.0% Assets/VRM/Runtime/LookAt/VRMLookAtBlendShapeApplyer.cs
 0.1 kb	 0.0% Assets/VRM/Runtime/IO/VRMImporterContextExtensions.cs
 0.1 kb	 0.0% Assets/VRM/Runtime/IO/MaterialIO/VrmMaterialExporterUtility.cs
 0.1 kb	 0.0% Assets/VRM/Runtime/IO/MaterialIO/BuiltInRP/Export/BuiltInVrmMaterialExporter.cs
 0.1 kb	 0.0% Assets/VRM/Runtime/Format/glTF_VRM_SecondaryAnimation.cs
 0.1 kb	 0.0% Assets/VRM/Runtime/FirstPerson/VRMFirstPersonCameraManager.cs
 0.1 kb	 0.0% Assets/VRM/Runtime/BlendShape/MaterialValueBindingMerger.cs
 0.1 kb	 0.0% Assets/UniGLTF/UniUnlit/Runtime/UniUnlitContext.cs
 0.1 kb	 0.0% Assets/UniGLTF/Runtime/Utils/TransformState.cs
 0.1 kb	 0.0% Assets/UniGLTF/Runtime/Utils/MathHelper.cs
 0.1 kb	 0.0% Assets/UniGLTF/Runtime/UniJSON/ListTreeNode/ListTreeNodeExtensions.cs
 0.1 kb	 0.0% Assets/UniGLTF/Runtime/UniJSON/Extensions/DateTimeOffsetExtensions.cs
 0.1 kb	 0.0% Assets/UniGLTF/Runtime/UniJSON/Extensions/ArraySegmentExtensions.cs
 0.1 kb	 0.0% Assets/UniGLTF/Runtime/UniHumanoid/SkeletonMeshUtility.cs
 0.1 kb	 0.0% Assets/UniGLTF/Runtime/UniHumanoid/SkeletonEstimator.cs
 0.1 kb	 0.0% Assets/UniGLTF/Runtime/UniHumanoid/IO/BvhImporterContext.cs
 0.1 kb	 0.0% Assets/UniGLTF/Runtime/UniHumanoid/HumanPoseTransfer.cs
 0.1 kb	 0.0% Assets/UniGLTF/Runtime/UniHumanoid/AvatarDescription.cs
 0.1 kb	 0.0% Assets/UniGLTF/Runtime/UniHumanoid/AnimationClipUtility.cs
 0.1 kb	 0.0% Assets/UniGLTF/Runtime/UniGLTF/IO/TextureIO/Import/UnityTextureDeserializer.cs
 0.1 kb	 0.0% Assets/UniGLTF/Runtime/UniGLTF/IO/TextureIO/Import/KtxTextureDeserializer.cs
 0.1 kb	 0.0% Assets/UniGLTF/Runtime/UniGLTF/IO/TextureIO/Import/GltfPbrTextureImporter.cs
 0.1 kb	 0.0% Assets/UniGLTF/Runtime/UniGLTF/IO/TextureIO/Import/DeserializingTextureInfo.cs
 0.1 kb	 0.0% Assets/UniGLTF/Runtime/UniGLTF/IO/TextureIO/Export/RuntimeTextureSerializer.cs
 0.1 kb	 0.0% Assets/UniGLTF/Runtime/UniGLTF/IO/MonoBehaviourComparator.cs
 0.1 kb	 0.0% Assets/UniGLTF/Runtime/UniGLTF/IO/MaterialIO/Utils/InternalMaterialUtils.cs
 0.1 kb	 0.0% Assets/UniGLTF/Runtime/UniGLTF/IO/MaterialIO/URP/Export/UrpGltfMaterialExporter.cs
 0.1 kb	 0.0% Assets/UniGLTF/Runtime/UniGLTF/IO/MaterialIO/URP/Export/Materials/UrpUnlitMaterialExporter.cs
 0.1 kb	 0.0% Assets/UniGLTF/Runtime/UniGLTF/IO/MaterialIO/URP/Export/Materials/UrpLitMaterialExporter.cs
 0.1 kb	 0.0% Assets/UniGLTF/Runtime/UniGLTF/IO/MaterialIO/RenderPipelineUtility.cs
 0.1 kb	 0.0% Assets/UniGLTF/Runtime/UniGLTF/IO/MaterialIO/Import/GltfMaterialImportUtils.cs
 0.1 kb	 0.0% Assets/UniGLTF/Runtime/UniGLTF/IO/MaterialIO/Export/MaterialExporterUtility.cs
 0.1 kb	 0.0% Assets/UniGLTF/Runtime/UniGLTF/IO/MaterialIO/Export/GltfMaterialExportUtils.cs
 0.1 kb	 0.0% Assets/UniGLTF/Runtime/UniGLTF/IO/ImporterContextSpeedLog.cs
 0.1 kb	 0.0% Assets/UniGLTF/Runtime/UniGLTF/IO/ImporterContextSettings.cs
 0.1 kb	 0.0% Assets/UniGLTF/Runtime/UniGLTF/IO/ForceGltfNodeUniqueName.cs
 0.1 kb	 0.0% Assets/UniGLTF/Runtime/UniGLTF/IO/ExtensionSupportFlags.cs
 0.1 kb	 0.0% Assets/UniGLTF/Runtime/UniGLTF/IO/AwaitCaller/TinyManagedTaskScheduler.cs
 0.1 kb	 0.0% Assets/UniGLTF/Runtime/UniGLTF/IO/AwaitCaller/RuntimeOnlyAwaitCaller.cs
 0.1 kb	 0.0% Assets/UniGLTF/Runtime/UniGLTF/IO/AwaitCaller/NextFrameTaskScheduler.cs
 0.1 kb	 0.0% Assets/UniGLTF/Runtime/UniGLTF/IO/AnimationIO/Import/AnimationImporterUtil.cs
 0.1 kb	 0.0% Assets/UniGLTF/Runtime/SpringBoneJobs/Anglelimit/Anglelimit.cs
 0.1 kb	 0.0% Assets/Script/SurfaceFittedRawImage.cs
 0.1 kb	 0.0% Assets/Script/KiwiStandaloneRuntime.cs
 0.1 kb	 0.0% Assets/Script/KiwiExpressionReaction.cs
 0.1 kb	 0.0% Assets/MediaPipeUnity/Samples/Common/Scripts/WaitForResult.cs
 0.1 kb	 0.0% Assets/MediaPipeUnity/Samples/Common/Scripts/RunningMode.cs
 0.1 kb	 0.0% Assets/MediaPipeUnity/Samples/Common/Scripts/GraphRunner.cs
 0.1 kb	 0.0% Assets/MediaPipeUnity/Samples/Common/Scripts/Bootstrap.cs
 0.1 kb	 0.0% Assets/MediaPipeUnity/Samples/Common/Scripts/AssetLoader.cs
 0.1 kb	 0.0% Assets/MediaPipeUnity/Samples/Common/Scripts/AppSettings.cs
 0.1 kb	 0.0% Assets/KiwiAvatarSystem/Runtime/Validation/KiwiCadenceNoCsvProbe.cs
 0.1 kb	 0.0% Assets/KiwiAvatarSystem/Runtime/TrackingFoundation/KiwiTrackingProviderHub.cs
 0.1 kb	 0.0% Assets/KiwiAvatarSystem/Runtime/Optimization/KiwiMeshOptimizerInterop.cs
 0.1 kb	 0.0% Assets/KiwiAvatarSystem/Runtime/Optimization/KiwiFrameContinuityMath.cs
 0.1 kb	 0.0% Assets/KiwiAvatarSystem/Runtime/Optimization/KiwiFacePartAnatomyGuard.cs
 0.1 kb	 0.0% Assets/KiwiAvatarSystem/Runtime/Optimization/KiwiCommercialSetupPanel.cs
 0.1 kb	 0.0% Assets/KiwiAvatarSystem/Runtime/Optimization/KiwiCommercialPathfinder.cs
 0.1 kb	 0.0% Assets/KiwiAvatarSystem/Runtime/Optimization/KiwiActorFaceCalibration.cs
 0.1 kb	 0.0% Assets/KiwiAvatarSystem/Runtime/KiwiWindowsFilePicker.cs
 0.1 kb	 0.0% Assets/KiwiAvatarSystem/Runtime/KiwiMobilePermissionGate.cs
 0.1 kb	 0.0% Assets/KiwiAvatarSystem/Runtime/KiwiAvatarRuntimePanel.cs
 0.1 kb	 0.0% Assets/KiwiAvatarSystem/Runtime/KiwiAvatarRuntimeManager.cs
 0.1 kb	 0.0% Assets/KiwiAvatarSystem/Runtime/KiwiAdaptiveFaceFitter.cs
 0.1 kb	 0.0% Packages/com.unity.ugui/Runtime/TMP/TextMeshProUGUI.cs
 0.1 kb	 0.0% Packages/com.unity.ugui/Runtime/TMP/TextContainer.cs
 0.1 kb	 0.0% Packages/com.unity.ugui/Runtime/TMP/TMP_TextElement.cs
 0.1 kb	 0.0% Packages/com.unity.ugui/Runtime/TMP/TMP_SubMeshUI.cs
 0.1 kb	 0.0% Packages/com.unity.ugui/Runtime/TMP/TMP_StyleSheet.cs
 0.1 kb	 0.0% Packages/com.unity.ugui/Runtime/TMP/TMP_SpriteGlyph.cs
 0.1 kb	 0.0% Packages/com.unity.ugui/Runtime/TMP/TMP_SpriteAsset.cs
 0.1 kb	 0.0% Packages/com.unity.ugui/Runtime/TMP/TMP_InputField.cs
 0.1 kb	 0.0% Packages/com.unity.ugui/Runtime/TMP/TMP_FontAsset.cs
 0.1 kb	 0.0% Packages/com.unity.ugui/Runtime/TMP/TMP_CoroutineTween.cs
 0.1 kb	 0.0% Packages/com.unity.ugui/Runtime/TMP/TMP_Character.cs
 0.1 kb	 0.0% Packages/com.unity.mathematics/Unity.Mathematics/uint4x4.gen.cs
 0.1 kb	 0.0% Packages/com.unity.mathematics/Unity.Mathematics/uint4x3.gen.cs
 0.1 kb	 0.0% Packages/com.unity.mathematics/Unity.Mathematics/uint4x2.gen.cs
 0.1 kb	 0.0% Packages/com.unity.mathematics/Unity.Mathematics/uint4.gen.cs
 0.1 kb	 0.0% Packages/com.unity.mathematics/Unity.Mathematics/uint3x4.gen.cs
 0.1 kb	 0.0% Packages/com.unity.mathematics/Unity.Mathematics/uint3x3.gen.cs
 0.1 kb	 0.0% Packages/com.unity.mathematics/Unity.Mathematics/uint3x2.gen.cs
 0.1 kb	 0.0% Packages/com.unity.mathematics/Unity.Mathematics/uint3.gen.cs
 0.1 kb	 0.0% Packages/com.unity.mathematics/Unity.Mathematics/uint2x4.gen.cs
 0.1 kb	 0.0% Packages/com.unity.mathematics/Unity.Mathematics/uint2x3.gen.cs
 0.1 kb	 0.0% Packages/com.unity.mathematics/Unity.Mathematics/uint2x2.gen.cs
 0.1 kb	 0.0% Packages/com.unity.mathematics/Unity.Mathematics/uint2.gen.cs
 0.1 kb	 0.0% Packages/com.unity.mathematics/Unity.Mathematics/int4x4.gen.cs
 0.1 kb	 0.0% Packages/com.unity.mathematics/Unity.Mathematics/int4x3.gen.cs
 0.1 kb	 0.0% Packages/com.unity.mathematics/Unity.Mathematics/int4x2.gen.cs
 0.1 kb	 0.0% Packages/com.unity.mathematics/Unity.Mathematics/int3x4.gen.cs
 0.1 kb	 0.0% Packages/com.unity.mathematics/Unity.Mathematics/int3x3.gen.cs
 0.1 kb	 0.0% Packages/com.unity.mathematics/Unity.Mathematics/int3x2.gen.cs
 0.1 kb	 0.0% Packages/com.unity.mathematics/Unity.Mathematics/int2x4.gen.cs
 0.1 kb	 0.0% Packages/com.unity.mathematics/Unity.Mathematics/int2x3.gen.cs
 0.1 kb	 0.0% Packages/com.unity.mathematics/Unity.Mathematics/int2x2.gen.cs
 0.1 kb	 0.0% Packages/com.unity.mathematics/Unity.Mathematics/half4.gen.cs
 0.1 kb	 0.0% Packages/com.unity.mathematics/Unity.Mathematics/half3.gen.cs
 0.1 kb	 0.0% Packages/com.unity.mathematics/Unity.Mathematics/half2.gen.cs
 0.1 kb	 0.0% Packages/com.unity.mathematics/Unity.Mathematics/float4x4.gen.cs
 0.1 kb	 0.0% Packages/com.unity.mathematics/Unity.Mathematics/float4x3.gen.cs
 0.1 kb	 0.0% Packages/com.unity.mathematics/Unity.Mathematics/float4x2.gen.cs
 0.1 kb	 0.0% Packages/com.unity.mathematics/Unity.Mathematics/float4.gen.cs
 0.1 kb	 0.0% Packages/com.unity.mathematics/Unity.Mathematics/float3x4.gen.cs
 0.1 kb	 0.0% Packages/com.unity.mathematics/Unity.Mathematics/float3x3.gen.cs
 0.1 kb	 0.0% Packages/com.unity.mathematics/Unity.Mathematics/float3x2.gen.cs
 0.1 kb	 0.0% Packages/com.unity.mathematics/Unity.Mathematics/float3.gen.cs
 0.1 kb	 0.0% Packages/com.unity.mathematics/Unity.Mathematics/float2x4.gen.cs
 0.1 kb	 0.0% Packages/com.unity.mathematics/Unity.Mathematics/float2x3.gen.cs
 0.1 kb	 0.0% Packages/com.unity.mathematics/Unity.Mathematics/float2x2.gen.cs
 0.1 kb	 0.0% Packages/com.unity.mathematics/Unity.Mathematics/float2.gen.cs
 0.1 kb	 0.0% Packages/com.unity.mathematics/Unity.Mathematics/double4.gen.cs
 0.1 kb	 0.0% Packages/com.unity.mathematics/Unity.Mathematics/double3.gen.cs
 0.1 kb	 0.0% Packages/com.unity.mathematics/Unity.Mathematics/double2.gen.cs
 0.1 kb	 0.0% Packages/com.unity.mathematics/Unity.Mathematics/bool4x4.gen.cs
 0.1 kb	 0.0% Packages/com.unity.mathematics/Unity.Mathematics/bool4x3.gen.cs
 0.1 kb	 0.0% Packages/com.unity.mathematics/Unity.Mathematics/bool4x2.gen.cs
 0.1 kb	 0.0% Packages/com.unity.mathematics/Unity.Mathematics/bool4.gen.cs
 0.1 kb	 0.0% Packages/com.unity.mathematics/Unity.Mathematics/bool3x4.gen.cs
 0.1 kb	 0.0% Packages/com.unity.mathematics/Unity.Mathematics/bool3x3.gen.cs
 0.1 kb	 0.0% Packages/com.unity.mathematics/Unity.Mathematics/bool3x2.gen.cs
 0.1 kb	 0.0% Packages/com.unity.mathematics/Unity.Mathematics/bool3.gen.cs
 0.1 kb	 0.0% Packages/com.unity.mathematics/Unity.Mathematics/bool2x4.gen.cs
 0.1 kb	 0.0% Packages/com.unity.mathematics/Unity.Mathematics/bool2x3.gen.cs
 0.1 kb	 0.0% Packages/com.unity.mathematics/Unity.Mathematics/bool2x2.gen.cs
 0.1 kb	 0.0% Packages/com.unity.mathematics/Unity.Mathematics/bool2.gen.cs
 0.1 kb	 0.0% Packages/com.unity.mathematics/Unity.Mathematics/Noise/psrdnoise2D.cs
 0.1 kb	 0.0% Packages/com.unity.mathematics/Unity.Mathematics/Noise/noise3Dgrad.cs
 0.1 kb	 0.0% Packages/com.unity.mathematics/Unity.Mathematics/Noise/cellular3D.cs
 0.1 kb	 0.0% Packages/com.unity.mathematics/Unity.Mathematics/Noise/cellular2x2.cs
 0.1 kb	 0.0% Packages/com.unity.mathematics/Unity.Mathematics/Noise/cellular2D.cs
 0.1 kb	 0.0% Packages/com.unity.dt.app-ui/Runtime/UI/Popups/DialogTrigger.cs
 0.1 kb	 0.0% Packages/com.unity.dt.app-ui/Runtime/UI/Popups/AnchorPopupUtils.cs
 0.1 kb	 0.0% Packages/com.unity.dt.app-ui/Runtime/UI/Popups/AnchorPopup.cs
 0.1 kb	 0.0% Packages/com.unity.dt.app-ui/Runtime/UI/Manipulators/PanAndZoomable.cs
 0.1 kb	 0.0% Packages/com.unity.dt.app-ui/Runtime/UI/Manipulators/BlinkingCursor.cs
 0.1 kb	 0.0% Packages/com.unity.dt.app-ui/Runtime/UI/Extensions/SingleExtensions.cs
 0.1 kb	 0.0% Packages/com.unity.dt.app-ui/Runtime/UI/Extensions/RectExtensions.cs
 0.1 kb	 0.0% Packages/com.unity.dt.app-ui/Runtime/UI/Extensions/MaterialUtils.cs
 0.1 kb	 0.0% Packages/com.unity.dt.app-ui/Runtime/UI/Extensions/EnumExtensions.cs
 0.1 kb	 0.0% Packages/com.unity.dt.app-ui/Runtime/UI/Extensions/ColorExtensions.cs
 0.1 kb	 0.0% Packages/com.unity.dt.app-ui/Runtime/UI/Events/PanGestureEvent.cs
 0.1 kb	 0.0% Packages/com.unity.dt.app-ui/Runtime/UI/Events/DpiChangedEvent.cs
 0.1 kb	 0.0% Packages/com.unity.dt.app-ui/Runtime/UI/Components/Vector3IntField.cs
 0.1 kb	 0.0% Packages/com.unity.dt.app-ui/Runtime/UI/Components/Vector2IntField.cs
 0.1 kb	 0.0% Packages/com.unity.dt.app-ui/Runtime/UI/Components/TouchSliderInt.cs
 0.1 kb	 0.0% Packages/com.unity.dt.app-ui/Runtime/UI/Components/TouchSliderFloat.cs
 0.1 kb	 0.0% Packages/com.unity.dt.app-ui/Runtime/UI/Components/RangeSliderInt.cs
 0.1 kb	 0.0% Packages/com.unity.dt.app-ui/Runtime/UI/Components/RangeSliderFloat.cs
 0.1 kb	 0.0% Packages/com.unity.dt.app-ui/Runtime/UI/Components/PageIndicator.cs
 0.1 kb	 0.0% Packages/com.unity.dt.app-ui/Runtime/UI/Components/LinearProgress.cs
 0.1 kb	 0.0% Packages/com.unity.dt.app-ui/Runtime/UI/Components/ISizeableElement.cs
 0.1 kb	 0.0% Packages/com.unity.dt.app-ui/Runtime/UI/Components/ExVisualElement.cs
 0.1 kb	 0.0% Packages/com.unity.dt.app-ui/Runtime/UI/Components/ContextProvider.cs
 0.1 kb	 0.0% Packages/com.unity.dt.app-ui/Runtime/UI/Components/CircularProgress.cs
 0.1 kb	 0.0% Packages/com.unity.dt.app-ui/Runtime/UI/Components/CanvasBackground.cs
 0.1 kb	 0.0% Packages/com.unity.dt.app-ui/Runtime/UI/Components/BoundsIntField.cs
 0.1 kb	 0.0% Packages/com.unity.dt.app-ui/Runtime/UI/Components/BaseTextElement.cs
 0.1 kb	 0.0% Packages/com.unity.dt.app-ui/Runtime/UI/Components/AssetTargetField.cs
 0.1 kb	 0.0% Packages/com.unity.dt.app-ui/Runtime/Redux/Interfaces.cs
 0.1 kb	 0.0% Packages/com.unity.dt.app-ui/Runtime/MVVM/Input/RelayCommand{T}.cs
 0.1 kb	 0.0% Packages/com.unity.dt.app-ui/Runtime/Core/StringExtensions.cs
 0.1 kb	 0.0% Packages/com.unity.dt.app-ui/Runtime/Core/Extensions/TouchExtensions.cs
 0.1 kb	 0.0% Packages/com.unity.dt.app-ui/Runtime/Core/Extensions/TaskExtensions.cs
 0.1 kb	 0.0% Packages/com.unity.dt.app-ui/Runtime/Core/AssetReference.cs
 0.1 kb	 0.0% Packages/com.unity.dt.app-ui/Runtime/Core/AppUISettings.cs
 0.1 kb	 0.0% Packages/com.unity.collections/Unity.Collections/xxHash3.AVX2.cs
 0.1 kb	 0.0% Packages/com.unity.burst/Runtime/Intrinsics/Arm/NEON_AArch64_rdma.cs
 0.1 kb	 0.0% Packages/com.unity.burst/Runtime/Intrinsics/Arm/NEON_AArch64_dotprod.cs
 0.1 kb	 0.0% Packages/com.unity.burst/Runtime/Intrinsics/Arm/NEON_AArch64_crypto.cs
 0.1 kb	 0.0% Packages/com.unity.ai.inference/Runtime/Core/Graph/Node.cs
 0.1 kb	 0.0% Packages/com.github.homuler.mediapipe/Runtime/Scripts/Unity/GpuManager.cs
 0.1 kb	 0.0% Packages/com.github.homuler.mediapipe/Runtime/Scripts/Unity/Annotation/Connection.cs
 0.1 kb	 0.0% Packages/com.github.homuler.mediapipe/Runtime/Scripts/Tasks/Components/Processors/ClassifierOptions.cs
 0.1 kb	 0.0% Packages/com.github.homuler.mediapipe/Runtime/Scripts/Protobuf/Util/Tracking.cs
 0.1 kb	 0.0% Packages/com.github.homuler.mediapipe/Runtime/Scripts/Protobuf/Util/LabelMap.cs
 0.1 kb	 0.0% Packages/com.github.homuler.mediapipe/Runtime/Scripts/Protobuf/Calculators/Util/Latency.cs
 0.1 kb	 0.0% Packages/com.github.homuler.mediapipe/Runtime/Scripts/PInvoke/NativeMethods/Gpu/Gl_Safe.cs
 0.1 kb	 0.0% Assets/VRM/Runtime/SpringBone/Logic/SpringBoneSettings.cs
 0.1 kb	 0.0% Assets/VRM/Runtime/SpringBone/Logic/SpringBoneJointState.cs
 0.1 kb	 0.0% Assets/VRM/Runtime/SpringBone/Logic/SpringBoneJointInit.cs
 0.1 kb	 0.0% Assets/UniGLTF/Runtime/UniGLTF/IO/ZipArchiveStorage.cs
 0.1 kb	 0.0% Assets/UniGLTF/Runtime/UniGLTF/Format/ExtensionsAndExtras/KHR_texture_basisu.cs
 0.1 kb	 0.0% Assets/UniGLTF/Runtime/UniGLTF/Format/ExtensionsAndExtras/KHR_materials_unlit.cs
 0.1 kb	 0.0% Assets/UniGLTF/Runtime/MeshUtility/MeshIntegrator.cs
 0.1 kb	 0.0% Assets/UniGLTF/Runtime/MeshUtility/MeshExtensions.cs
 0.1 kb	 0.0% Assets/UniGLTF/Runtime/MeshUtility/MeshAttachInfo.cs
 0.1 kb	 0.0% Assets/UniGLTF/Runtime/MeshUtility/GltfMeshUtility.cs
 0.1 kb	 0.0% Assets/UniGLTF/Runtime/MeshUtility/BoneNormalizer.cs
 0.1 kb	 0.0% Assets/UniGLTF/Runtime/MeshUtility/BoneMeshEraser.cs
 0.1 kb	 0.0% Assets/UniGLTF/Runtime/MeshUtility/BlendShapeReport.cs
 0.1 kb	 0.0% Assets/UniGLTF/Runtime/MeshUtility/BindposeGizmo.cs
 0.1 kb	 0.0% Assets/MediaPipeUnity/Samples/UI/Scripts/Modal.cs
 0.1 kb	 0.0% Packages/jp.keijiro.klak.spout/Runtime/SpoutSender.cs
 0.1 kb	 0.0% Packages/jp.keijiro.klak.spout/Runtime/SpoutManager.cs
 0.1 kb	 0.0% Packages/jp.keijiro.klak.spout/Runtime/Internal/MemoryPool.cs
 0.1 kb	 0.0% Packages/com.unity.ugui/Runtime/UGUI/UI/Core/Utility/VertexHelper.cs
 0.1 kb	 0.0% Packages/com.unity.ugui/Runtime/UGUI/UI/Core/ToggleGroup.cs
 0.1 kb	 0.0% Packages/com.unity.ugui/Runtime/UGUI/UI/Core/SpriteState.cs
 0.1 kb	 0.0% Packages/com.unity.ugui/Runtime/UGUI/UI/Core/Selectable.cs
 0.1 kb	 0.0% Packages/com.unity.ugui/Runtime/UGUI/UI/Core/Scrollbar.cs
 0.1 kb	 0.0% Packages/com.unity.ugui/Runtime/UGUI/UI/Core/ScrollRect.cs
 0.1 kb	 0.0% Packages/com.unity.ugui/Runtime/UGUI/UI/Core/RectMask2D.cs
 0.1 kb	 0.0% Packages/com.unity.ugui/Runtime/UGUI/UI/Core/Navigation.cs
 0.1 kb	 0.0% Packages/com.unity.ugui/Runtime/UGUI/UI/Core/Layout/LayoutGroup.cs
 0.1 kb	 0.0% Packages/com.unity.ugui/Runtime/UGUI/UI/Core/Layout/CanvasScaler.cs
 0.1 kb	 0.0% Packages/com.unity.ugui/Runtime/UGUI/UI/Core/InputField.cs
 0.1 kb	 0.0% Packages/com.unity.ugui/Runtime/UGUI/UI/Core/IMaskable.cs
 0.1 kb	 0.0% Packages/com.unity.ugui/Runtime/UGUI/UI/Core/ColorBlock.cs
 0.1 kb	 0.0% Packages/com.unity.mathematics/Unity.Mathematics/random.cs
 0.1 kb	 0.0% Packages/com.unity.mathematics/Unity.Mathematics/matrix.gen.cs
 0.1 kb	 0.0% Packages/com.unity.mathematics/Unity.Mathematics/matrix.cs
 0.1 kb	 0.0% Packages/com.unity.mathematics/Unity.Mathematics/Noise/noise4D.cs
 0.1 kb	 0.0% Packages/com.unity.mathematics/Unity.Mathematics/Noise/noise3D.cs
 0.1 kb	 0.0% Packages/com.unity.mathematics/Unity.Mathematics/Noise/noise2D.cs
 0.1 kb	 0.0% Packages/com.unity.mathematics/Unity.Mathematics/Noise/common.cs
 0.1 kb	 0.0% Packages/com.unity.dt.app-ui/Runtime/Undo/UndoStack.cs
 0.1 kb	 0.0% Packages/com.unity.dt.app-ui/Runtime/Undo/UndoCommand.cs
 0.1 kb	 0.0% Packages/com.unity.dt.app-ui/Runtime/Redux/Thunk.cs
 0.1 kb	 0.0% Packages/com.unity.dt.app-ui/Runtime/Redux/Store.cs
 0.1 kb	 0.0% Packages/com.unity.dt.app-ui/Runtime/Redux/Slice.cs
 0.1 kb	 0.0% Packages/com.unity.dt.app-ui/Runtime/Redux/Action.cs
 0.1 kb	 0.0% Packages/com.unity.dt.app-ui/Runtime/MVVM/Input/RelayCommand.cs
 0.1 kb	 0.0% Packages/com.unity.dt.app-ui/Runtime/MVVM/App/AppBuilder.cs
 0.1 kb	 0.0% Packages/com.unity.collections/Unity.Collections/xxHash3.cs
 0.1 kb	 0.0% Packages/com.unity.collections/Unity.Collections/Unicode.cs
 0.1 kb	 0.0% Packages/com.unity.collections/Unity.Collections/Memory.cs
 0.1 kb	 0.0% Packages/com.unity.collections/Unity.Collections/Jobs/IJobFilter.cs
 0.1 kb	 0.0% Packages/com.unity.collections/Unity.Collections/BitField.cs
 0.1 kb	 0.0% Packages/com.unity.burst/Runtime/NoAliasAttribute.cs
 0.1 kb	 0.0% Packages/com.unity.burst/Runtime/FunctionPointer.cs
 0.1 kb	 0.0% Packages/com.unity.burst/Runtime/Editor/BurstLoader.cs
 0.1 kb	 0.0% Packages/com.unity.burst/Runtime/CompilerServices/Constant.cs
 0.1 kb	 0.0% Packages/com.unity.burst/Runtime/CompilerServices/Aliasing.cs
 0.1 kb	 0.0% Packages/com.unity.burst/Runtime/BurstString.Float.cs
 0.1 kb	 0.0% Packages/com.unity.burst/Runtime/BurstCompiler.cs
 0.1 kb	 0.0% Packages/com.unity.ai.inference/Runtime/Core/Serialization/SentisFlatBuffer/Tensor.cs
 0.1 kb	 0.0% Packages/com.unity.ai.inference/Runtime/Core/Serialization/SentisFlatBuffer/String.cs
 0.1 kb	 0.0% Packages/com.unity.ai.inference/Runtime/Core/Serialization/SentisFlatBuffer/Short.cs
 0.1 kb	 0.0% Packages/com.unity.ai.inference/Runtime/Core/Serialization/SentisFlatBuffer/Program.cs
 0.1 kb	 0.0% Packages/com.unity.ai.inference/Runtime/Core/Serialization/SentisFlatBuffer/Operator.cs
 0.1 kb	 0.0% Packages/com.unity.ai.inference/Runtime/Core/Serialization/SentisFlatBuffer/IntList.cs
 0.1 kb	 0.0% Packages/com.unity.ai.inference/Runtime/Core/Serialization/SentisFlatBuffer/Float.cs
 0.1 kb	 0.0% Packages/com.unity.ai.inference/Runtime/Core/Serialization/SentisFlatBuffer/EValue.cs
 0.1 kb	 0.0% Packages/com.unity.ai.inference/Runtime/Core/Serialization/SentisFlatBuffer/Chain.cs
 0.1 kb	 0.0% Packages/com.unity.ai.inference/Runtime/Core/Serialization/SentisFlatBuffer/Buffer.cs
 0.1 kb	 0.0% Packages/com.unity.ai.inference/Runtime/Core/Serialization/SentisFlatBuffer/BoolList.cs
 0.1 kb	 0.0% Packages/com.unity.ai.inference/Runtime/Core/Backends/Ops.cs
 0.1 kb	 0.0% Packages/com.github.homuler.mediapipe/Runtime/Scripts/Util/ResourceUtil.cs
 0.1 kb	 0.0% Packages/com.github.homuler.mediapipe/Runtime/Scripts/Protobuf/Util/RenderData.cs
 0.1 kb	 0.0% Packages/com.github.homuler.mediapipe/Runtime/Scripts/Protobuf/Util/CameraMotion.cs
 0.1 kb	 0.0% Packages/com.github.homuler.mediapipe/Runtime/Scripts/Protobuf/Gpu/ScaleMode.cs
 0.1 kb	 0.0% Packages/com.github.homuler.mediapipe/Runtime/Scripts/Protobuf/Gpu/GpuOrigin.cs
 0.1 kb	 0.0% Packages/com.github.homuler.mediapipe/Runtime/Scripts/Protobuf/Framework/Formats/MatrixData.cs
 0.1 kb	 0.0% Packages/com.github.homuler.mediapipe/Runtime/Scripts/Protobuf/Framework/Formats/LocationData.cs
 0.1 kb	 0.0% Packages/com.github.homuler.mediapipe/Runtime/Scripts/Protobuf/Framework/Formats/ImageFormat.cs
 0.1 kb	 0.0% Packages/com.github.homuler.mediapipe/Runtime/Scripts/Protobuf/Framework/Formats/Detection.cs
 0.1 kb	 0.0% Packages/com.github.homuler.mediapipe/Runtime/Scripts/Protobuf/Calculators/Image/RotationMode.cs
 0.1 kb	 0.0% Packages/com.github.homuler.mediapipe/Runtime/Scripts/Marshal/NativeRect.cs
 0.1 kb	 0.0% Packages/com.github.homuler.mediapipe/Runtime/Scripts/Marshal/NativeMatrix.cs
 0.1 kb	 0.0% Packages/com.github.homuler.mediapipe/Runtime/Scripts/Marshal/ImageArray.cs
 0.1 kb	 0.0% Packages/com.github.homuler.mediapipe/Runtime/Scripts/Gpu/GpuResources.cs
 0.1 kb	 0.0% Packages/com.github.homuler.mediapipe/Runtime/Scripts/Gpu/GpuBuffer.cs
 0.1 kb	 0.0% Packages/com.github.homuler.mediapipe/Runtime/Scripts/Gpu/GlTexture.cs
 0.1 kb	 0.0% Packages/com.github.homuler.mediapipe/Runtime/Scripts/Gpu/GlSyncPoint.cs
 0.1 kb	 0.0% Packages/com.github.homuler.mediapipe/Runtime/Scripts/Gpu/GlContext.cs
 0.1 kb	 0.0% Packages/com.github.homuler.mediapipe/Runtime/Scripts/Framework/Timestamp.cs
 0.1 kb	 0.0% Packages/com.github.homuler.mediapipe/Runtime/Scripts/Framework/Packet/PacketMap.cs
 0.1 kb	 0.0% Packages/com.github.homuler.mediapipe/Runtime/Scripts/Framework/Formats/ImageFrame.cs
 0.1 kb	 0.0% Packages/com.github.homuler.mediapipe/Runtime/Scripts/External/StdString.cs
 0.1 kb	 0.0% Assets/VRM/Runtime/SpringBone/IVrm0XSpringBoneRuntime.cs
 0.1 kb	 0.0% Assets/VRM/Runtime/IO/VRMMToonTextureImporter.cs
 0.1 kb	 0.0% Assets/VRM/Runtime/IO/MaterialIO/MToon/PreShaderPropExporter.cs
 0.1 kb	 0.0% Assets/VRM/Runtime/Humanoid/VRMHumanoidDescription.cs
 0.1 kb	 0.0% Assets/VRM/Runtime/Format/glTF_VRM_BlendShape.cs
 0.1 kb	 0.0% Assets/VRM/Runtime/BlendShape/BlendShapeClipHandler.cs
 0.1 kb	 0.0% Assets/VRM/Runtime/BlendShape/BlendShapeBindingMerger.cs
 0.1 kb	 0.0% Assets/UniGLTF/UniUnlit/Runtime/UniUnlitUtil.cs
 0.1 kb	 0.0% Assets/UniGLTF/Runtime/Utils/UniGLTFLogger.cs
 0.1 kb	 0.0% Assets/UniGLTF/Runtime/Utils/CachedEnum/CachedEnum.cs
 0.1 kb	 0.0% Assets/UniGLTF/Runtime/UniJSON/Utf8String/Utf8StringExtensions.cs
 0.1 kb	 0.0% Assets/UniGLTF/Runtime/UniJSON/Utf8String/Utf8StringBuilder.cs
 0.1 kb	 0.0% Assets/UniGLTF/Runtime/UniJSON/IStore/StringBuilderStore.cs
 0.1 kb	 0.0% Assets/UniGLTF/Runtime/UniJSON/IFileSystemAccessor.cs
 0.1 kb	 0.0% Assets/UniGLTF/Runtime/UniJSON/FormatterExtensions.cs
 0.1 kb	 0.0% Assets/UniGLTF/Runtime/UniHumanoid/PoseModifier/IPoseModifier.cs
 0.1 kb	 0.0% Assets/UniGLTF/Runtime/UniHumanoid/MuscleInspector.cs
 0.1 kb	 0.0% Assets/UniGLTF/Runtime/UniHumanoid/IO/Extensions/UnityExtensions.cs
 0.1 kb	 0.0% Assets/UniGLTF/Runtime/UniHumanoid/IO/Extensions/BvhExtensions.cs
 0.1 kb	 0.0% Assets/UniGLTF/Runtime/UniHumanoid/HumanoidLoader.cs
 0.1 kb	 0.0% Assets/UniGLTF/Runtime/UniHumanoid/HumanPoseClip.cs
 0.1 kb	 0.0% Assets/UniGLTF/Runtime/UniHumanoid/Format/BvhChannelCurve.cs
 0.1 kb	 0.0% Assets/UniGLTF/Runtime/UniHumanoid/Format/BvhChannel.cs
 0.1 kb	 0.0% Assets/UniGLTF/Runtime/UniHumanoid/Extensions/EnumExtensions.cs
 0.1 kb	 0.0% Assets/UniGLTF/Runtime/UniHumanoid/BoneGizmoDrawer.cs
 0.1 kb	 0.0% Assets/UniGLTF/Runtime/UniGLTF/UniGLTFVersion_partial.cs
 0.1 kb	 0.0% Assets/UniGLTF/Runtime/UniGLTF/RuntimeGltfInstance.cs
 0.1 kb	 0.0% Assets/UniGLTF/Runtime/UniGLTF/PackageVersionPartial.cs
 0.1 kb	 0.0% Assets/UniGLTF/Runtime/UniGLTF/IO/UnityObjectDestroyer.cs
 0.1 kb	 0.0% Assets/UniGLTF/Runtime/UniGLTF/IO/TextureIO/TextureSamplerUtil.cs
 0.1 kb	 0.0% Assets/UniGLTF/Runtime/UniGLTF/IO/TextureIO/TextureExtensions.cs
 0.1 kb	 0.0% Assets/UniGLTF/Runtime/UniGLTF/IO/TextureIO/Import/TextureImportName.cs
 0.1 kb	 0.0% Assets/UniGLTF/Runtime/UniGLTF/IO/TextureIO/Import/TextureDescriptorSet.cs
 0.1 kb	 0.0% Assets/UniGLTF/Runtime/UniGLTF/IO/TextureIO/Import/TextureDescriptor.cs
 0.1 kb	 0.0% Assets/UniGLTF/Runtime/UniGLTF/IO/TextureIO/Import/ITextureDeserializer.cs
 0.1 kb	 0.0% Assets/UniGLTF/Runtime/UniGLTF/IO/TextureIO/Import/GltfTextureImporter.cs
 0.1 kb	 0.0% Assets/UniGLTF/Runtime/UniGLTF/IO/TextureIO/Export/TextureExportParam.cs
 0.1 kb	 0.0% Assets/UniGLTF/Runtime/UniGLTF/IO/TextureIO/Export/ITextureSerializer.cs
 0.1 kb	 0.0% Assets/UniGLTF/Runtime/UniGLTF/IO/TextureIO/Export/GltfTextureExporter.cs
 0.1 kb	 0.0% Assets/UniGLTF/Runtime/UniGLTF/IO/Parser/GlbLowLevelParser.cs
 0.1 kb	 0.0% Assets/UniGLTF/Runtime/UniGLTF/IO/Parser/AutoGltfFileParser.cs
 0.1 kb	 0.0% Assets/UniGLTF/Runtime/UniGLTF/IO/NativeArrayManager.cs
 0.1 kb	 0.0% Assets/UniGLTF/Runtime/UniGLTF/IO/MeshIO/PrimitiveExtensions.cs
 0.1 kb	 0.0% Assets/UniGLTF/Runtime/UniGLTF/IO/MeshIO/MeshWithMaterials.cs
 0.1 kb	 0.0% Assets/UniGLTF/Runtime/UniGLTF/IO/MeshIO/MeshVertexUtility.cs
 0.1 kb	 0.0% Assets/UniGLTF/Runtime/UniGLTF/IO/MeshIO/BlendShapeFilter.cs
 0.1 kb	 0.0% Assets/UniGLTF/Runtime/UniGLTF/IO/MeshIO/BlendShapeExporter.cs
 0.1 kb	 0.0% Assets/UniGLTF/Runtime/UniGLTF/IO/MaterialIO/URP/ShaderUtil/Lit/UrpBaseShaderContext.cs
 0.1 kb	 0.0% Assets/UniGLTF/Runtime/UniGLTF/IO/MaterialIO/Import/MaterialDescriptor.cs
 0.1 kb	 0.0% Assets/UniGLTF/Runtime/UniGLTF/IO/MaterialIO/Export/IMaterialExporter.cs
 0.1 kb	 0.0% Assets/UniGLTF/Runtime/UniGLTF/IO/GltfExportSettings.cs
 0.1 kb	 0.0% Assets/UniGLTF/Runtime/UniGLTF/IO/FileSystemStorage.cs
 0.1 kb	 0.0% Assets/UniGLTF/Runtime/UniGLTF/IO/ExportingGltfData.cs
 0.1 kb	 0.0% Assets/UniGLTF/Runtime/UniGLTF/IO/AnimationIO/Import/AnimationClipFactory.cs
 0.1 kb	 0.0% Assets/UniGLTF/Runtime/UniGLTF/IO/AnimationIO/Export/IAnimationExporter.cs
 0.1 kb	 0.0% Assets/UniGLTF/Runtime/UniGLTF/Format/JsonSchemaAttribute.cs
 0.1 kb	 0.0% Assets/UniGLTF/Runtime/Extensions/TransformExtensions.cs
 0.1 kb	 0.0% Assets/UniGLTF/Runtime/Extensions/NumericsExtensions.cs
 0.1 kb	 0.0% Assets/Script/MouthDisplaySizeLock.cs
 0.1 kb	 0.0% Assets/Script/KiwiSurfaceFitter.cs
 0.1 kb	 0.0% Assets/Script/FacePartShapeMask.cs
 0.1 kb	 0.0% Assets/Script/FacePartAngleLock.cs
 0.1 kb	 0.0% Assets/MediaPipeUnity/Samples/External/FontAwesome/UnicodeInlineText.cs
 0.1 kb	 0.0% Assets/MediaPipeUnity/Samples/Common/Scripts/ImageSource/WebCamSource.cs
 0.1 kb	 0.0% Assets/MediaPipeUnity/Samples/Common/Scripts/ImageSource/VideoSource.cs
 0.1 kb	 0.0% Assets/MediaPipeUnity/Samples/Common/Scripts/ImageSource/ImageSource.cs
 0.1 kb	 0.0% Assets/KiwiAvatarSystem/Runtime/TrackingFoundation/KiwiCameraGeneration.cs
 0.1 kb	 0.0% Assets/KiwiAvatarSystem/Runtime/KiwiPlatformRuntime.cs
 0.1 kb	 0.0% Assets/KiwiAvatarSystem/Runtime/KiwiMobilePreview.cs
 0.1 kb	 0.0% Assets/KiwiAvatarSystem/Runtime/KiwiMobileFilePicker.cs
 0.1 kb	 0.0% Assets/KiwiAvatarSystem/Runtime/KiwiAvatarStorage.cs
 0.1 kb	 0.0% Assets/KiwiAvatarSystem/Runtime/KiwiAvatarProfile.cs
 0.1 kb	 0.0% Packages/jp.keijiro.klak.spout/Runtime/Internal/Format.cs
 0.1 kb	 0.0% Packages/jp.keijiro.klak.spout/Runtime/Internal/Event.cs
 0.1 kb	 0.0% Packages/com.unity.ugui/Runtime/UGUI/UI/Core/Culling/IClipRegion.cs
 0.1 kb	 0.0% Packages/com.unity.ugui/Runtime/TMP/TextMeshPro.cs
 0.1 kb	 0.0% Packages/com.unity.ugui/Runtime/TMP/TMP_TextInfo.cs
 0.1 kb	 0.0% Packages/com.unity.ugui/Runtime/TMP/TMP_SubMesh.cs
 0.1 kb	 0.0% Packages/com.unity.ugui/Runtime/TMP/TMP_Style.cs
 0.1 kb	 0.0% Packages/com.unity.ugui/Runtime/TMP/TMP_Sprite.cs
 0.1 kb	 0.0% Packages/com.unity.ugui/Runtime/TMP/TMP_Settings.cs
 0.1 kb	 0.0% Packages/com.unity.ugui/Runtime/TMP/TMP_MeshInfo.cs
 0.1 kb	 0.0% Packages/com.unity.ugui/Runtime/TMP/TMP_LineInfo.cs
 0.1 kb	 0.0% Packages/com.unity.ugui/Runtime/TMP/TMP_Dropdown.cs
 0.1 kb	 0.0% Packages/com.unity.ugui/Runtime/TMP/TMP_Asset.cs
 0.1 kb	 0.0% Packages/com.unity.ugui/Runtime/TMP/FastAction.cs
 0.1 kb	 0.0% Packages/com.unity.mathematics/Unity.Mathematics/int4.gen.cs
 0.1 kb	 0.0% Packages/com.unity.mathematics/Unity.Mathematics/int3.gen.cs
 0.1 kb	 0.0% Packages/com.unity.mathematics/Unity.Mathematics/int2.gen.cs
 0.1 kb	 0.0% Packages/com.unity.dt.app-ui/Runtime/UI/Pickers/ColorPicker.cs
 0.1 kb	 0.0% Packages/com.unity.dt.app-ui/Runtime/UI/Menu/MenuTrigger.cs
 0.1 kb	 0.0% Packages/com.unity.dt.app-ui/Runtime/UI/Menu/MenuSection.cs
 0.1 kb	 0.0% Packages/com.unity.dt.app-ui/Runtime/UI/Menu/MenuDivider.cs
 0.1 kb	 0.0% Packages/com.unity.dt.app-ui/Runtime/UI/Menu/MenuBuilder.cs
 0.1 kb	 0.0% Packages/com.unity.dt.app-ui/Runtime/UI/Manipulators/Scrollable.cs
 0.1 kb	 0.0% Packages/com.unity.dt.app-ui/Runtime/UI/Manipulators/Pressable.cs
 0.1 kb	 0.0% Packages/com.unity.dt.app-ui/Runtime/UI/Manipulators/Draggable.cs
 0.1 kb	 0.0% Packages/com.unity.dt.app-ui/Runtime/UI/Manipulators/Clickable.cs
 0.1 kb	 0.0% Packages/com.unity.dt.app-ui/Runtime/UI/Layouts/SwipeView.cs
 0.1 kb	 0.0% Packages/com.unity.dt.app-ui/Runtime/UI/Layouts/StackView.cs
 0.1 kb	 0.0% Packages/com.unity.dt.app-ui/Runtime/UI/Layouts/SplitView.cs
 0.1 kb	 0.0% Packages/com.unity.dt.app-ui/Runtime/UI/Extensions/UnityObject.cs
 0.1 kb	 0.0% Packages/com.unity.dt.app-ui/Runtime/UI/Events/UpdateEvent.cs
 0.1 kb	 0.0% Packages/com.unity.dt.app-ui/Runtime/UI/Components/Vector4Field.cs
 0.1 kb	 0.0% Packages/com.unity.dt.app-ui/Runtime/UI/Components/Vector3Field.cs
 0.1 kb	 0.0% Packages/com.unity.dt.app-ui/Runtime/UI/Components/Vector2Field.cs
 0.1 kb	 0.0% Packages/com.unity.dt.app-ui/Runtime/UI/Components/TextField.cs
 0.1 kb	 0.0% Packages/com.unity.dt.app-ui/Runtime/UI/Components/SliderInt.cs
 0.1 kb	 0.0% Packages/com.unity.dt.app-ui/Runtime/UI/Components/SliderFloat.cs
 0.1 kb	 0.0% Packages/com.unity.dt.app-ui/Runtime/UI/Components/SearchBar.cs
 0.1 kb	 0.0% Packages/com.unity.dt.app-ui/Runtime/UI/Components/RectIntField.cs
 0.1 kb	 0.0% Packages/com.unity.dt.app-ui/Runtime/UI/Components/RectField.cs
 0.1 kb	 0.0% Packages/com.unity.dt.app-ui/Runtime/UI/Components/RadioGroup.cs
 0.1 kb	 0.0% Packages/com.unity.dt.app-ui/Runtime/UI/Components/Preloader.cs
 0.1 kb	 0.0% Packages/com.unity.dt.app-ui/Runtime/UI/Components/LongField.cs
 0.1 kb	 0.0% Packages/com.unity.dt.app-ui/Runtime/UI/Components/ListViewItem.cs
 0.1 kb	 0.0% Packages/com.unity.dt.app-ui/Runtime/UI/Components/InputLabel.cs
 0.1 kb	 0.0% Packages/com.unity.dt.app-ui/Runtime/UI/Components/IconButton.cs
 0.1 kb	 0.0% Packages/com.unity.dt.app-ui/Runtime/UI/Components/IPressable.cs
 0.1 kb	 0.0% Packages/com.unity.dt.app-ui/Runtime/UI/Components/FloatField.cs
 0.1 kb	 0.0% Packages/com.unity.dt.app-ui/Runtime/UI/Components/FieldLabel.cs
 0.1 kb	 0.0% Packages/com.unity.dt.app-ui/Runtime/UI/Components/DrawerHeader.cs
 0.1 kb	 0.0% Packages/com.unity.dt.app-ui/Runtime/UI/Components/DoubleField.cs
 0.1 kb	 0.0% Packages/com.unity.dt.app-ui/Runtime/UI/Components/ColorWheel.cs
 0.1 kb	 0.0% Packages/com.unity.dt.app-ui/Runtime/UI/Components/ColorToolbar.cs
 0.1 kb	 0.0% Packages/com.unity.dt.app-ui/Runtime/UI/Components/ColorSwatch.cs
 0.1 kb	 0.0% Packages/com.unity.dt.app-ui/Runtime/UI/Components/ColorSlider.cs
 0.1 kb	 0.0% Packages/com.unity.dt.app-ui/Runtime/UI/Components/ColorField.cs
 0.1 kb	 0.0% Packages/com.unity.dt.app-ui/Runtime/UI/Components/Breadcrumbs.cs
 0.1 kb	 0.0% Packages/com.unity.dt.app-ui/Runtime/UI/Components/BoundsField.cs
 0.1 kb	 0.0% Packages/com.unity.dt.app-ui/Runtime/UI/Components/BottomNavBar.cs
 0.1 kb	 0.0% Packages/com.unity.dt.app-ui/Runtime/UI/Components/AvatarGroup.cs
 0.1 kb	 0.0% Packages/com.unity.dt.app-ui/Runtime/UI/Components/AlertDialog.cs
 0.1 kb	 0.0% Packages/com.unity.dt.app-ui/Runtime/UI/Components/ActionGroup.cs
 0.1 kb	 0.0% Packages/com.unity.dt.app-ui/Runtime/UI/Components/ActionButton.cs
 0.1 kb	 0.0% Packages/com.unity.dt.app-ui/Runtime/UI/Components/ActionBar.cs
 0.1 kb	 0.0% Packages/com.unity.dt.app-ui/Runtime/UI/Components/Accordion.cs
 0.1 kb	 0.0% Packages/com.unity.dt.app-ui/Runtime/Core/TimeUtils.cs
 0.1 kb	 0.0% Packages/com.unity.dt.app-ui/Runtime/Core/Platform/PinchGesture.cs
 0.1 kb	 0.0% Packages/com.unity.dt.app-ui/Runtime/Core/Platform/AppUITouch.cs
 0.1 kb	 0.0% Packages/com.unity.dt.app-ui/Runtime/Core/MemoryUtils.cs
 0.1 kb	 0.0% Packages/com.unity.dt.app-ui/Runtime/Core/AppUIManager.cs
 0.1 kb	 0.0% Packages/com.unity.dt.app-ui/Runtime/Core/AppUIInput.cs
 0.1 kb	 0.0% Packages/com.unity.dt.app-ui/Runtime/Core/ActionItem.cs
 0.1 kb	 0.0% Packages/com.unity.burst/Runtime/Intrinsics/Common.cs
 0.1 kb	 0.0% Packages/com.unity.burst/Runtime/Intrinsics/Arm/NEON_ctor.cs
 0.1 kb	 0.0% Packages/com.unity.burst/Runtime/Intrinsics/Arm/NEON_AArch64.cs
 0.1 kb	 0.0% Packages/com.github.homuler.mediapipe/Runtime/Scripts/Unity/Annotation/Arrow.cs
 0.1 kb	 0.0% Packages/com.github.homuler.mediapipe/Runtime/Scripts/Framework/Tool/ValidateName.cs
 0.1 kb	 0.0% Assets/VTuberOutput.renderTexture
 0.1 kb	 0.0% Assets/VRM/Runtime/SpringBone/Logic/SpringBoneSystem.cs
 0.1 kb	 0.0% Assets/VRM/Runtime/SpringBone/Logic/SphereCollider.cs
 0.1 kb	 0.0% Assets/VRM/Runtime/Extensions/VrmHumanoidExtensions.cs
 0.1 kb	 0.0% Assets/UniGLTF/Runtime/UniHumanoid/IO/BvhAnimationClip.cs
 0.1 kb	 0.0% Assets/UniGLTF/Runtime/UniGLTF/IO/MeshIO/VertexColorState.cs
 0.1 kb	 0.0% Assets/UniGLTF/Runtime/UniGLTF/Format/glEnum.cs
 0.1 kb	 0.0% Assets/UniGLTF/Runtime/UniGLTF/Format/GltfDeserializer.g.cs
 0.1 kb	 0.0% Assets/UniGLTF/Runtime/MeshUtility/MeshFreezer.cs
 0.1 kb	 0.0% Assets/UniGLTF/Runtime/MeshUtility/MeshExclude.cs
 0.1 kb	 0.0% Packages/jp.keijiro.klak.spout/Runtime/Internal/Utility.cs
 0.1 kb	 0.0% Packages/jp.keijiro.klak.spout/Runtime/Internal/Sender.cs
 0.1 kb	 0.0% Packages/jp.keijiro.klak.spout/Runtime/Internal/Receiver.cs
 0.1 kb	 0.0% Packages/jp.keijiro.klak.spout/Runtime/Internal/Plugin.cs
 0.1 kb	 0.0% Packages/com.unity.ugui/Runtime/UGUI/UI/Core/VertexModifiers/Shadow.cs
 0.1 kb	 0.0% Packages/com.unity.ugui/Runtime/UGUI/UI/Core/VertexModifiers/Outline.cs
 0.1 kb	 0.0% Packages/com.unity.ugui/Runtime/UGUI/UI/Core/Toggle.cs
 0.1 kb	 0.0% Packages/com.unity.ugui/Runtime/UGUI/UI/Core/Slider.cs
 0.1 kb	 0.0% Packages/com.unity.ugui/Runtime/UGUI/UI/Core/RawImage.cs
 0.1 kb	 0.0% Packages/com.unity.ugui/Runtime/UGUI/UI/Core/Image.cs
 0.1 kb	 0.0% Packages/com.unity.ugui/Runtime/UGUI/UI/Core/IMask.cs
 0.1 kb	 0.0% Packages/com.unity.ugui/Runtime/UGUI/UI/Core/Graphic.cs
 0.1 kb	 0.0% Packages/com.unity.ugui/Runtime/UGUI/UI/Core/FontData.cs
 0.1 kb	 0.0% Packages/com.unity.ugui/Runtime/UGUI/UI/Core/Dropdown.cs
 0.1 kb	 0.0% Packages/com.unity.ugui/Runtime/UGUI/UI/Core/Culling/Clipping.cs
 0.1 kb	 0.0% Packages/com.unity.ugui/Runtime/UGUI/UI/Core/Button.cs
 0.1 kb	 0.0% Packages/com.unity.mathematics/Unity.Mathematics/svd.cs
 0.1 kb	 0.0% Packages/com.unity.mathematics/Unity.Mathematics/math.cs
 0.1 kb	 0.0% Packages/com.unity.mathematics/Unity.Mathematics/half.cs
 0.1 kb	 0.0% Packages/com.unity.dt.app-ui/Runtime/MVVM/App/IHost.cs
 0.1 kb	 0.0% Packages/com.unity.burst/Runtime/SharedStatic.cs
 0.1 kb	 0.0% Packages/com.unity.burst/Runtime/Intrinsics/x86/Ssse3.cs
 0.1 kb	 0.0% Packages/com.unity.burst/Runtime/Intrinsics/x86/Sse4_2.cs
 0.1 kb	 0.0% Packages/com.unity.burst/Runtime/Intrinsics/x86/Sse4_1.cs
 0.1 kb	 0.0% Packages/com.unity.burst/Runtime/Intrinsics/x86/Popcnt.cs
 0.1 kb	 0.0% Packages/com.unity.burst/Runtime/Intrinsics/x86/Common.cs
 0.1 kb	 0.0% Packages/com.unity.burst/Runtime/CompilerServices/Hint.cs
 0.1 kb	 0.0% Packages/com.unity.burst/Runtime/BurstString.cs
 0.1 kb	 0.0% Packages/com.unity.burst/Runtime/BurstRuntime.cs
 0.1 kb	 0.0% Packages/com.unity.ai.inference/Runtime/Core/Serialization/SentisFlatBuffer/Null.cs
 0.1 kb	 0.0% Packages/com.unity.ai.inference/Runtime/Core/Serialization/SentisFlatBuffer/Int.cs
 0.1 kb	 0.0% Packages/com.unity.ai.inference/Runtime/Core/Serialization/SentisFlatBuffer/EDim.cs
 0.1 kb	 0.0% Packages/com.unity.ai.inference/Runtime/Core/Serialization/SentisFlatBuffer/Byte.cs
 0.1 kb	 0.0% Packages/com.unity.ai.inference/Runtime/Core/Serialization/SentisFlatBuffer/Bool.cs
 0.1 kb	 0.0% Packages/com.github.homuler.mediapipe/Runtime/Scripts/Protobuf/Util/Color.cs
 0.1 kb	 0.0% Packages/com.github.homuler.mediapipe/Runtime/Scripts/Protobuf/Framework/Formats/ObjectDetection/Anchor.cs
 0.1 kb	 0.0% Packages/com.github.homuler.mediapipe/Runtime/Scripts/Protobuf/Framework/Formats/Landmark.cs
 0.1 kb	 0.0% Packages/com.github.homuler.mediapipe/Runtime/Scripts/Protobuf/Framework/Formats/Annotation/Locus.cs
 0.1 kb	 0.0% Packages/com.github.homuler.mediapipe/Runtime/Scripts/Logger.cs
 0.1 kb	 0.0% Packages/com.github.homuler.mediapipe/Runtime/Scripts/Framework/Port/Status.cs
 0.1 kb	 0.0% Packages/com.github.homuler.mediapipe/Runtime/Scripts/Framework/Packet.cs
 0.1 kb	 0.0% Packages/com.github.homuler.mediapipe/Runtime/Scripts/Framework/Formats/Matrix.cs
 0.1 kb	 0.0% Packages/com.github.homuler.mediapipe/Runtime/Scripts/Framework/Formats/Image.cs
 0.1 kb	 0.0% Packages/com.github.homuler.mediapipe/Runtime/Scripts/External/Protobuf.cs
 0.1 kb	 0.0% Assets/VRM/Runtime/SkinnedMeshUtility/VRMBoneNormalizer.cs
 0.1 kb	 0.0% Assets/VRM/Runtime/Meta/VRMMetaInformation.cs
 0.1 kb	 0.0% Assets/VRM/Runtime/LookAt/VRMLookAtBoneApplyer.cs
 0.1 kb	 0.0% Assets/VRM/Runtime/LookAt/OffsetOnTransform.cs
 0.1 kb	 0.0% Assets/VRM/Runtime/LookAt/Matrix4x4Extensions.cs
 0.1 kb	 0.0% Assets/VRM/Runtime/LookAt/LookAtTargetSwitcher.cs
 0.1 kb	 0.0% Assets/VRM/Runtime/IO/VrmGeometryBackup.cs
 0.1 kb	 0.0% Assets/VRM/Runtime/IO/VRMImporterContext.cs
 0.1 kb	 0.0% Assets/VRM/Runtime/Format/glTF_VRM_extensions.cs
 0.1 kb	 0.0% Assets/VRM/Runtime/Format/glTF_VRM_Material.cs
 0.1 kb	 0.0% Assets/VRM/Runtime/Format/glTF_VRM_Humanoid.cs
 0.1 kb	 0.0% Assets/VRM/Runtime/Format/glTF_VRM_FirstPerson.cs
 0.1 kb	 0.0% Assets/VRM/Runtime/Extensions/glTF_VRMExtensions.cs
 0.1 kb	 0.0% Assets/VRM/Runtime/BlendShape/VRMBlendShapeProxy.cs
 0.1 kb	 0.0% Assets/VRM/Runtime/BlendShape/PreviewSceneManager.cs
 0.1 kb	 0.0% Assets/VRM/MToon/Runtime/MToonDefinition.cs
 0.1 kb	 0.0% Assets/VRM/MToon/Runtime/Enums.cs
 0.1 kb	 0.0% Assets/UniGLTF/Runtime/UniJSON/Json/JsonFormatter.cs
 0.1 kb	 0.0% Assets/UniGLTF/Runtime/UniJSON/Extensions/TypeExtensions.cs
 0.1 kb	 0.0% Assets/UniGLTF/Runtime/UniJSON/Extensions/ParserExtensions.cs
 0.1 kb	 0.0% Assets/UniGLTF/Runtime/UniJSON/Extensions/EnumExtensions.cs
 0.1 kb	 0.0% Assets/UniGLTF/Runtime/UniJSON/Extensions/ByteExtensions.cs
 0.1 kb	 0.0% Assets/UniGLTF/Runtime/UniJSON/Exceptions.cs
 0.1 kb	 0.0% Assets/UniGLTF/Runtime/UniHumanoid/PoseModifier/HandPose.cs
 0.1 kb	 0.0% Assets/UniGLTF/Runtime/UniHumanoid/MuscleDebug.cs
 0.1 kb	 0.0% Assets/UniGLTF/Runtime/UniHumanoid/IO/BvhImporter.cs
 0.1 kb	 0.0% Assets/UniGLTF/Runtime/UniHumanoid/Format/BvhException.cs
 0.1 kb	 0.0% Assets/UniGLTF/Runtime/UniHumanoid/Format/BvhEndSite.cs
 0.1 kb	 0.0% Assets/UniGLTF/Runtime/UniHumanoid/BoneMapping.cs
 0.1 kb	 0.0% Assets/UniGLTF/Runtime/UniGLTF/UniGLTFVersion.cs
 0.1 kb	 0.0% Assets/UniGLTF/Runtime/UniGLTF/UniGLTFException.cs
 0.1 kb	 0.0% Assets/UniGLTF/Runtime/UniGLTF/PackageVersion.cs
 0.1 kb	 0.0% Assets/UniGLTF/Runtime/UniGLTF/IO/UriByteBuffer.cs
 0.1 kb	 0.0% Assets/UniGLTF/Runtime/UniGLTF/IO/TextureIO/Import/TextureFactory.cs
 0.1 kb	 0.0% Assets/UniGLTF/Runtime/UniGLTF/IO/TextureIO/Export/TextureExporter.cs
 0.1 kb	 0.0% Assets/UniGLTF/Runtime/UniGLTF/IO/TextureIO/Export/ITextureExporter.cs
 0.1 kb	 0.0% Assets/UniGLTF/Runtime/UniGLTF/IO/TextureIO/Converter/TextureConverter.cs
 0.1 kb	 0.0% Assets/UniGLTF/Runtime/UniGLTF/IO/TextureIO/Converter/NormalConverter.cs
 0.1 kb	 0.0% Assets/UniGLTF/Runtime/UniGLTF/IO/SafeMarshalCopy.cs
 0.1 kb	 0.0% Assets/UniGLTF/Runtime/UniGLTF/IO/Parser/GlbFileParser.cs
 0.1 kb	 0.0% Assets/UniGLTF/Runtime/UniGLTF/IO/Parser/GlbBinaryParser.cs
 0.1 kb	 0.0% Assets/UniGLTF/Runtime/UniGLTF/IO/MigrationFlags.cs
 0.1 kb	 0.0% Assets/UniGLTF/Runtime/UniGLTF/IO/MeshIO/WeightsAccessor.cs
 0.1 kb	 0.0% Assets/UniGLTF/Runtime/UniGLTF/IO/MeshIO/PositionMinMax.cs
 0.1 kb	 0.0% Assets/UniGLTF/Runtime/UniGLTF/IO/MeshIO/MeshExportUtil.cs
 0.1 kb	 0.0% Assets/UniGLTF/Runtime/UniGLTF/IO/MeshIO/MeshExportInfo.cs
 0.1 kb	 0.0% Assets/UniGLTF/Runtime/UniGLTF/IO/MeshIO/JointsAccessor.cs
 0.1 kb	 0.0% Assets/UniGLTF/Runtime/UniGLTF/IO/MaterialIO/URP/ShaderUtil/Lit/UrpUnlitContext.cs
 0.1 kb	 0.0% Assets/UniGLTF/Runtime/UniGLTF/IO/MaterialIO/URP/ShaderUtil/Lit/UrpLitContext.cs
 0.1 kb	 0.0% Assets/UniGLTF/Runtime/UniGLTF/IO/MaterialIO/TextureTransform.cs
 0.1 kb	 0.0% Assets/UniGLTF/Runtime/UniGLTF/IO/MaterialIO/Import/MaterialFactory.cs
 0.1 kb	 0.0% Assets/UniGLTF/Runtime/UniGLTF/IO/ImporterContext.cs
 0.1 kb	 0.0% Assets/UniGLTF/Runtime/UniGLTF/IO/BufferAccessor.cs
 0.1 kb	 0.0% Assets/UniGLTF/Runtime/UniGLTF/IO/AwaitCaller/ImmediateCaller.cs
 0.1 kb	 0.0% Assets/UniGLTF/Runtime/UniGLTF/IO/ArrayByteBuffer.cs
 0.1 kb	 0.0% Assets/UniGLTF/Runtime/UniGLTF/Format/glTFAnimation.cs
 0.1 kb	 0.0% Assets/UniGLTF/Runtime/UniGLTF/Format/GltfSerializer.g.cs
 0.1 kb	 0.0% Assets/UniGLTF/Runtime/UniGLTF/Format/ExtensionsAndExtras/gltfExtension.cs
 0.1 kb	 0.0% Assets/UniGLTF/Runtime/Extensions/glTFExtensions.cs
 0.1 kb	 0.0% Assets/UniGLTF/Runtime/Extensions/UnityExtensions.cs
 0.1 kb	 0.0% Assets/UniGLTF/Runtime/Extensions/StringExtensions.cs
 0.1 kb	 0.0% Assets/UniGLTF/Runtime/Extensions/IndexExtensions.cs
 0.1 kb	 0.0% Assets/UniGLTF/Runtime/Extensions/ArrayExtensions.cs
 0.1 kb	 0.0% Assets/Script/WebCamDisplay.cs
 0.1 kb	 0.0% Assets/Script/MouthCropGuard.cs
 0.1 kb	 0.0% Assets/Script/KiwiFaceMotion.cs
 0.1 kb	 0.0% Assets/Script/KiwiAutoFraming.cs
 0.1 kb	 0.0% Assets/Script/FacePartMaskUV.cs
 0.1 kb	 0.0% Assets/Script/FacePartCropper.cs
 0.1 kb	 0.0% Assets/Script/CurvedRawImage.cs
 0.1 kb	 0.0% Assets/Models/uni_kiwi_textured_rigged.BlendShapes/BlendShape.LookRight.asset
 0.1 kb	 0.0% Assets/MediaPipeUnity/Samples/UI/Scripts/AutoFit.cs
 0.1 kb	 0.0% Assets/MediaPipeUnity/Samples/Common/Scripts/Screen.cs
 0.1 kb	 0.0% Packages/com.unity.ugui/Runtime/TMP/TMP_Text.cs
 0.1 kb	 0.0% Packages/com.unity.dt.app-ui/Runtime/UI/Styles.cs
 0.1 kb	 0.0% Packages/com.unity.dt.app-ui/Runtime/UI/Popups/Tooltip.cs
 0.1 kb	 0.0% Packages/com.unity.dt.app-ui/Runtime/UI/Popups/Toast.cs
 0.1 kb	 0.0% Packages/com.unity.dt.app-ui/Runtime/UI/Popups/Popup.cs
 0.1 kb	 0.0% Packages/com.unity.dt.app-ui/Runtime/UI/Popups/Popover.cs
 0.1 kb	 0.0% Packages/com.unity.dt.app-ui/Runtime/UI/Popups/Modal.cs
 0.1 kb	 0.0% Packages/com.unity.dt.app-ui/Runtime/UI/Menu/MenuItem.cs
 0.1 kb	 0.0% Packages/com.unity.dt.app-ui/Runtime/UI/Manipulators/Dragger.cs
 0.1 kb	 0.0% Packages/com.unity.dt.app-ui/Runtime/UI/Layouts/Panel.cs
 0.1 kb	 0.0% Packages/com.unity.dt.app-ui/Runtime/UI/Layouts/PageView.cs
 0.1 kb	 0.0% Packages/com.unity.dt.app-ui/Runtime/UI/Components/Toolbar.cs
 0.1 kb	 0.0% Packages/com.unity.dt.app-ui/Runtime/UI/Components/Toggle.cs
 0.1 kb	 0.0% Packages/com.unity.dt.app-ui/Runtime/UI/Components/TextArea.cs
 0.1 kb	 0.0% Packages/com.unity.dt.app-ui/Runtime/UI/Components/TabItem.cs
 0.1 kb	 0.0% Packages/com.unity.dt.app-ui/Runtime/UI/Components/Stepper.cs
 0.1 kb	 0.0% Packages/com.unity.dt.app-ui/Runtime/UI/Components/Spacer.cs
 0.1 kb	 0.0% Packages/com.unity.dt.app-ui/Runtime/UI/Components/SVSquare.cs
 0.1 kb	 0.0% Packages/com.unity.dt.app-ui/Runtime/UI/Components/Radio.cs
 0.1 kb	 0.0% Packages/com.unity.dt.app-ui/Runtime/UI/Components/Quote.cs
 0.1 kb	 0.0% Packages/com.unity.dt.app-ui/Runtime/UI/Components/Progress.cs
 0.1 kb	 0.0% Packages/com.unity.dt.app-ui/Runtime/UI/Components/Picker.cs
 0.1 kb	 0.0% Packages/com.unity.dt.app-ui/Runtime/UI/Components/IntField.cs
 0.1 kb	 0.0% Packages/com.unity.dt.app-ui/Runtime/UI/Components/HelpText.cs
 0.1 kb	 0.0% Packages/com.unity.dt.app-ui/Runtime/UI/Components/Heading.cs
 0.1 kb	 0.0% Packages/com.unity.dt.app-ui/Runtime/UI/Components/GridView.cs
 0.1 kb	 0.0% Packages/com.unity.dt.app-ui/Runtime/UI/Components/Dropdown.cs
 0.1 kb	 0.0% Packages/com.unity.dt.app-ui/Runtime/UI/Components/DropZone.cs
 0.1 kb	 0.0% Packages/com.unity.dt.app-ui/Runtime/UI/Components/Drawer.cs
 0.1 kb	 0.0% Packages/com.unity.dt.app-ui/Runtime/UI/Components/Divider.cs
 0.1 kb	 0.0% Packages/com.unity.dt.app-ui/Runtime/UI/Components/Dialog.cs
 0.1 kb	 0.0% Packages/com.unity.dt.app-ui/Runtime/UI/Components/Checkbox.cs
 0.1 kb	 0.0% Packages/com.unity.dt.app-ui/Runtime/UI/Components/Canvas.cs
 0.1 kb	 0.0% Packages/com.unity.dt.app-ui/Runtime/UI/Components/Button.cs
 0.1 kb	 0.0% Packages/com.unity.dt.app-ui/Runtime/UI/Components/Badge.cs
 0.1 kb	 0.0% Packages/com.unity.dt.app-ui/Runtime/UI/Components/Avatar.cs
 0.1 kb	 0.0% Packages/com.unity.dt.app-ui/Runtime/UI/Components/AppBar.cs
 0.1 kb	 0.0% Packages/com.unity.dt.app-ui/Runtime/Core/Platform/Windows/Platform.cs
 0.1 kb	 0.0% Packages/com.unity.dt.app-ui/Runtime/Core/Platform/Platform.cs
 0.1 kb	 0.0% Packages/com.unity.dt.app-ui/Runtime/Core/Message.cs
 0.1 kb	 0.0% Packages/com.unity.dt.app-ui/Runtime/Core/Looper.cs
 0.1 kb	 0.0% Packages/com.unity.dt.app-ui/Runtime/Core/Handler.cs
 0.1 kb	 0.0% Packages/com.unity.dt.app-ui/Runtime/Core/Contexts/IContext.cs
 0.1 kb	 0.0% Packages/com.unity.dt.app-ui/Runtime/Core/AppUI.cs
 0.1 kb	 0.0% Packages/com.unity.burst/Runtime/Intrinsics/x86/Sse3.cs
 0.1 kb	 0.0% Packages/com.unity.burst/Runtime/Intrinsics/x86/Sse2.cs
 0.1 kb	 0.0% Packages/com.unity.burst/Runtime/Intrinsics/x86/Sse.cs
 0.1 kb	 0.0% Packages/com.unity.burst/Runtime/Intrinsics/x86/Fma.cs
 0.1 kb	 0.0% Packages/com.unity.burst/Runtime/Intrinsics/x86/F16C.cs
 0.1 kb	 0.0% Packages/com.unity.burst/Runtime/Intrinsics/x86/Csr.cs
 0.1 kb	 0.0% Packages/com.unity.burst/Runtime/Intrinsics/x86/Bmi2.cs
 0.1 kb	 0.0% Packages/com.unity.burst/Runtime/Intrinsics/x86/Bmi1.cs
 0.1 kb	 0.0% Packages/com.unity.burst/Runtime/Intrinsics/x86/Avx2.cs
 0.1 kb	 0.0% Packages/com.unity.burst/Runtime/Intrinsics/x86/Avx.cs
 0.1 kb	 0.0% Packages/com.unity.burst/Runtime/Intrinsics/v64.cs
 0.1 kb	 0.0% Packages/com.unity.burst/Runtime/Intrinsics/v256.cs
 0.1 kb	 0.0% Packages/com.unity.burst/Runtime/Intrinsics/v128.cs
 0.1 kb	 0.0% Packages/com.unity.burst/Runtime/Intrinsics/Arm/NEON.cs
 0.1 kb	 0.0% Packages/com.github.homuler.mediapipe/Runtime/Scripts/Framework/Tool/NameUtil.cs
 0.1 kb	 0.0% Assets/VRM/Runtime/SpringBone/Logic/SceneInfo.cs
 0.1 kb	 0.0% Assets/VRM/Runtime/Format/VRMDeserializer.g.cs
 0.1 kb	 0.0% Assets/UniGLTF/Runtime/UniJSON/ConcreteCast.g.cs
 0.1 kb	 0.0% Assets/UniGLTF/Runtime/UniGLTF/IO/ProgressInfo.cs
 0.1 kb	 0.0% Assets/Models/uni_kiwi_textured_rigged.BlendShapes/BlendShape.Sorrow.asset
 0.1 kb	 0.0% Assets/Models/uni_kiwi_textured_rigged.BlendShapes/BlendShape.Neutral.asset
 0.1 kb	 0.0% Assets/Models/uni_kiwi_textured_rigged.BlendShapes/BlendShape.LookUp.asset
 0.1 kb	 0.0% Assets/Models/uni_kiwi_textured_rigged.BlendShapes/BlendShape.LookLeft.asset
 0.1 kb	 0.0% Assets/Models/uni_kiwi_textured_rigged.BlendShapes/BlendShape.LookDown.asset
 0.1 kb	 0.0% Assets/Models/uni_kiwi_textured_rigged.BlendShapes/BlendShape.Blink_R.asset
 0.1 kb	 0.0% Assets/Models/uni_kiwi_textured_rigged.BlendShapes/BlendShape.Blink_L.asset
 0.1 kb	 0.0% Packages/com.unity.ugui/Runtime/UGUI/UI/Core/Text.cs
 0.1 kb	 0.0% Packages/com.unity.ugui/Runtime/UGUI/UI/Core/Misc.cs
 0.1 kb	 0.0% Packages/com.unity.ugui/Runtime/UGUI/UI/Core/Mask.cs
 0.1 kb	 0.0% Packages/com.unity.dt.app-ui/Runtime/MVVM/App/IApp.cs
 0.1 kb	 0.0% Packages/com.unity.dt.app-ui/Runtime/MVVM/App/App.cs
 0.1 kb	 0.0% Packages/com.github.homuler.mediapipe/Runtime/Scripts/Protobuf/Framework/Formats/Rect.cs
 0.1 kb	 0.0% Packages/com.github.homuler.mediapipe/Runtime/Scripts/Gpu/Gl.cs
 0.1 kb	 0.0% Packages/com.github.homuler.mediapipe/Runtime/Scripts/External/Glog.cs
 0.1 kb	 0.0% Assets/VRM/Runtime/SpringBone/VRMSpringUtility.cs
 0.1 kb	 0.0% Assets/VRM/Runtime/SpringBone/VRMSpringBone.cs
 0.1 kb	 0.0% Assets/VRM/Runtime/SkinnedMeshUtility/VrmMeshUtility.cs
 0.1 kb	 0.0% Assets/VRM/Runtime/Meta/VRMMetaObject.cs
 0.1 kb	 0.0% Assets/VRM/Runtime/LookAt/VRMLookAtHead.cs
 0.1 kb	 0.0% Assets/VRM/Runtime/IVRMComponent.cs
 0.1 kb	 0.0% Assets/VRM/Runtime/Format/glTF_VRM_Meta.cs
 0.1 kb	 0.0% Assets/VRM/Runtime/Format/VRMSpecVersion.cs
 0.1 kb	 0.0% Assets/VRM/Runtime/Format/VRMSerializer.g.cs
 0.1 kb	 0.0% Assets/VRM/Runtime/FirstPerson/VRMFirstPerson.cs
 0.1 kb	 0.0% Assets/VRM/Runtime/Extensions/EnumExtensions.cs
 0.1 kb	 0.0% Assets/VRM/Runtime/BlendShape/MeshPreviewItem.cs
 0.1 kb	 0.0% Assets/VRM/Runtime/BlendShape/BlendShapeMerger.cs
 0.1 kb	 0.0% Assets/VRM/Runtime/BlendShape/BlendShapeKey.cs
 0.1 kb	 0.0% Assets/VRM/Runtime/BlendShape/BlendShapeClip.cs
 0.1 kb	 0.0% Assets/VRM/Runtime/BlendShape/BlendShapeAvatar.cs
 0.1 kb	 0.0% Assets/UniGLTF/Runtime/UniJSON/Utf8String/Utf8String.cs
 0.1 kb	 0.0% Assets/UniGLTF/Runtime/UniJSON/Utf8String/Utf8Iterator.cs
 0.1 kb	 0.0% Assets/UniGLTF/Runtime/UniJSON/Utf8String/IUtf8String.cs
 0.1 kb	 0.0% Assets/UniGLTF/Runtime/UniJSON/Json/JsonValue.cs
 0.1 kb	 0.0% Assets/UniGLTF/Runtime/UniJSON/Json/JsonString.cs
 0.1 kb	 0.0% Assets/UniGLTF/Runtime/UniJSON/Json/JsonParser.cs
 0.1 kb	 0.0% Assets/UniGLTF/Runtime/UniJSON/IStore/StreamStore.cs
 0.1 kb	 0.0% Assets/UniGLTF/Runtime/UniJSON/IStore/BytesStore.cs
 0.1 kb	 0.0% Assets/UniGLTF/Runtime/UniJSON/IStore/ByteUnion.cs
 0.1 kb	 0.0% Assets/UniGLTF/Runtime/UniJSON/IFormatter.cs
 0.1 kb	 0.0% Assets/UniGLTF/Runtime/UniJSON/ConcreteCast.cs
 0.1 kb	 0.0% Assets/UniGLTF/Runtime/UniJSON/ByteBuffer.cs
 0.1 kb	 0.0% Assets/UniGLTF/Runtime/UniHumanoid/Skeleton.cs
 0.1 kb	 0.0% Assets/UniGLTF/Runtime/UniHumanoid/PoseModifier/HandRig.cs
 0.1 kb	 0.0% Assets/UniGLTF/Runtime/UniHumanoid/IBone.cs
 0.1 kb	 0.0% Assets/UniGLTF/Runtime/UniHumanoid/Humanoid.cs
 0.1 kb	 0.0% Assets/UniGLTF/Runtime/UniHumanoid/Format/BvhNode.cs
 0.1 kb	 0.0% Assets/UniGLTF/Runtime/UniHumanoid/BvhBone.cs
 0.1 kb	 0.0% Assets/UniGLTF/Runtime/UniGLTF/Validation/Validation.cs
 0.1 kb	 0.0% Assets/UniGLTF/Runtime/UniGLTF/IO/gltfExporter.cs
 0.1 kb	 0.0% Assets/UniGLTF/Runtime/UniGLTF/IO/glbImporter.cs
 0.1 kb	 0.0% Assets/UniGLTF/Runtime/UniGLTF/IO/UnityPath.cs
 0.1 kb	 0.0% Assets/UniGLTF/Runtime/UniGLTF/IO/TextureIO/Import/SamplerParam.cs
 0.1 kb	 0.0% Assets/UniGLTF/Runtime/UniGLTF/IO/SubAssetKey.cs
 0.1 kb	 0.0% Assets/UniGLTF/Runtime/UniGLTF/IO/SkinJoint.cs
 0.1 kb	 0.0% Assets/UniGLTF/Runtime/UniGLTF/IO/PathObject.cs
 0.1 kb	 0.0% Assets/UniGLTF/Runtime/UniGLTF/IO/NodeImporter.cs
 0.1 kb	 0.0% Assets/UniGLTF/Runtime/UniGLTF/IO/MeshIO/SkinningInfo.cs
 0.1 kb	 0.0% Assets/UniGLTF/Runtime/UniGLTF/IO/MeshIO/MeshVertex2.cs
 0.1 kb	 0.0% Assets/UniGLTF/Runtime/UniGLTF/IO/MeshIO/MeshVertex1.cs
 0.1 kb	 0.0% Assets/UniGLTF/Runtime/UniGLTF/IO/MeshIO/MeshVertex0.cs
 0.1 kb	 0.0% Assets/UniGLTF/Runtime/UniGLTF/IO/MeshIO/MeshUploader.cs
 0.1 kb	 0.0% Assets/UniGLTF/Runtime/UniGLTF/IO/GltfUtility.cs
 0.1 kb	 0.0% Assets/UniGLTF/Runtime/UniGLTF/IO/GltfJsonUtil.cs
 0.1 kb	 0.0% Assets/UniGLTF/Runtime/UniGLTF/IO/BytesReader.cs
 0.1 kb	 0.0% Assets/UniGLTF/Runtime/UniGLTF/IO/AwaitCaller/IAwaitCaller.cs
 0.1 kb	 0.0% Assets/UniGLTF/Runtime/UniGLTF/Format/glTFTexture.cs
 0.1 kb	 0.0% Assets/UniGLTF/Runtime/UniGLTF/Format/glTFMaterial.cs
 0.1 kb	 0.0% Assets/UniGLTF/Runtime/UniGLTF/Format/glTFCamera.cs
 0.1 kb	 0.0% Assets/UniGLTF/Runtime/UniGLTF/Format/glTFBuffer.cs
 0.1 kb	 0.0% Assets/UniGLTF/Runtime/UniGLTF/Format/glTFAssets.cs
 0.1 kb	 0.0% Assets/Models/uni_kiwi_textured_rigged.BlendShapes/BlendShape.Blink.asset
 0.1 kb	 0.0% Assets/Models/uni_kiwi_textured_rigged.BlendShapes/BlendShape.Angry.asset
 0.1 kb	 0.0% Packages/com.unity.dt.app-ui/Runtime/UI/Popups/Tray.cs
 0.1 kb	 0.0% Packages/com.unity.dt.app-ui/Runtime/UI/Menu/Menu.cs
 0.1 kb	 0.0% Packages/com.unity.dt.app-ui/Runtime/UI/Components/Text.cs
 0.1 kb	 0.0% Packages/com.unity.dt.app-ui/Runtime/UI/Components/Tabs.cs
 0.1 kb	 0.0% Packages/com.unity.dt.app-ui/Runtime/UI/Components/Mask.cs
 0.1 kb	 0.0% Packages/com.unity.dt.app-ui/Runtime/UI/Components/Link.cs
 0.1 kb	 0.0% Packages/com.unity.dt.app-ui/Runtime/UI/Components/Icon.cs
 0.1 kb	 0.0% Packages/com.unity.dt.app-ui/Runtime/UI/Components/Chip.cs
 0.1 kb	 0.0% Assets/VRM/Runtime/IO/VRMException.cs
 0.1 kb	 0.0% Assets/VRM/MToon/Runtime/UtilsVersion.cs
 0.1 kb	 0.0% Assets/VRM/MToon/Runtime/UtilsSetter.cs
 0.1 kb	 0.0% Assets/VRM/MToon/Runtime/UtilsGetter.cs
 0.1 kb	 0.0% Assets/UniGLTF/Runtime/UniJSON/ListTreeNode/ListTreeNode.cs
 0.1 kb	 0.0% Assets/UniGLTF/Runtime/UniGLTF/IO/Axes.cs
 0.1 kb	 0.0% Assets/UniGLTF/Runtime/UniGLTF/Format/glbTypes.cs
 0.1 kb	 0.0% Assets/Models/uni_kiwi_textured_rigged.BlendShapes/BlendShape.Joy.asset
 0.1 kb	 0.0% Assets/Models/uni_kiwi_textured_rigged.BlendShapes/BlendShape.Fun.asset
 0.1 kb	 0.0% Assets/VRM/Runtime/LookAt/VRMLookAt.cs
 0.1 kb	 0.0% Assets/VRM/Runtime/LookAt/LookTarget.cs
 0.1 kb	 0.0% Assets/VRM/Runtime/LookAt/CurveMapper.cs
 0.1 kb	 0.0% Assets/VRM/Runtime/IO/VrmUtility.cs
 0.1 kb	 0.0% Assets/VRM/Runtime/IO/VRMExporter.cs
 0.1 kb	 0.0% Assets/VRM/Runtime/IO/MaterialIO/MToon/ShaderProps.cs
 0.1 kb	 0.0% Assets/VRM/Runtime/Format/VRMException.cs
 0.1 kb	 0.0% Assets/VRM/MToon/Runtime/Utils.cs
 0.1 kb	 0.0% Assets/UniGLTF/Runtime/UniJSON/IStore/IStore.cs
 0.1 kb	 0.0% Assets/UniGLTF/Runtime/UniHumanoid/Format/Bvh.cs
 0.1 kb	 0.0% Assets/UniGLTF/Runtime/UniGLTF/IO/UShort4.cs
 0.1 kb	 0.0% Assets/UniGLTF/Runtime/UniGLTF/IO/UShort3.cs
 0.1 kb	 0.0% Assets/UniGLTF/Runtime/UniGLTF/IO/UShort2.cs
 0.1 kb	 0.0% Assets/UniGLTF/Runtime/UniGLTF/IO/Symbols.cs
 0.1 kb	 0.0% Assets/UniGLTF/Runtime/UniGLTF/IO/SByte4.cs
 0.1 kb	 0.0% Assets/UniGLTF/Runtime/UniGLTF/IO/MeshIO/TriangleUtil.cs
 0.1 kb	 0.0% Assets/UniGLTF/Runtime/UniGLTF/IO/MeshIO/MeshData.cs
 0.1 kb	 0.0% Assets/UniGLTF/Runtime/UniGLTF/IO/GltfData.cs
 0.1 kb	 0.0% Assets/UniGLTF/Runtime/UniGLTF/IO/Byte4.cs
 0.1 kb	 0.0% Assets/UniGLTF/Runtime/UniGLTF/IO/Byte3.cs
 0.1 kb	 0.0% Assets/UniGLTF/Runtime/UniGLTF/IO/ArrayPin.cs
 0.1 kb	 0.0% Assets/UniGLTF/Runtime/UniGLTF/Format/glTFSkin.cs
 0.1 kb	 0.0% Assets/UniGLTF/Runtime/UniGLTF/Format/glTFNode.cs
 0.1 kb	 0.0% Assets/UniGLTF/Runtime/UniGLTF/Format/glTFMesh.cs
 0.1 kb	 0.0% Assets/UniGLTF/Runtime/UniGLTF/Format/IStorage.cs
 0.1 kb	 0.0% Assets/Models/uni_kiwi_textured_rigged.BlendShapes/BlendShape.U.asset
 0.1 kb	 0.0% Assets/Models/uni_kiwi_textured_rigged.BlendShapes/BlendShape.O.asset
 0.1 kb	 0.0% Assets/Models/uni_kiwi_textured_rigged.BlendShapes/BlendShape.I.asset
 0.1 kb	 0.0% Assets/Models/uni_kiwi_textured_rigged.BlendShapes/BlendShape.E.asset
 0.1 kb	 0.0% Assets/Models/uni_kiwi_textured_rigged.BlendShapes/BlendShape.A.asset
 0.1 kb	 0.0% Packages/jp.keijiro.klak.spout/Editor/SpoutResources.asset
 0.1 kb	 0.0% Assets/VRM/Runtime/Meta/VRMMeta.cs
 0.1 kb	 0.0% Assets/VRM/Runtime/IO/VRMData.cs
 0.1 kb	 0.0% Assets/VRM/Runtime/EnumUtil.cs
 0.1 kb	 0.0% Assets/VRM/Runtime/BlendShape/Blinker.cs
 0.1 kb	 0.0% Assets/UniGLTF/Runtime/UniGLTF/Format/glTF.cs
 0.1 kb	 0.0% Assets/Resources/PerformanceTestRunSettings.json
-------------------------------------------------------------------------------
Unloading 0 Unused Serialized files (Serialized files now loaded: 0)
Unloading 1023 unused Assets / (16.3 MB). Loaded Objects now: 4223.
Memory consumption went from 147.7 MB to 131.4 MB.
Total: 11.986400 ms (FindLiveObjects: 0.870200 ms CreateObjectMapping: 0.104400 ms MarkObjects: 6.582900 ms  DeleteObjects: 4.427700 ms)

DisplayProgressNotification: Build Successful
Build Finished, Result: Success.
##utp:{"type":"PlayerBuildInfo","version":2,"phase":"Immediate","time":1787965683855,"processId":37692,"steps":[{"description":"Preprocess Player","duration":319},{"description":"Prepare For Build","duration":13},{"description":"ProducePlayerScriptAssemblies","duration":2333},{"description":"Verify Build setup","duration":136},{"description":"Prepare assets for target platform","duration":8},{"description":"Prepare splash screen","duration":0},{"description":"Building scenes","duration":626},{"description":"Build scripts DLLs","duration":43},{"description":"Build GlobalGameManagers file","duration":138},{"description":"Writing asset files","duration":1755},{"description":"Building Resources/unity_builtin_extra","duration":82},{"description":"Write data build dirty tracking information","duration":90},{"description":"Postprocess built player","duration":1191}],"duration":6734}
Unloading 0 Unused Serialized files (Serialized files now loaded: 0)
Loaded scene 'Temp/__Backupscenes/0.backup'
	Deserialize:            0.537 ms
	Integration:            280.173 ms
	Integration of assets:  0.004 ms
	Thread Wait Time:       0.011 ms
	Total Operation Time:   280.726 ms
Unloading 0 unused Assets / (5.1 KB). Loaded Objects now: 4216.
Memory consumption went from 129.3 MB to 129.3 MB.
Total: 8.104000 ms (FindLiveObjects: 0.320700 ms CreateObjectMapping: 0.114300 ms MarkObjects: 7.642400 ms  DeleteObjects: 0.025300 ms)

[KiwiV42.3Build] result=Succeeded totalSize=276098916 warnings=186 errors=0
UnityEngine.Debug:ExtractStackTraceNoAlloc (byte*,int,string)
UnityEngine.StackTraceUtility:ExtractStackTrace ()
UnityEngine.DebugLogHandler:Internal_Log (UnityEngine.LogType,UnityEngine.LogOption,string,UnityEngine.Object)
UnityEngine.DebugLogHandler:LogFormat (UnityEngine.LogType,UnityEngine.Object,string,object[])
UnityEngine.Logger:Log (UnityEngine.LogType,object)
UnityEngine.Debug:Log (object)
KiwiStandaloneBuildDiagnostic:BuildWindows64 () (at Assets/KiwiAvatarSystem/Editor/KiwiStandaloneBuildDiagnostic.cs:137)

(Filename: Assets/KiwiAvatarSystem/Editor/KiwiStandaloneBuildDiagnostic.cs Line: 137)

Batchmode quit successfully invoked - shutting down!
[Physics::Module] Cleanup current backned.
[Physics::Module] Id: 0xf2b8ea05
Input System module state changed to: ShutdownInProgress.
Input System polling thread exited.
Input System module state changed to: Shutdown.
[Licensing::IpcConnector] LicenseClient-main-notifications channel disconnected successfully.
[Licensing::IpcConnector] LicenseClient-main channel disconnected successfully.
AcceleratorClientConnectionCallback - disconnected - :0
Cleanup mono
Exiting batchmode successfully now!
Exiting without the bug reporter. Application will terminate with return code 0