Path	Extension	Length	LastWrite	SHA256
D:\KiwiAvatarSystem\Assets\Models\uni_kiwi_textured_rigged.vrm	.vrm	103472384	2026-08-11T01:08:17.6330873+09:00	13da50aba6ce265a2f5343571fcb80bb64d235f6d6f457562558fbda8e52af0e
D:\KiwiAvatarSystem\Assets\UniGLTF\Editor\UniGLTF\Gizmo\Models\Bone.fbx	.fbx	14972	2026-08-11T01:08:20.0531475+09:00	92d388e892e7c7c9519e70f90c091b1e18eb1219b2685e55f74da0bb531b93eb
D:\KiwiAvatarSystem\Library\BurstCache\JIT\Hashes\Objects\0167cef1f37fe4fe94d86da7b0361ea1.obj	.obj	10282	2026-08-14T21:15:37.3474368+09:00	911ab42dbe976eb52437cc87ca030eba22100a269bcd2e3711a3eb2913275224
D:\KiwiAvatarSystem\Library\BurstCache\JIT\Hashes\Objects\0179cd30559051559246e2e3b10be6fc.obj	.obj	6235	2026-08-14T21:15:33.2094866+09:00	8efaec1f7e6cd136c009216680b1dc17a5c2efd38fa94a52a17f1de8b89e0ad0
D:\KiwiAvatarSystem\Library\BurstCache\JIT\Hashes\Objects\01ee58e9114550c237864ecde753374c.obj	.obj	6034	2026-08-14T21:15:33.6470968+09:00	44d57ce0bc5905ece7260020d9ea155e97584f932f5e3c68419a1f1ad802ed67
D:\KiwiAvatarSystem\Library\BurstCache\JIT\Hashes\Objects\031d18971b337da011dbe48412a32f08.obj	.obj	5818	2026-08-14T21:15:32.5195388+09:00	fb0a6192631cf2b54f55d25bc3abb2c39f8e4d32710d78d98705d0396a5f622c
D:\KiwiAvatarSystem\Library\BurstCache\JIT\Hashes\Objects\0589aa6b2e3baf72108f1ed356e0793f.obj	.obj	9532	2026-08-14T21:15:31.0624056+09:00	bf6625091ef71da440baefdd593fc1f4d4e28c6bc364e6ae3858dfae3bea17a4
D:\KiwiAvatarSystem\Library\BurstCache\JIT\Hashes\Objects\0726c21f8a163a3f38bbd8f33c976c0b.obj	.obj	5358	2026-08-14T21:15:33.2039357+09:00	2cdf815417064d80ace9560953ed00f1b794d8a939e1c9d391eeff85fa60049a
D:\KiwiAvatarSystem\Library\BurstCache\JIT\Hashes\Objects\08cb22045d486401f1bb0098970e6ea0.obj	.obj	4936	2026-08-14T21:15:34.8889324+09:00	fda0bb7c54af9d7d64df3eba4991f2151f13040b6f630b97f0788bcbde6bb527
D:\KiwiAvatarSystem\Library\BurstCache\JIT\Hashes\Objects\08dae529d656df23620033afb53a570d.obj	.obj	4426	2026-08-14T21:15:34.9966299+09:00	eea915840645754654b499d2c3cdb7df8a129272d966d18674d97d11ee641202
D:\KiwiAvatarSystem\Library\BurstCache\JIT\Hashes\Objects\0ab1288507822cad0408318b951cff68.obj	.obj	29119	2026-08-14T21:15:31.3826817+09:00	85998b9eddde433ae8874333753cc1c5c15948b626c422e0f789fb5ad7440fdf
D:\KiwiAvatarSystem\Library\BurstCache\JIT\Hashes\Objects\0c1130fd85c9f6b5bff97d1426efb9dc.obj	.obj	5375	2026-08-14T21:15:33.2246614+09:00	a9530454ae746bf08af6463fb1fa62c183435e83147aa91c7e58c38cf996aee6
D:\KiwiAvatarSystem\Library\BurstCache\JIT\Hashes\Objects\0d62876e22f7e9d921a88d9a826f0281.obj	.obj	5257	2026-08-14T21:15:33.2165073+09:00	da5a64eec788e1fc61889823610aa3f952b8df68a1191aeab3996156677e08a5
D:\KiwiAvatarSystem\Library\BurstCache\JIT\Hashes\Objects\0d6ed48ca2a9b49745a25cdd5e912aae.obj	.obj	92599	2026-08-14T21:15:31.5735083+09:00	b47cdfb525231ed23f88c8f9caa4562b3e16ca310b95a4556a32bfb959e72e57
D:\KiwiAvatarSystem\Library\BurstCache\JIT\Hashes\Objects\0fc0a6381a122eb8a0a7069ddc4f409f.obj	.obj	3944	2026-08-14T21:15:37.9507995+09:00	86fd16694427549e9469eed05a331ad0dfd9932c7ab6db4cb1f3d06e2be80b79
D:\KiwiAvatarSystem\Library\BurstCache\JIT\Hashes\Objects\1093cbd3ae03602ce7d957db9365dce4.obj	.obj	4942	2026-08-14T21:15:33.7268767+09:00	a55d3f3340b3d801c1e4b979034a2e83904ace5b78eedad697e9c9f51183a1c5
D:\KiwiAvatarSystem\Library\BurstCache\JIT\Hashes\Objects\10f4c2abe8dae7fa6396a5e24f4d21eb.obj	.obj	4871	2026-08-14T21:15:33.2376326+09:00	a5d2023e5784976a9db2bb1e0dedc85e4816bca3879614844575e0c16fc236b9
D:\KiwiAvatarSystem\Library\BurstCache\JIT\Hashes\Objects\12e9aae4486ac1c3c29f17f79d1c30f7.obj	.obj	4587	2026-08-14T21:15:33.6797132+09:00	ad558570b93fc25fc4c2b40ec7ce22e555a15816180e948872a5b1224aabcc45
D:\KiwiAvatarSystem\Library\BurstCache\JIT\Hashes\Objects\139b455c977e0b27169f66dd4cdc3a0b.obj	.obj	9825	2026-08-23T23:29:53.9338011+09:00	ae1fcc3f7f1de359b94caf946dbe7daf63e8fd7f45bd38b5e3baabe7f0c7ce67
D:\KiwiAvatarSystem\Library\BurstCache\JIT\Hashes\Objects\153e4ed4ee4e5282f06d921e5d2f23bf.obj	.obj	4765	2026-08-14T21:15:37.3619903+09:00	a5171a977aa0de96d1869c2d28c10225c910d82d976e22924278a4c3e5483cde
D:\KiwiAvatarSystem\Library\BurstCache\JIT\Hashes\Objects\154dc586767a5b4b42cc75796ed5e95d.obj	.obj	4595	2026-08-14T21:15:33.6300420+09:00	87327f79bf9ae887c77292aa5f7e1e4399916723e03bfc6e041b93127fde7f4c
D:\KiwiAvatarSystem\Library\BurstCache\JIT\Hashes\Objects\1602746d97e1821e293332732641f573.obj	.obj	7364	2026-08-14T21:15:33.6927408+09:00	1283842d944dd54aa0ddf25a56b168a5dc21c71ec5dd0583650b5775bf2512fd
D:\KiwiAvatarSystem\Library\BurstCache\JIT\Hashes\Objects\1692c1569fc7368187a0033c8184e557.obj	.obj	4867	2026-08-14T21:15:38.9363132+09:00	8c167001bd2169e00f73f101f01304e8606d86c22135162ee57e407b32dd6c11
D:\KiwiAvatarSystem\Library\BurstCache\JIT\Hashes\Objects\18fbb3717e2f9bfdda94beb2dc8b653a.obj	.obj	7717	2026-08-14T21:15:34.9584178+09:00	62de7f6d8dcf4ac353a9d4136fa0a0d6c20b5c35d850ed7a2086f62c41787fc3
D:\KiwiAvatarSystem\Library\BurstCache\JIT\Hashes\Objects\192c97db2d22882cc33db33b2350f722.obj	.obj	5409	2026-08-14T21:15:32.8850890+09:00	46e93f28d65617aad53728cb935bf69579760a4b3e89c45831fa2baea5b43c2a
D:\KiwiAvatarSystem\Library\BurstCache\JIT\Hashes\Objects\1c6be86d28700d1cdf6d4256dd2141f7.obj	.obj	4903	2026-08-14T21:15:38.5875529+09:00	6284f705a66e5f3242d338fd34c47a0d1ac43fe04c2bd7e37a4a780b0f93d761
D:\KiwiAvatarSystem\Library\BurstCache\JIT\Hashes\Objects\1dc8adba1108c158ef25b1cbea841739.obj	.obj	23548	2026-08-14T21:15:34.5418267+09:00	89453bcdf6fb66395b85ff75809a800248cb76298cfcba889a9b6ab8f6920823
D:\KiwiAvatarSystem\Library\BurstCache\JIT\Hashes\Objects\1dd274bfb196c1f1e3b9fb0e460b3721.obj	.obj	8200	2026-08-14T21:15:33.9686750+09:00	de7d03880a917d44fb87387eb3089a85d4718b74452768bce520859780b8bcff
D:\KiwiAvatarSystem\Library\BurstCache\JIT\Hashes\Objects\1e61cb014b1a8137c78c1af14fdcd1bf.obj	.obj	7911	2026-08-14T21:15:39.1807933+09:00	5a36bd207e4b0485ca182aba7b833fbfb2cae2a3afcfb833a4513f10cd97aeb6
D:\KiwiAvatarSystem\Library\BurstCache\JIT\Hashes\Objects\1f71e871c87dc105e67020ae62a4b1d0.obj	.obj	19617	2026-08-14T21:15:33.7188141+09:00	9de53a701f58d5955480b18530c08917c48cff772a1909f1e39916d6c7ccfc1f
D:\KiwiAvatarSystem\Library\BurstCache\JIT\Hashes\Objects\2216e365cdce24ca35863377740c158f.obj	.obj	7929	2026-08-14T21:15:32.8850890+09:00	d934a32d634868bdb35bebbb9e1928d357df5ebb76cc1c51b3fca31f81045f63
D:\KiwiAvatarSystem\Library\BurstCache\JIT\Hashes\Objects\227b6b84ae9773276841a8378c2ffbd5.obj	.obj	7446	2026-08-14T21:15:37.9618303+09:00	05dfe581bfb9451ae4b59a0e71e0bb97eea14b2973bd88017d8fbdd5c2a5943a
D:\KiwiAvatarSystem\Library\BurstCache\JIT\Hashes\Objects\23b50f8d734d05a357a220d7b4b1079d.obj	.obj	6738	2026-08-14T21:15:32.8529095+09:00	cec711069c2e05726af801305a2020c28e37262488890598315b3d18d578f56e
D:\KiwiAvatarSystem\Library\BurstCache\JIT\Hashes\Objects\2507045c2076169afa1143cf838d0706.obj	.obj	32782	2026-08-14T21:15:31.4700865+09:00	824e575456cfd6dc35087c0bad9531a6b31648366acfb32b0f22ed704df113ac
D:\KiwiAvatarSystem\Library\BurstCache\JIT\Hashes\Objects\250d36071f26782b3d0c7d1b41d11d4f.obj	.obj	7284	2026-08-14T21:15:32.9144736+09:00	0375a67005ea4ff9a6c9f935aa2ec2b05dfec18eb7d230dac3da3b0cf9c8e4c9
D:\KiwiAvatarSystem\Library\BurstCache\JIT\Hashes\Objects\2534f9976e4429c782ab1d478812328b.obj	.obj	11777	2026-08-14T21:15:33.1978991+09:00	1b9a5981dd16cdf96185fbecf35c53b4d96b8660262c342521019fc7e6217f82
D:\KiwiAvatarSystem\Library\BurstCache\JIT\Hashes\Objects\25c2a9033108f70fac36097b137daf5e.obj	.obj	5844	2026-08-14T21:15:38.1455402+09:00	2ba8879134b579428bf0301ab3fd2d4950b81cb17003bd30a0b7293fcc969a35
D:\KiwiAvatarSystem\Library\BurstCache\JIT\Hashes\Objects\25e3eaf9c275bf6131bf66cadf0fdc85.obj	.obj	39126	2026-08-14T21:15:37.5320507+09:00	d05db04985d7d8ec10ade498dbeeb8fe991658318cbe3db08acd8170cfd4d91a
D:\KiwiAvatarSystem\Library\BurstCache\JIT\Hashes\Objects\2937c25f28a238eeb15edf8312b7da82.obj	.obj	9184	2026-08-14T21:15:31.1056059+09:00	20bb93ccb3faac3f845b57240adf4155ba5926db6e2fe09ff384e506699534b0
D:\KiwiAvatarSystem\Library\BurstCache\JIT\Hashes\Objects\2946cabf51daa16467ae6c929aacb911.obj	.obj	23975	2026-08-14T21:15:34.0053791+09:00	c2cae956befd513a589bdc752ce25d02cd289a42a734d074aff6af505144ac86
D:\KiwiAvatarSystem\Library\BurstCache\JIT\Hashes\Objects\299b3267f540b47aa032bc3928336d26.obj	.obj	17840	2026-08-14T21:15:35.0167442+09:00	34030555f15bda4ea3dfa0cfcff99183da1ec378c5a43ca66e954ddbb823a839
D:\KiwiAvatarSystem\Library\BurstCache\JIT\Hashes\Objects\29fdce88872134797ed848ea88b2d8f7.obj	.obj	7236	2026-08-14T21:15:38.7010982+09:00	a36bae63bbd625ee8a5724c83e91b3577f57afafef8821922e44a2170de98681
D:\KiwiAvatarSystem\Library\BurstCache\JIT\Hashes\Objects\2b47389354c44b3e3483da00e886b161.obj	.obj	4605	2026-08-14T21:15:37.3025783+09:00	a9463e540993f11f4aac89aa76c0f545ef9a07ca19669b80a4b10a3a75b14781
D:\KiwiAvatarSystem\Library\BurstCache\JIT\Hashes\Objects\2cd4905c544b6abd72433105868dec6a.obj	.obj	8360	2026-08-14T21:15:37.3660169+09:00	c0fe895906222ceb119012af166f39e1a7415d42434ed77906dc5c7053472130
D:\KiwiAvatarSystem\Library\BurstCache\JIT\Hashes\Objects\2ced0c2b89f866245f307ebcec9ee3da.obj	.obj	5376	2026-08-14T21:15:37.4447223+09:00	a858d41d530d6a7773851e778ce0a0ed971a81b10a21b4556006cd4a0e0d03d5
D:\KiwiAvatarSystem\Library\BurstCache\JIT\Hashes\Objects\2dd9c07547ca9e1dbe73ff5aef4ec793.obj	.obj	5022	2026-08-14T21:15:38.1184202+09:00	cdc757a55d99e45617d11fff31de6e8aa4455221f0594ce983ba1eed0eeecf41
D:\KiwiAvatarSystem\Library\BurstCache\JIT\Hashes\Objects\2fc4e419ba8425124fd70c0ff8a9e815.obj	.obj	17889	2026-08-14T21:15:39.0377812+09:00	3cbf7d5b2c05a69cd0dd422daad767c0212f51d54e8db2693ac6f837b6a89051
D:\KiwiAvatarSystem\Library\BurstCache\JIT\Hashes\Objects\31ba6f4fbf8d3ffa56d6a2525fb592f0.obj	.obj	17915	2026-08-14T21:15:34.9840520+09:00	dc32d03c1b0656f26dea35ba42b58611061ab402a150713d815017165ac3b4bf
D:\KiwiAvatarSystem\Library\BurstCache\JIT\Hashes\Objects\3321dc968d53f1204c6c1f5f220e6c3b.obj	.obj	6292	2026-08-14T21:15:39.2274609+09:00	3d10b0e6d704bb51194b6daac74796e0e4f2355a42667e887ff0f45a5131c4ba
D:\KiwiAvatarSystem\Library\BurstCache\JIT\Hashes\Objects\34797b29668454ce29aff1fab238c1bd.obj	.obj	35456	2026-08-14T21:15:31.0764691+09:00	39b469288d640cfef1ff54946c79a63198e834efc9f2ce1e6b9d08ab813598d6
D:\KiwiAvatarSystem\Library\BurstCache\JIT\Hashes\Objects\35d3865a1ebb8d2ad204bd2c245303f1.obj	.obj	6392	2026-08-14T21:15:32.8750353+09:00	47b3f993f719a5d6d18255af38412150d7e261ee5c82219c9ab25441da38d88d
D:\KiwiAvatarSystem\Library\BurstCache\JIT\Hashes\Objects\363235fbe3c8cc9407790402d2b9ecbf.obj	.obj	7238	2026-08-14T21:15:38.9091812+09:00	8fa2cf528369cb102cccfa5b83381a6f9b2431cef703b847c4acd652ade8cc07
D:\KiwiAvatarSystem\Library\BurstCache\JIT\Hashes\Objects\37f8a892b379b54132c212122fc1f6d8.obj	.obj	5537	2026-08-14T21:15:37.2905064+09:00	b6603cab1984986f16b34fa03d21c2c7d15e1c8fe41de470396757a7d58a171c
D:\KiwiAvatarSystem\Library\BurstCache\JIT\Hashes\Objects\3814d32b1a9545f9ecc2d34d2f1b52e2.obj	.obj	8882	2026-08-14T21:15:33.2339704+09:00	90fe74dad16e6d40621a53775b62df1ddad06f568715c442e38c7dbebd12de0b
D:\KiwiAvatarSystem\Library\BurstCache\JIT\Hashes\Objects\3baba22f8836739312c8ead8bebd2670.obj	.obj	7469	2026-08-14T21:15:33.4843187+09:00	cfc61248306c9b6389fd4e9362f5a527bfc2e59863ec1895dfd6a7c1ab772ad1
D:\KiwiAvatarSystem\Library\BurstCache\JIT\Hashes\Objects\3bd7d45629218060a5e2e192364f746e.obj	.obj	5341	2026-08-14T21:15:38.0488937+09:00	11cd68d0ae159bc7db2b7e3e17f13bf5be2a7f3cfec14e3656c4c2ebacaa2cc3
D:\KiwiAvatarSystem\Library\BurstCache\JIT\Hashes\Objects\3e40b8e17bfce802554e66649644d780.obj	.obj	7230	2026-08-14T21:15:39.1100914+09:00	3ab98c2512c664e8001a22bbe4f02aafdbb698ec7d341dd9953f7c007db0978c
D:\KiwiAvatarSystem\Library\BurstCache\JIT\Hashes\Objects\3e55c855565013e2b3eb203c8841ffb5.obj	.obj	5976	2026-08-14T21:15:34.4167904+09:00	6789b1ed63d8e9556d6438817e1ddbcde32750f5cad2b26847104e3a3b90f346
D:\KiwiAvatarSystem\Library\BurstCache\JIT\Hashes\Objects\3e6d80f5dcf5df1ef04395e751c059cd.obj	.obj	17939	2026-08-14T21:15:33.2246614+09:00	aeb6ab7517ce53476971c4e427aa4762d099e816057cb6f607ab4e132199bddd
D:\KiwiAvatarSystem\Library\BurstCache\JIT\Hashes\Objects\3ef88e628331df67d61e22f4fb04033e.obj	.obj	23993	2026-08-14T21:15:32.9380367+09:00	3b488ebb41d7cf9c4e2d34a3c02292a829e542d52c08991c5df946f5d9e5bb79
D:\KiwiAvatarSystem\Library\BurstCache\JIT\Hashes\Objects\4180b7a193c1f19e5a3d5b79c35ec1eb.obj	.obj	4043	2026-08-14T21:15:31.4369874+09:00	864b481bff10cdfb7c005b856a6f6cae24029e425fe1775eef4c1e06dc5550e0
D:\KiwiAvatarSystem\Library\BurstCache\JIT\Hashes\Objects\4204e42dfa9480729311a9cdfa3fff70.obj	.obj	5327	2026-08-14T21:15:33.7972899+09:00	5cd037e8460ee6d86fc05376e023504969dcb870e04488969ea36f9c8e518e37
D:\KiwiAvatarSystem\Library\BurstCache\JIT\Hashes\Objects\423a8b5f289a161700f17d341a488fd8.obj	.obj	5871	2026-08-14T21:15:33.6621509+09:00	42bdb853916511228b7a2b2e3034a1f33a07577c3c4cbb9be3f47ead9452c04e
D:\KiwiAvatarSystem\Library\BurstCache\JIT\Hashes\Objects\444ee7a94629613f541250af31f99fbf.obj	.obj	5664	2026-08-14T21:15:32.1267168+09:00	25d32a75176398a1ff0f8822004ef78a17028f61ca3d454fe834b0fc59e86dc2
D:\KiwiAvatarSystem\Library\BurstCache\JIT\Hashes\Objects\4567a695cee2b5ae4b1f6ffb0c8e1144.obj	.obj	4305	2026-08-14T21:15:32.8981944+09:00	4c1a5582780412dbde4fdea26598067cc8c8b4c0c42542b88c17b565cb17b0dd
D:\KiwiAvatarSystem\Library\BurstCache\JIT\Hashes\Objects\45c2448fc1c8cc26e7fa83faec56d310.obj	.obj	5369	2026-08-14T21:15:33.6300420+09:00	3f97f5b8546752413b72c74471a88a9c2a74ff9fdd49fbb677094c13265b8738
D:\KiwiAvatarSystem\Library\BurstCache\JIT\Hashes\Objects\45dd4a082a65eaa17a0df9a185178ce9.obj	.obj	5095	2026-08-14T21:15:34.0211312+09:00	cf606ff8c3f11ad1c8c8dc9473f7f029dcfd438f0197a378d44f1cac6f56fda1
D:\KiwiAvatarSystem\Library\BurstCache\JIT\Hashes\Objects\46b5542ab602dc2c727386f0e6e5f493.obj	.obj	5595	2026-08-14T21:15:39.0651724+09:00	cdcb50aec0ef10b3d005e9c42c481a4354b7897cbd450cb75986db2a95eb0172
D:\KiwiAvatarSystem\Library\BurstCache\JIT\Hashes\Objects\46fe0acddd570121e93f91215dc0a8ff.obj	.obj	9699	2026-08-14T21:15:31.3922180+09:00	8d2827ef7062cdbbd051c95c220ff5e339d02618b79d4475ba5ba0f3fa9b6b74
D:\KiwiAvatarSystem\Library\BurstCache\JIT\Hashes\Objects\493cbf282fd0c5adcd81763b617e5daa.obj	.obj	5324	2026-08-14T21:15:38.2732077+09:00	ce73700bd35cee9dbe0f5d9bdcfd333369ad5b249c85491de985002b2a4dec68
D:\KiwiAvatarSystem\Library\BurstCache\JIT\Hashes\Objects\49d7b202575edea4a1afbe66c216bca0.obj	.obj	17925	2026-08-14T21:15:33.4651573+09:00	0677a8edd995377ed23f444f7672adc91dcc6dd560ff66f03f60f01774a3f13a
D:\KiwiAvatarSystem\Library\BurstCache\JIT\Hashes\Objects\4a6d3fa0ad2662b9bfbb2f55ac6c0158.obj	.obj	5147	2026-08-14T21:15:33.6551289+09:00	d36a6abdb44baee5ab42c9f4fc1fb42c07e6113142276f307ac12d1defe1158c
D:\KiwiAvatarSystem\Library\BurstCache\JIT\Hashes\Objects\4ba31b0b6e9f0b43368de93195de8bb6.obj	.obj	4876	2026-08-14T21:15:31.1116524+09:00	4ec596f040523833b4087ba9f84400296a53b700e70a02f662206cd257b0b462
D:\KiwiAvatarSystem\Library\BurstCache\JIT\Hashes\Objects\4c8822e6a20a0c95aece01a39cd6285c.obj	.obj	7526	2026-08-14T21:15:37.2950208+09:00	8a8594f9db70c4acea3e06910a53f6537a552c82a0b709dff4a5165785676c26
D:\KiwiAvatarSystem\Library\BurstCache\JIT\Hashes\Objects\4ee2a6533ecd106b4c754fa61cb98a36.obj	.obj	7254	2026-08-14T21:15:38.6021554+09:00	09a73617fcdd9e613d0b5ad7bdc3f23adbaeaacbc8df849715875427c4909cf2
D:\KiwiAvatarSystem\Library\BurstCache\JIT\Hashes\Objects\519de79a569060b5e6cbfcd1c7b82817.obj	.obj	10835	2026-08-14T21:15:34.4805885+09:00	677d91c9c5664aba4380996b0c03391abe8a17df05ef75469741db66ebb2569a
D:\KiwiAvatarSystem\Library\BurstCache\JIT\Hashes\Objects\51b980ab2ac4b2f6c6486a0998cb0a7b.obj	.obj	18621	2026-08-14T21:15:33.2316998+09:00	c1d8897213ebd06fb59e50115f29ca6a207a989dcfbd52da83581930e80092b7
D:\KiwiAvatarSystem\Library\BurstCache\JIT\Hashes\Objects\51fc4f387cf15e5e8962777b229cfa86.obj	.obj	4947	2026-08-14T21:15:37.3082439+09:00	cbf7d758b546507f4c691462552c0c602c24b8df96cdb9cd263bcb08b2f10628
D:\KiwiAvatarSystem\Library\BurstCache\JIT\Hashes\Objects\5226f9644f438b850cc7be1552541d18.obj	.obj	5257	2026-08-14T21:15:33.1707636+09:00	8cf8ee9fcc3e3b8907d4bc81d7a5035264b8ce4d0ffb6af6587b65b50de0df1a
D:\KiwiAvatarSystem\Library\BurstCache\JIT\Hashes\Objects\52be7c548ae044beb8e7908721978658.obj	.obj	4691	2026-08-14T21:15:39.0110850+09:00	6122903ce0da38cd34395a94a929ae46c21559e32240925cb815dde2ec45eda5
D:\KiwiAvatarSystem\Library\BurstCache\JIT\Hashes\Objects\52ce99296c501ea722832575d8fea7e1.obj	.obj	4904	2026-08-14T21:15:32.8529095+09:00	e76445f609e9b22fb8697934acd94da3955a83487dbdbf0170af3cc7baebb2f1
D:\KiwiAvatarSystem\Library\BurstCache\JIT\Hashes\Objects\54553da2ea3ae9fa5bd5c3129571eb2b.obj	.obj	5594	2026-08-14T21:15:33.1903641+09:00	6f834943bd245411987f4d8146352a0847b8266940a36e47ac49b1063c3018a9
D:\KiwiAvatarSystem\Library\BurstCache\JIT\Hashes\Objects\55de82a788c28fe7027773185b7a817f.obj	.obj	9388	2026-08-14T21:15:31.1222407+09:00	e5dd56975a282d1d3b667ec3024609c5e17dc954b9d076780702aea011919c46
D:\KiwiAvatarSystem\Library\BurstCache\JIT\Hashes\Objects\5648ef128ac74675ab3bc9f60dfbf3ed.obj	.obj	4886	2026-08-14T21:15:33.6732064+09:00	85feba02e272e9d73daa4c5ace593d5ff1a6d74d2a991afb51bcb61dfd34da0c
D:\KiwiAvatarSystem\Library\BurstCache\JIT\Hashes\Objects\583a408094a14d75e1a601cd8216bd65.obj	.obj	4597	2026-08-14T21:15:32.8464597+09:00	11d109aa522a1131ad1b1ac3eeaec2e6a3455813e0b77760b46708b46ac7bf7a
D:\KiwiAvatarSystem\Library\BurstCache\JIT\Hashes\Objects\5a2d3a482a839f5546cdbf8ca3d70f20.obj	.obj	4920	2026-08-14T21:15:31.2726234+09:00	2445028123046ddbbe1e63b323a5c656022f96367c11e821aa6ce94e1e1e4a6f
D:\KiwiAvatarSystem\Library\BurstCache\JIT\Hashes\Objects\5acf3c67f7df1d3a974e5104884c8455.obj	.obj	5860	2026-08-14T21:15:32.8765411+09:00	db8548530713972c84ac4f52dc6acdda60e8130f5d0756c103cb048848712644
D:\KiwiAvatarSystem\Library\BurstCache\JIT\Hashes\Objects\5ae9e89d8d96224a0dfc8a04de88649b.obj	.obj	9806	2026-08-14T21:15:31.1383630+09:00	e1e6fce9ca210ba785c8b495df40e712b45d1e64bafa4751ae9661270865af0c
D:\KiwiAvatarSystem\Library\BurstCache\JIT\Hashes\Objects\5af0bcdd4ae3c8c97536029ab19ab0b5.obj	.obj	7617	2026-08-14T21:15:33.7721873+09:00	c9978d4308ffb234d04e99a914c9a4f6a43c8ac742f2124000017c330690fa45
D:\KiwiAvatarSystem\Library\BurstCache\JIT\Hashes\Objects\5ba9f8ba42e87f37a7b9bde41462a6bc.obj	.obj	5712	2026-08-14T21:15:33.5171143+09:00	e12a2b64753b9994c7f03987a3cab77ea7cee4c9e2ed5ef5a63db2daa7067331
D:\KiwiAvatarSystem\Library\BurstCache\JIT\Hashes\Objects\5dcdb1564ab70217ac732c21a1545bc7.obj	.obj	5067	2026-08-14T21:15:37.3549564+09:00	2d4e4194a94e4f7996b730e98e3497533e83d830ae81f05e26c55bb4744c17b0
D:\KiwiAvatarSystem\Library\BurstCache\JIT\Hashes\Objects\5de8375f1b28193ad78484f18bef9023.obj	.obj	13487	2026-08-14T21:15:34.4183017+09:00	437b67c30117291f64dfe466a5840a7c4c3ad5fdcbe3db9ce997e8d0b90c5e4b
D:\KiwiAvatarSystem\Library\BurstCache\JIT\Hashes\Objects\5e124b2a725a4940ea0d6f91b22e0c79.obj	.obj	9727	2026-08-14T21:15:38.0438697+09:00	ec0ee0dbb45f226782628e698dab1d42adb30562c8fa72959456cebd370fc88a
D:\KiwiAvatarSystem\Library\BurstCache\JIT\Hashes\Objects\5e2eb2e7991bac8d7e06bc54ab86f15c.obj	.obj	27969	2026-08-14T21:15:32.9605682+09:00	3146450217823c9d79a2f62d32a974d166a0b6442434cabf49b0433edd1ab62d
D:\KiwiAvatarSystem\Library\BurstCache\JIT\Hashes\Objects\5f2a16fc43e5f8badfe540c23b19d4d9.obj	.obj	15972	2026-08-14T21:15:38.6212699+09:00	c983e34dc0ff4a802a7223b93acda59b7f3d5e43db1ce30168ec774341256b17
D:\KiwiAvatarSystem\Library\BurstCache\JIT\Hashes\Objects\61f67ced8bd853f77b86995f207dea8c.obj	.obj	5585	2026-08-14T21:15:31.2791548+09:00	67890b44280519affd13f2a5ec96a09c0af79f918d48a88eb732c75747053fb3
D:\KiwiAvatarSystem\Library\BurstCache\JIT\Hashes\Objects\640a69807c1d8b7aa5ef9a9520db227a.obj	.obj	3411	2026-08-14T21:15:31.4725919+09:00	0ba87f0d46568b25b2be77709ae1c67d55879f3feef7cb08a1d4dd329e5f2642
D:\KiwiAvatarSystem\Library\BurstCache\JIT\Hashes\Objects\6452d56537a056b5ac6b8acdf2f79846.obj	.obj	4990	2026-08-14T21:15:32.8951579+09:00	dd7b4e9ddcd0c7013c5ec4df1f3e9178ac9505a625f453a30fb02623a133fb3a
D:\KiwiAvatarSystem\Library\BurstCache\JIT\Hashes\Objects\65526fd9f976d0b76a078e0990694604.obj	.obj	25825	2026-08-14T21:15:31.4168476+09:00	7f9b3f27fa1396aa295d3c77aa4a1982918107c0b00485ade917345e7a70358a
D:\KiwiAvatarSystem\Library\BurstCache\JIT\Hashes\Objects\65dbb5b75fa67ca3b8a60080e86d1974.obj	.obj	4915	2026-08-14T21:15:37.3836441+09:00	f388f476b929e40190fd84eedb2bf33a15313f9a4913e1151d168c186479a41b
D:\KiwiAvatarSystem\Library\BurstCache\JIT\Hashes\Objects\671b97068825de90222798779f9dca20.obj	.obj	5514	2026-08-14T21:15:38.0634722+09:00	990950c397aa53077a447388282638784b49cc5a29f3bbc564c72bd08f493ec0
D:\KiwiAvatarSystem\Library\BurstCache\JIT\Hashes\Objects\6a38b3c8e8c6382663b89ebae836133c.obj	.obj	5507	2026-08-14T21:15:39.1497901+09:00	2015fd61a19c0ddeab8219ad3b74c6dbde486694bdb0951ad635ee43cc4c2187
D:\KiwiAvatarSystem\Library\BurstCache\JIT\Hashes\Objects\6adfe4f06d4b8f292be2f7b62c622970.obj	.obj	8607	2026-08-14T21:15:34.0144418+09:00	8a28b09dc8a04844089b3152ae4f50f82697c2bfff2bf4ef0e7b0e0a42cf2da1
D:\KiwiAvatarSystem\Library\BurstCache\JIT\Hashes\Objects\6bb4e8f46cba5ca5f344d15212755f6c.obj	.obj	8808	2026-08-14T21:15:33.7218353+09:00	c6fc81bb88053e0d0810178bf9ab12a4edb7cc9bcef9b5b9ff984c37e08c3256
D:\KiwiAvatarSystem\Library\BurstCache\JIT\Hashes\Objects\6c478f34b088c2237779a6fdc0e816eb.obj	.obj	10691	2026-08-14T21:15:32.9062362+09:00	c82e2c726b5119dbc00d292b5243b695a0e1f1562d94b00cedff617a6a024679
D:\KiwiAvatarSystem\Library\BurstCache\JIT\Hashes\Objects\70076b453ddd32bb7c6607b2922f1dcc.obj	.obj	4902	2026-08-14T21:15:37.3781288+09:00	89756d3261e8fa9a9d1403f2b2a4235814d40aa7b5d109345d8124a041da90e1
D:\KiwiAvatarSystem\Library\BurstCache\JIT\Hashes\Objects\70165e5b7f0ff5413f68173e034aa854.obj	.obj	7168	2026-08-14T21:15:38.3013873+09:00	7c53e52f3bf7edb1dd1c62b95786eb7ea5fc172769d3f27e010e8ac13daa608f
D:\KiwiAvatarSystem\Library\BurstCache\JIT\Hashes\Objects\70882335d53558161ffe031edece6641.obj	.obj	8337	2026-08-14T21:15:34.9000124+09:00	6df1a31c21c770a02543a9d0f974b11752ec750dddc545aae0c8df7c439d7860
D:\KiwiAvatarSystem\Library\BurstCache\JIT\Hashes\Objects\710e6ecebfb09882285adcca5cbc2ceb.obj	.obj	5488	2026-08-14T21:15:31.3826817+09:00	f671aae17484af45be362967181e7b50bca88a55c2eeed00724dac9bd902976b
D:\KiwiAvatarSystem\Library\BurstCache\JIT\Hashes\Objects\717a8343a5c82a75791729fd9aabff07.obj	.obj	4986	2026-08-14T21:15:38.0539091+09:00	29ef49ce54bbb2e9b3fc4cd678388e8a2f521c51f2758a7295c07feeb0d09da5
D:\KiwiAvatarSystem\Library\BurstCache\JIT\Hashes\Objects\718a50d2578d1627751bb4256d57b2a8.obj	.obj	4342	2026-08-14T21:15:34.3966983+09:00	c135df155ffbc7b50dfd92bc4fab2b44d9f4e4507a6a0c2e506ef52b2eea5786
D:\KiwiAvatarSystem\Library\BurstCache\JIT\Hashes\Objects\7562ab2138dd76375c02db9c9239097a.obj	.obj	6356	2026-08-14T21:15:38.6799704+09:00	28ce44e09f7fad19826e58be9d5898ae93c62cba890b038b3426f8f3d474b98c
D:\KiwiAvatarSystem\Library\BurstCache\JIT\Hashes\Objects\757f31223b2ce382a2650a98691d6c11.obj	.obj	12682	2026-08-14T21:15:39.1266947+09:00	08a0ab5f1127e23ad2de81940fcacc4633df5add65d88bac5c9117451c3dc861
D:\KiwiAvatarSystem\Library\BurstCache\JIT\Hashes\Objects\796bfe6bd4b6842897a8e86dca22c089.obj	.obj	7234	2026-08-14T21:15:32.8384220+09:00	d7b1352980eff93322d4b0fa80935bde97f147bc3306e9de6a7968e7c9a9a520
D:\KiwiAvatarSystem\Library\BurstCache\JIT\Hashes\Objects\7adf0312752cc856929fbeef2c85bef6.obj	.obj	7174	2026-08-14T21:15:33.5176462+09:00	0feb6b293f6690f39ba9f5e347a51e044eed6ab8bbb21dd14ac3823e898a55d2
D:\KiwiAvatarSystem\Library\BurstCache\JIT\Hashes\Objects\7bcd524ae446baa33ddbc0bd5e53f7c1.obj	.obj	5050	2026-08-14T21:15:37.3720588+09:00	fe063e2f39d36650274ae947ab67d03dbf259ad0e600d826f7c340494c3d6a44
D:\KiwiAvatarSystem\Library\BurstCache\JIT\Hashes\Objects\7be8e316506f8812ade656ece9d06174.obj	.obj	4991	2026-08-14T21:15:37.2848254+09:00	1018be34c08344475c57e1b7dacbb5b42b6774615b4d8fe58e4b7d76beaaafff
D:\KiwiAvatarSystem\Library\BurstCache\JIT\Hashes\Objects\7ca167aafce4d11d20bb51a47e017c15.obj	.obj	5286	2026-08-14T21:15:33.3092317+09:00	f06e9dea7db8c7426fd9be3cde0037d081884b783059b6383794f1ec7796e54b
D:\KiwiAvatarSystem\Library\BurstCache\JIT\Hashes\Objects\7e63549d2e257c5f0049b65a10ea360f.obj	.obj	5227	2026-08-14T21:15:33.6671663+09:00	c30016a18e8cd35f7a99e3527692d24a38cfa9b898ede7ae3c9265077e959c18
D:\KiwiAvatarSystem\Library\BurstCache\JIT\Hashes\Objects\7f0237d55949dc38390549cb00ba35ac.obj	.obj	5282	2026-08-14T21:15:37.2915071+09:00	2d0c5540a3b6ce9990a128eb9fb1bbb5099ad713edb18a7471c731ca5975d47d
D:\KiwiAvatarSystem\Library\BurstCache\JIT\Hashes\Objects\7f0297deff78ba4df21ba180c4c591ca.obj	.obj	23962	2026-08-14T21:15:31.4329088+09:00	4977b9c9f82de9e993ac2165cec6c8d02b46ce10939fd2d23025a5a93497fc66
D:\KiwiAvatarSystem\Library\BurstCache\JIT\Hashes\Objects\7f1056e5447b5f644fddec7e19937fd9.obj	.obj	5989	2026-08-14T21:15:34.9915939+09:00	5dbaee63819adc5ca23b93125f161012323d0dd34e9e88bd76f867f2e309b402
D:\KiwiAvatarSystem\Library\BurstCache\JIT\Hashes\Objects\82964259d1471fa8686b5f8f9720c0ee.obj	.obj	5866	2026-08-14T21:15:38.9152409+09:00	9f3e2ca4366c93e6c3467f4382bcc6c39168b4f758818e3daa596ca83b051b48
D:\KiwiAvatarSystem\Library\BurstCache\JIT\Hashes\Objects\8387250218e668cb6e1ef52d87af4e93.obj	.obj	13067	2026-08-14T21:15:37.3856993+09:00	4b70098a485980ebb236eb7524ef6c8c7d18013fbd079d28a22377bef0894310
D:\KiwiAvatarSystem\Library\BurstCache\JIT\Hashes\Objects\83b4dce39604e64d587b6aaf4c7555cc.obj	.obj	17849	2026-08-14T21:15:37.3198008+09:00	ae15821de2bba65d295fdf772541f03c648fa8a98632d124f2b8e2a2a894efda
D:\KiwiAvatarSystem\Library\BurstCache\JIT\Hashes\Objects\865ed319d299171f4cdd318af8d760c8.obj	.obj	5341	2026-08-14T21:15:34.4609929+09:00	2527b7d9e8b1ec56ebd22789e2da4773c0d68a0dd81827ed65b15e0c7ec29e38
D:\KiwiAvatarSystem\Library\BurstCache\JIT\Hashes\Objects\86c6db2de97e734cb121b217cb75c7ef.obj	.obj	6910	2026-08-14T21:15:33.2431608+09:00	146636078c7a3be65e0e325b8c54debf74ce6b07510bf93af4528eef46cb20bf
D:\KiwiAvatarSystem\Library\BurstCache\JIT\Hashes\Objects\86f3df9119a471234805a59272e02194.obj	.obj	5573	2026-08-14T21:15:34.4534542+09:00	042685016b0859475455e991b44774db3fe6859047d1388295fb420f65ce318f
D:\KiwiAvatarSystem\Library\BurstCache\JIT\Hashes\Objects\87a08ccc4b61ff6e6c5fcb7770f8562b.obj	.obj	7965	2026-08-14T21:15:33.7892468+09:00	d042ab2e0235a5317eaf7ba891c0b787e53e3a9f1beabacbe8673281e12ca275
D:\KiwiAvatarSystem\Library\BurstCache\JIT\Hashes\Objects\8b8d502453b095b6977f9c26a8ec8cdc.obj	.obj	7999	2026-08-14T21:15:39.1717337+09:00	5c3e1ffa0a59d2b8c509e2743bfc053675d3007b334485fb83526d49404195f1
D:\KiwiAvatarSystem\Library\BurstCache\JIT\Hashes\Objects\8bcf4f4a70c6ab5bbcffc890ec19c7b6.obj	.obj	34805	2026-08-14T21:15:31.1056059+09:00	4939103024e4c2008884ec0a19f54237ccc7434845ab011daa07bb287a4b3ac9
D:\KiwiAvatarSystem\Library\BurstCache\JIT\Hashes\Objects\8d4172a3d3c760e853a580ec6ba57733.obj	.obj	7655	2026-08-14T21:15:33.5005268+09:00	c0aac41761da531b804bdf098a6cbbd749bbe90eeea8d78a063685c360abc203
D:\KiwiAvatarSystem\Library\BurstCache\JIT\Hashes\Objects\8fdd0d3ff378bd8d46bd168a41bb0d48.obj	.obj	4943	2026-08-14T21:15:37.4214293+09:00	73d867d9253c942692b6da2f7f2a933fcece737cdc5d1ea6a7bf2d878cf3556b
D:\KiwiAvatarSystem\Library\BurstCache\JIT\Hashes\Objects\910ef770dcf0a6e1b9de78bf70073321.obj	.obj	5812	2026-08-14T21:15:33.2411506+09:00	ee637261a1fea030d728dbefffac9db7439772a3e8fb622b6527975afbe824a5
D:\KiwiAvatarSystem\Library\BurstCache\JIT\Hashes\Objects\91f8a10282f119a00c1f862ae6bb43fe.obj	.obj	4620	2026-08-14T21:15:38.8868595+09:00	ad151c33dacdeda0aabb0ac81ac1c1afdf3c05f24ae24911af4c6302640ff683
D:\KiwiAvatarSystem\Library\BurstCache\JIT\Hashes\Objects\935b20b86b845546e503aaf560196948.obj	.obj	11658	2026-08-14T21:15:30.9980536+09:00	eb5873f7a0d68ed6c38057b279822727b6d527591ca9c00f43562e902eb4d489
D:\KiwiAvatarSystem\Library\BurstCache\JIT\Hashes\Objects\93f0e9c2e349119306994bbfeb1da0cc.obj	.obj	9797	2026-08-14T21:15:32.8394306+09:00	3d78384c14b95c4fdb37863c9de565601bb4d41e3e52b85776357e79f955213c
D:\KiwiAvatarSystem\Library\BurstCache\JIT\Hashes\Objects\9631e30f84558ffaa5d397b639d32e90.obj	.obj	4593	2026-08-14T21:15:38.6865091+09:00	68b35cdab5d31c55066faec0b4a3cd6fb44e33edec8bfc399f71c2286a3744f3
D:\KiwiAvatarSystem\Library\BurstCache\JIT\Hashes\Objects\966f65440dfcd57fbcc41ade3a7aa957.obj	.obj	7469	2026-08-14T21:15:38.1013469+09:00	809269265dfcce04ef9c2331828b4f860d657c931e589480c9b5be2e2c741441
D:\KiwiAvatarSystem\Library\BurstCache\JIT\Hashes\Objects\97d9e2d3424e17e6d071db046741a772.obj	.obj	28929	2026-08-14T21:15:31.2997535+09:00	7acffd9a087cb30383ca1cde0e85d0ff683baac6f065722fa4c72e011e6e2487
D:\KiwiAvatarSystem\Library\BurstCache\JIT\Hashes\Objects\97f8c6151161aacebd5b0a677e22a6d5.obj	.obj	6386	2026-08-14T21:15:34.9020124+09:00	b813bd43416324421bdb92513b459481c187fd9cb062aaa344fc6b9a1bd0c0f4
D:\KiwiAvatarSystem\Library\BurstCache\JIT\Hashes\Objects\9840c29c9f32325e1cb14797ba03b1cf.obj	.obj	4932	2026-08-14T21:15:34.9125891+09:00	5e65b6e48dd3b93fb89f03cf90f25fc624906f9b089ae70b8a4eea10fd2b2d5e
D:\KiwiAvatarSystem\Library\BurstCache\JIT\Hashes\Objects\99c567e7fa794910c41307ea68dcb5d1.obj	.obj	9393	2026-08-14T21:15:33.6405750+09:00	6a73ff5aaee39c12bd6b0ff9aa2c61d6b8b68246719a373a8864d3ceea08d7a3
D:\KiwiAvatarSystem\Library\BurstCache\JIT\Hashes\Objects\9a19b2db2efc5e99f72fb6b3daa0c6b6.obj	.obj	12413	2026-08-14T21:15:38.0403541+09:00	8592f792d4cc103af2e34a1083b47926646c35c390a3c5d430d83ebcb2a07bfe
D:\KiwiAvatarSystem\Library\BurstCache\JIT\Hashes\Objects\9ac6b77afe5f500e72912fffc348dacb.obj	.obj	7276	2026-08-14T21:15:38.6373411+09:00	1fd469f4d9c0aac5f446603e3a524ef96458b2ba43a9e35d74bb3f12959ae046
D:\KiwiAvatarSystem\Library\BurstCache\JIT\Hashes\Objects\9c7f9da5313c4a3269174a1ff8183092.obj	.obj	3507	2026-08-14T21:15:30.1960299+09:00	64d715811da7e4a41591a5dea6107f512e9fd966d033bbe7a837033cdb3b907a
D:\KiwiAvatarSystem\Library\BurstCache\JIT\Hashes\Objects\9d6794965367d94a3389c27df47af887.obj	.obj	3871	2026-08-14T21:15:39.0040607+09:00	9b9cedf02d32504f6261567211180d671ffbe25ae5bc59c695a05058fbb9cca6
D:\KiwiAvatarSystem\Library\BurstCache\JIT\Hashes\Objects\9dc08adcfe199d0bb6c2ebbf83b6cb53.obj	.obj	7236	2026-08-14T21:15:32.5340917+09:00	e67c1bde3282bf4311928ccb55544b5134e21ded911cacc0d6808952c1a0bceb
D:\KiwiAvatarSystem\Library\BurstCache\JIT\Hashes\Objects\9f14352bd8e7945896a970cc704480da.obj	.obj	5495	2026-08-14T21:15:37.3358523+09:00	56c0a63aa3f4766e36fae959549e35110312bde01a6c1ad2151dacc4426a1bc2
D:\KiwiAvatarSystem\Library\BurstCache\JIT\Hashes\Objects\9fe0a2ae4b5f78e1044b4f03e67a6194.obj	.obj	4889	2026-08-14T21:15:37.3147662+09:00	a8c63ee698fa09e66096e90ff76fde3cc21ab8fdf33df1d8d15dc089fe3a6050
D:\KiwiAvatarSystem\Library\BurstCache\JIT\Hashes\Objects\a15f5fd7561b6ddfa62ccbb3f0d18635.obj	.obj	11934	2026-08-14T21:15:34.4313679+09:00	1330d49fea06c8c2e1cc806608aa8b6710276b609412b836eac223f9de4a2348
D:\KiwiAvatarSystem\Library\BurstCache\JIT\Hashes\Objects\a17cf35636e0e4d639001c91fc0accdf.obj	.obj	30822	2026-08-14T21:15:31.0553833+09:00	42a4b6e77bc1fd52fd75d6f7060248ae9cdcaef7d6f87b7cdfe88fa12e086191
D:\KiwiAvatarSystem\Library\BurstCache\JIT\Hashes\Objects\a36823cdd2648360f32df788f0da03ff.obj	.obj	4591	2026-08-14T21:15:33.6917345+09:00	8ce8ce1edf0488c125d69127b4a9de1fd19511f24828a12376706aa236a23b70
D:\KiwiAvatarSystem\Library\BurstCache\JIT\Hashes\Objects\a4137a32c5c4d8f38e33788d26d42b28.obj	.obj	8707	2026-08-14T21:15:31.4042823+09:00	a324c9020621409afe8ea62e347a4177d325e44a9ce306e016db3860406300c8
D:\KiwiAvatarSystem\Library\BurstCache\JIT\Hashes\Objects\a443212649e9efc71ed7a04b7db28fc2.obj	.obj	9344	2026-08-14T21:15:34.9236865+09:00	2e9a58d6fffe910557a32709170028bdac5a82651eaf2e9a72e6c59a9ccf7f1b
D:\KiwiAvatarSystem\Library\BurstCache\JIT\Hashes\Objects\a4aaf04f8be1ba3a21bbd0e41372a542.obj	.obj	7011	2026-08-14T21:15:34.9297214+09:00	f836a2a68933b9e954c3b7e5600daa516d0ac9bc348e731bd686c803566b2537
D:\KiwiAvatarSystem\Library\BurstCache\JIT\Hashes\Objects\a588c8c19f880ee2282e99b6137a605f.obj	.obj	3091	2026-08-14T21:15:30.1929978+09:00	e5fcb2ff9d5e88f5d41720cbd54698fd9c97a8507f491c971f056d09fb5cc585
D:\KiwiAvatarSystem\Library\BurstCache\JIT\Hashes\Objects\a5ceae35e8e6a3e14dfe13a2d0cd7112.obj	.obj	5626	2026-08-14T21:15:33.9752119+09:00	ac68b5868fdc1d774e0ae2037d2869de90abded3f5d79b1c25805fdf1ea3c0fd
D:\KiwiAvatarSystem\Library\BurstCache\JIT\Hashes\Objects\a7072b3e34bf8c370578069c44f00345.obj	.obj	5016	2026-08-14T21:15:32.8268284+09:00	e50f194ddc3f4fd71889ea5d47ffc479b0171c8034ee0c41d858e5acd978abe7
D:\KiwiAvatarSystem\Library\BurstCache\JIT\Hashes\Objects\a72f458535bef8815a1ece6bba198be8.obj	.obj	43533	2026-08-14T21:15:33.3021793+09:00	02e8eb84c94a27583ea4aba7b793286f3000e590fc8c1292dddd9c26e5004af1
D:\KiwiAvatarSystem\Library\BurstCache\JIT\Hashes\Objects\a74eaa273623a7924ddae23a3c01c7c6.obj	.obj	22303	2026-08-14T21:15:38.0113931+09:00	86ccfc932f6d0df60530a7faca85db1eba7270ae4252a5586da8a5eb7b2a5327
D:\KiwiAvatarSystem\Library\BurstCache\JIT\Hashes\Objects\a979c2d21f1d424c5904ca0a272a9af3.obj	.obj	5594	2026-08-14T21:15:37.4068584+09:00	1aa0d282e548ec11b74b400a0799470f2038c418c95ef8716347585b3c554de7
D:\KiwiAvatarSystem\Library\BurstCache\JIT\Hashes\Objects\aa760e16ea21fcc930d9a5929edff0b6.obj	.obj	6423	2026-08-14T21:15:32.8941534+09:00	73e31f2b40bdae0deba8e74d58f92f48f1b17354bcbd5f9914cb319d2d7aabe2
D:\KiwiAvatarSystem\Library\BurstCache\JIT\Hashes\Objects\ab2d65fb704bc8858930dc82b18580f2.obj	.obj	5776	2026-08-14T21:15:34.3936798+09:00	d20169f7eb70fee5592b2887b3bdd85b9280c877b0cbdb8b3e2d7d2660ee4e10
D:\KiwiAvatarSystem\Library\BurstCache\JIT\Hashes\Objects\ac39cae9ce689d35643e2cd2ee46bcf4.obj	.obj	35194	2026-08-14T21:15:33.4505360+09:00	7de5dd6b8eab81cb8289421c33c18a5373b1b224235f919d32b3fbde9696def2
D:\KiwiAvatarSystem\Library\BurstCache\JIT\Hashes\Objects\ac87b63b40f5cc75eed56dcece2e25f1.obj	.obj	12042	2026-08-14T21:15:37.3308468+09:00	a4abd64d08ee31d5b8b0525214731654becfe73371fa3fb704a92f5a693f7696
D:\KiwiAvatarSystem\Library\BurstCache\JIT\Hashes\Objects\ad1f02c5a6d7ff63223de4aadf257743.obj	.obj	5754	2026-08-14T21:15:34.4419182+09:00	deecdb9517c447d3de8ec512938be0bfa28c13aa2219d31f884adc31a0d6575b
D:\KiwiAvatarSystem\Library\BurstCache\JIT\Hashes\Objects\ae3da761ff1915fe4871a1a11046f849.obj	.obj	5838	2026-08-14T21:15:34.4901199+09:00	401b4d0588e5a1098580bc4a9648afe64803a14478d0fd47024a75fa6a649521
D:\KiwiAvatarSystem\Library\BurstCache\JIT\Hashes\Objects\b1b8a9c9ddcf4c8bd29d406e96555739.obj	.obj	4978	2026-08-14T21:15:33.2557382+09:00	647118bef2698ccae299f15798e123825bdae1e32c042a56e21d1be8eb1b0c36
D:\KiwiAvatarSystem\Library\BurstCache\JIT\Hashes\Objects\b2e4cae0c985daff3f0a761c20158efd.obj	.obj	5490	2026-08-14T21:15:38.0220336+09:00	391d9abfb5dd9bce257bedaee1c9f073dde09d9197a5315e3a0810903651c6ef
D:\KiwiAvatarSystem\Library\BurstCache\JIT\Hashes\Objects\b38978d8149bc0e914b30db6a5235575.obj	.obj	7586	2026-08-14T21:15:38.1344888+09:00	3c7cfb0d330d1c533bb93c98e60877bda3ad42c5b4bee1880a98e2cf6675641e
D:\KiwiAvatarSystem\Library\BurstCache\JIT\Hashes\Objects\b495457b3ca6706ce748f24e374426fd.obj	.obj	4799	2026-08-14T21:15:37.2965291+09:00	9878617e11ede9728541866ee22d8ad5512d07c15ae2829c6a5515a2b7586785
D:\KiwiAvatarSystem\Library\BurstCache\JIT\Hashes\Objects\b4bb3e75340eeb3b2e800f5307ed39ad.obj	.obj	35995	2026-08-14T21:15:32.9180033+09:00	3519f567864f9d38edbb9642c2c9f5d64429beabaa6b1b5137d6e78d48600557
D:\KiwiAvatarSystem\Library\BurstCache\JIT\Hashes\Objects\b518a29ba1629b78164e8c51cbb00c17.obj	.obj	5067	2026-08-14T21:15:34.0271906+09:00	d48578931f169493c59341654a285c1f146155c2d3ed90a8ce3548701c8a1425
D:\KiwiAvatarSystem\Library\BurstCache\JIT\Hashes\Objects\b64c6c3c114946cd52ccdc64ee0471fc.obj	.obj	27488	2026-08-14T21:15:31.6076365+09:00	eb24f5e110cc675d21a566aa7079ba61fa90dda287f5cad429c284fe9d142bae
D:\KiwiAvatarSystem\Library\BurstCache\JIT\Hashes\Objects\b6d3cb792a611b14eecb95abd3e2171e.obj	.obj	6049	2026-08-14T21:15:34.8909414+09:00	ecbd6bc9e1001a01930f5911a961effe4b01a3d4ff08a7e1fb6106f18dae8b55
D:\KiwiAvatarSystem\Library\BurstCache\JIT\Hashes\Objects\b6dc53be25dbfa357207269da406bbe7.obj	.obj	5412	2026-08-14T21:15:32.9122614+09:00	3bae0e01f3b6a6aed5b9fd70350dcf18f5df6031c3ab77c9eb1e9e759da7ed6e
D:\KiwiAvatarSystem\Library\BurstCache\JIT\Hashes\Objects\b6f7f40d676f2b654224354b5eaf5470.obj	.obj	5567	2026-08-14T21:15:34.3836293+09:00	ea7146e3df26417652df167d95544a646039ee008e88bc5a7e3284d27aec687a
D:\KiwiAvatarSystem\Library\BurstCache\JIT\Hashes\Objects\b73bf38c32ed09e79a56fd50fc17e218.obj	.obj	4633	2026-08-14T21:15:37.3283407+09:00	3c3a41b5d5bfdf0dd2a32c0cce308a63eb147044946bf667a7306de9cf0e2c29
D:\KiwiAvatarSystem\Library\BurstCache\JIT\Hashes\Objects\baafdecc059ccd49a6d2ddc96bda6b39.obj	.obj	29319	2026-08-14T21:15:32.8624635+09:00	0ba2fb3e17377de9a4ecf4b144f2c0d8642740c5f42bb7a01b29a9609aac7ab0
D:\KiwiAvatarSystem\Library\BurstCache\JIT\Hashes\Objects\bae5f6301ca765fe89f79a6c52f57054.obj	.obj	9058	2026-08-14T21:15:33.6491023+09:00	aeef58385d074c615cba690618a2caefe9a1bf51499d1304a0f3623059dbcd57
D:\KiwiAvatarSystem\Library\BurstCache\JIT\Hashes\Objects\bdbb26a57cce67819ca9b6ee465d514a.obj	.obj	27182	2026-08-14T21:15:31.3826817+09:00	f5d33793ddd75a579314069ec5deb285cab040d031b171805c59952f8635e6f7
D:\KiwiAvatarSystem\Library\BurstCache\JIT\Hashes\Objects\be6fe3599fc5fd29183745f34453c786.obj	.obj	4540	2026-08-14T21:15:32.8604569+09:00	e96864ebf47d2db7f3127d6f4183ee82a2ae1eabae2fdc90573ab10d0774fdde
D:\KiwiAvatarSystem\Library\BurstCache\JIT\Hashes\Objects\bfd1ed9f5465b3371d0d4c5de3835670.obj	.obj	9271	2026-08-14T21:15:38.1118899+09:00	3c6a7204ee23bae984a1d2f24c133cacf4263a16bcc385177c56d4dd791972bc
D:\KiwiAvatarSystem\Library\BurstCache\JIT\Hashes\Objects\c0a3168d4522e9d9a28c18ba2f7d4169.obj	.obj	7960	2026-08-14T21:15:38.9528933+09:00	f8b96f1209918466eb273db652f4a48b339ae745fb11977b12b1b07451a48c8a
D:\KiwiAvatarSystem\Library\BurstCache\JIT\Hashes\Objects\c2c339e3bf8de8b31c6f8ecefc0066b3.obj	.obj	4884	2026-08-14T21:15:34.3730923+09:00	89cdf07deacbde2ebc7f222376ab9264e63a5931d00d1c85e1adc995430adeab
D:\KiwiAvatarSystem\Library\BurstCache\JIT\Hashes\Objects\c4a3763ae0532d01aa704f589fbb0dd3.obj	.obj	7254	2026-08-14T21:15:38.0266294+09:00	3e216c64327288a4a261acb45122c9228f3244102c17c0a9a55c40a673aa5f0e
D:\KiwiAvatarSystem\Library\BurstCache\JIT\Hashes\Objects\c4e3346f991b9281c4dfe68b081ce4bf.obj	.obj	5287	2026-08-14T21:15:38.3471914+09:00	63239602e4ff344a971a8c37cd0880e64b23cf750d15cfb17f21937dd246099c
D:\KiwiAvatarSystem\Library\BurstCache\JIT\Hashes\Objects\c529dcf1bc050f0eb5d1e8e432c0b2fb.obj	.obj	8604	2026-08-14T21:15:38.5785066+09:00	e8f356efe9b06d42daaf898b9cfe68a4630011d0443c0aba43b7a69a08e815ed
D:\KiwiAvatarSystem\Library\BurstCache\JIT\Hashes\Objects\c564c423bd371993ba0cfb7f7722fcb8.obj	.obj	5119	2026-08-14T21:15:33.2501846+09:00	26dc3b615448957bf34455ca5e684f2d8073715abb606f50f3a3c6aa107338d0
D:\KiwiAvatarSystem\Library\BurstCache\JIT\Hashes\Objects\c744e96ff7a8d6926451799715877794.obj	.obj	13556	2026-08-14T21:15:32.1563482+09:00	6a8cd47309e3837397830435217bc00cbcce084d0947480e8f6fcf4846975c5a
D:\KiwiAvatarSystem\Library\BurstCache\JIT\Hashes\Objects\c8fd86f7aad5cc9dad2697aded24618c.obj	.obj	4886	2026-08-14T21:15:37.3413932+09:00	52399898387d11861f6f2a58c8c80e8b433dc324002f2b46c5fc04f63c711b6a
D:\KiwiAvatarSystem\Library\BurstCache\JIT\Hashes\Objects\c93588417d993f0e69c0adb157f703c9.obj	.obj	5276	2026-08-14T21:15:34.3730923+09:00	aaeba78210fc56b7a69532afd25e808a30cc87ad4aff669c24f8ebcbdf42ee49
D:\KiwiAvatarSystem\Library\BurstCache\JIT\Hashes\Objects\ca2c6cf15f452c75e10c9594c750aadd.obj	.obj	5681	2026-08-14T21:15:33.7350008+09:00	61ca3332955c7a8158968cfb9e731f0b65e1d4885a2834e7d7e5030f1a385324
D:\KiwiAvatarSystem\Library\BurstCache\JIT\Hashes\Objects\cab32a8292978884bd51af193e0d9684.obj	.obj	5286	2026-08-14T21:15:32.8941534+09:00	1d17d819f217b5d7396ac484597ddd54b9859eb988807212506d401d3f0223e7
D:\KiwiAvatarSystem\Library\BurstCache\JIT\Hashes\Objects\cb94fbba0493358d3c76d6cbafcce25b.obj	.obj	6748	2026-08-14T21:15:38.0856079+09:00	34aa5eb428174e687286159fb36a4c70458bf1d81510bfe22a381d220e1b4c83
D:\KiwiAvatarSystem\Library\BurstCache\JIT\Hashes\Objects\cbd8b9a1680d1abd258470baaedd42ba.obj	.obj	5606	2026-08-14T21:15:32.8365876+09:00	0f43068da2c36d5245373b5901f2a1cb031d3ba2b4471086519f963198b2c34c
D:\KiwiAvatarSystem\Library\BurstCache\JIT\Hashes\Objects\cc39e703ad48e002af93138ab125f063.obj	.obj	5549	2026-08-14T21:15:32.9017209+09:00	20469133b183c302b70bd0bc21fb4033fae3447d00a0c275ce6fc94c4adb8746
D:\KiwiAvatarSystem\Library\BurstCache\JIT\Hashes\Objects\cc628b314684bc1510049f88fa9314bf.obj	.obj	7597	2026-08-14T21:15:38.0113931+09:00	66def475eaf512e124316cce71023751fe3e330363445f7dc976a9bfebd7a129
D:\KiwiAvatarSystem\Library\BurstCache\JIT\Hashes\Objects\cdb6364f42bcee8b21f43d795e9a9780.obj	.obj	9064	2026-08-14T21:15:37.3962686+09:00	551c6c9325f12fed18b94a9878d9491bab2d8b42f77cc3a9cfe4a2d1f9cb6a47
D:\KiwiAvatarSystem\Library\BurstCache\JIT\Hashes\Objects\cdfea2a78d0510d6a66f3e63f3d37dc2.obj	.obj	7686	2026-08-14T21:15:31.2967344+09:00	19f540288d6205c6f2ef5aa1600573da00aa05b79dea24c3c718f2f764c310f1
D:\KiwiAvatarSystem\Library\BurstCache\JIT\Hashes\Objects\ce396ebbde4628003d181f4ad966e23d.obj	.obj	8200	2026-08-14T21:15:31.3932261+09:00	4784fcdeeb1ec94e3b72df4347a964b34d553fe38dce178f3fe0e14b3e4023dd
D:\KiwiAvatarSystem\Library\BurstCache\JIT\Hashes\Objects\cfe034844d488a65da55f5f11e8d5924.obj	.obj	5239	2026-08-14T21:15:34.3816222+09:00	9e289f1f74d3e2c12f9beb1e7f89cd68ed623cd0be3f9d412c3a78aaed0e510f
D:\KiwiAvatarSystem\Library\BurstCache\JIT\Hashes\Objects\d05a362e5cde6ca708d741e1a43e2956.obj	.obj	8613	2026-08-14T21:15:37.3243147+09:00	873df83b41eb3f178c958902add4140b0036f9f80bb44ab6c719d3ca61796efc
D:\KiwiAvatarSystem\Library\BurstCache\JIT\Hashes\Objects\d147b0057903d14c2ec370933746801b.obj	.obj	8725	2026-08-14T21:15:39.0554501+09:00	93698c2f5ed05cb3a87014f7b27298f031eb4028d9de55fa52bdc64d47079e7c
D:\KiwiAvatarSystem\Library\BurstCache\JIT\Hashes\Objects\d16a797a3010869e4b5b31a665c3111f.obj	.obj	5856	2026-08-14T21:15:32.8604569+09:00	0b9761d81d090aada6f840ccca49d64784f1b1e282f0b27867b4003335b35499
D:\KiwiAvatarSystem\Library\BurstCache\JIT\Hashes\Objects\d32b4a0ab2b371002a4cc692eabfe1da.obj	.obj	5101	2026-08-14T21:15:31.3022602+09:00	c5978c40cd1bc69a50c83e793590a027798f45420e21242a0f6ed39aa27e4fef
D:\KiwiAvatarSystem\Library\BurstCache\JIT\Hashes\Objects\d3604aa04e64598d847602d5f9b88715.obj	.obj	8620	2026-08-14T21:15:37.3519565+09:00	4c708c3dab94a54925a8a0aae2bf7156ea4b663ab5f1cde2e3496b3373b209a2
D:\KiwiAvatarSystem\Library\BurstCache\JIT\Hashes\Objects\d57544cb0d7ee4634f1e511cddfcc99a.obj	.obj	6524	2026-08-14T21:15:34.4067588+09:00	ad4835e75c370b13a36480412bf3c078a9d9e4c2ba4cd70132ae5f95199be0ad
D:\KiwiAvatarSystem\Library\BurstCache\JIT\Hashes\Objects\d5e7e905373e3dd94dd0dfd2a1bfa911.obj	.obj	15619	2026-08-14T21:15:39.1998732+09:00	8d132caee6ad157f9ed1363b771fa780907040a4cf942a3fa2ef9d42ffef663e
D:\KiwiAvatarSystem\Library\BurstCache\JIT\Hashes\Objects\d81898b656671ef9217dbafa80ac3e9b.obj	.obj	5643	2026-08-14T21:15:34.4996645+09:00	49dc9fd54adcfc73efb5ff59c99a816fbe17f6a14256f6ffdaff63111335209e
D:\KiwiAvatarSystem\Library\BurstCache\JIT\Hashes\Objects\d83865948c5aec763e0e8e3963cfd16c.obj	.obj	7156	2026-08-14T21:15:38.3225980+09:00	94708aa52ad14485dcd53fccf79f8a60b3b11a69aada03d9e6e4750ef3d72ffe
D:\KiwiAvatarSystem\Library\BurstCache\JIT\Hashes\Objects\d8dc232789da141ea4fd32cf20d9b05b.obj	.obj	17342	2026-08-14T21:15:32.8886318+09:00	e74e20c308448400f38992df0bd8ada968c18577716018da7a3020cd4d5985a5
D:\KiwiAvatarSystem\Library\BurstCache\JIT\Hashes\Objects\d95060622dd8bee2aca964d05f4e8847.obj	.obj	4902	2026-08-14T21:15:34.9050428+09:00	69aabf92d06bb370553789971f80cb7d0f849355c9492b229ed1f2e2430d9645
D:\KiwiAvatarSystem\Library\BurstCache\JIT\Hashes\Objects\d969685c130fdfbc0474ba07b2d7f31a.obj	.obj	11779	2026-08-14T21:15:31.3997690+09:00	4c3c982ab5445cec1602c827e1eb2ad0ddaee513281cd3e1830dc574dc190b1e
D:\KiwiAvatarSystem\Library\BurstCache\JIT\Hashes\Objects\da4456b06ed7ba04605528011964f7c3.obj	.obj	5746	2026-08-14T21:15:38.8940084+09:00	d76df6e52504e1a672481aeb1f6f3c185c53355a71c2affbda29a3107b53f9e3
D:\KiwiAvatarSystem\Library\BurstCache\JIT\Hashes\Objects\db0755f5a6ef1fd5b5049123a078abbf.obj	.obj	4171	2026-08-14T21:15:34.4444236+09:00	f46c0c3586614985a09f8c3c74ee5dd69b507ed66fdcba984f9ec0bf8c499a97
D:\KiwiAvatarSystem\Library\BurstCache\JIT\Hashes\Objects\db56a47c80ad5acf60555d3c30bd2cc1.obj	.obj	10816	2026-08-14T21:15:31.1146768+09:00	1cc24392d26dcdeac0c5589cbf43fd327f6821891251f4846cdfd2a909eec22b
D:\KiwiAvatarSystem\Library\BurstCache\JIT\Hashes\Objects\dba382d0776fd5f9d18fd79970030cc7.obj	.obj	10972	2026-08-14T21:15:31.1312996+09:00	097c1352e2ca6ff451f95b290c552724925301da0f797ba922adb24ce1a91847
D:\KiwiAvatarSystem\Library\BurstCache\JIT\Hashes\Objects\deed1058a1dc574fca80ab08ff95a03f.obj	.obj	7595	2026-08-14T21:15:39.2149283+09:00	91c025c66ce5adad5175a36613d31b9d8145510781787da633658a2ec991a0d2
D:\KiwiAvatarSystem\Library\BurstCache\JIT\Hashes\Objects\e063b2312d5fbe1dfd1583f78bd0b69c.obj	.obj	4759	2026-08-14T21:15:33.7782046+09:00	386947637a5c475512dda977f55bda577deee3804babd5dadf8843bc46cd5dcc
D:\KiwiAvatarSystem\Library\BurstCache\JIT\Hashes\Objects\e0b298e22965d3fa851b55f83d045830.obj	.obj	5187	2026-08-14T21:15:33.6852066+09:00	f28ba7362caef4f5d86c2714cd91aba7d6a067a1aeb2fe84c26a1690240bf1a4
D:\KiwiAvatarSystem\Library\BurstCache\JIT\Hashes\Objects\e0b7ae9812a6c534bb9e9d57c575b583.obj	.obj	3120	2026-08-14T21:15:30.1884851+09:00	017ce0fa2316bb859363f02019e118a2bc78ba9b986f90801d0babce2447aa76
D:\KiwiAvatarSystem\Library\BurstCache\JIT\Hashes\Objects\e179cbf52ccea9b1c4a431006c29cf23.obj	.obj	7228	2026-08-14T21:15:39.0802892+09:00	2ff444f59810395ce05d7f42cae46a56962d4a5cea466fc8791d7698472ef5ed
D:\KiwiAvatarSystem\Library\BurstCache\JIT\Hashes\Objects\e1dbbce33f122796764113428c9134fa.obj	.obj	6360	2026-08-14T21:15:33.1803169+09:00	0f559961191fb3aaa137720a6ef12c3b3e18449439892651af0e3519d4ab540a
D:\KiwiAvatarSystem\Library\BurstCache\JIT\Hashes\Objects\e24bada653d5241a46085cc2c6e1c29e.obj	.obj	4964	2026-08-14T21:15:32.8464597+09:00	0b3cee9aee61d7abca47671061b597a21ff9a1f657490190c491dcd3b9eaa03d
D:\KiwiAvatarSystem\Library\BurstCache\JIT\Hashes\Objects\e3f908e4c0ecf87ddb11ebd9b84a5426.obj	.obj	17941	2026-08-14T21:15:33.6752033+09:00	0bea42cdff812c6174a56384540ca42b3a355d69864fb19ec8423499f5656b1e
D:\KiwiAvatarSystem\Library\BurstCache\JIT\Hashes\Objects\e5527e7533580e73278bd29c9fdee72c.obj	.obj	10563	2026-08-14T21:15:32.9273229+09:00	e8b8c46201ecdfaf4c5df0c896cbbd59e2002656b5444ca6b6411cb5e6fbc6df
D:\KiwiAvatarSystem\Library\BurstCache\JIT\Hashes\Objects\e57c78e585bf1fdbd7e7c7616c0143cd.obj	.obj	9686	2026-08-14T21:15:37.3137658+09:00	418a21b9062b1893c918d62c401146bd1686ea7fdef54962745d7bdb36b6ee22
D:\KiwiAvatarSystem\Library\BurstCache\JIT\Hashes\Objects\e671ca8c782d3f938554c37cc443571f.obj	.obj	5885	2026-08-14T21:15:37.5416017+09:00	586e41104450803a2cd2f0c5e55a2c9fe66c340a60f15c623d21ad0baf3bcca4
D:\KiwiAvatarSystem\Library\BurstCache\JIT\Hashes\Objects\e7588a7205005af392c22c1db3c42ce1.obj	.obj	12036	2026-08-23T23:29:53.9538843+09:00	d03123c39f1e55fa00ebf9f10befebeb079951c4c2ae7fa186c79e7d25b5cb2c
D:\KiwiAvatarSystem\Library\BurstCache\JIT\Hashes\Objects\e765b51bd0b9a6a68cbbc084e56fc582.obj	.obj	6744	2026-08-14T21:15:38.6523824+09:00	7f2f4e97a6d4b2cdc578c71e07749b008bfd9fce8db700a20eaab38239811a9d
D:\KiwiAvatarSystem\Library\BurstCache\JIT\Hashes\Objects\e83126a00df45295d6a89a73ec4fd5a3.obj	.obj	8668	2026-08-14T21:15:39.1621309+09:00	6f8c2b9f2d775f183eb287a9493f57cf0d08e03ca15ecc59f2d231b652e2892c
D:\KiwiAvatarSystem\Library\BurstCache\JIT\Hashes\Objects\e8e1e0dae0abcc848398c38bafed70d8.obj	.obj	27151	2026-08-14T21:15:31.1106426+09:00	d0cc152afccbb1a1465fc6f7152e4940d6f06b60620ecce848680448e58d87e3
D:\KiwiAvatarSystem\Library\BurstCache\JIT\Hashes\Objects\e9a05c7ec021303f6dcca9274e4c7357.obj	.obj	4936	2026-08-14T21:15:31.2851797+09:00	6b36fac72aee8f1105d5ad2b286cc0a9c48a1e5c8d71e1a2355881fb5b5ac732
D:\KiwiAvatarSystem\Library\BurstCache\JIT\Hashes\Objects\e9a1c281aed55f1af02120572634531e.obj	.obj	7234	2026-08-14T21:15:38.3615484+09:00	5eed7268d3c77783ec0c8206df830b9b73e8c46a95ac643a7b99cd1af350d494
D:\KiwiAvatarSystem\Library\BurstCache\JIT\Hashes\Objects\eab536fe8a47fbfa4f0341dff289010e.obj	.obj	17736	2026-08-14T21:15:38.9887725+09:00	190683c3cb0ee352bef5d19047cf6f90690f8732ded9ee8a710d3904f63f62fc
D:\KiwiAvatarSystem\Library\BurstCache\JIT\Hashes\Objects\eb0ed06442721b612a8fef7715f4a6f8.obj	.obj	23649	2026-08-14T21:15:33.7545978+09:00	8311fa18e87443359792cdd3fae2755f88d8bd7430c3968833ef392fc6eede00
D:\KiwiAvatarSystem\Library\BurstCache\JIT\Hashes\Objects\eccf79c475677483c27c7ac576540c89.obj	.obj	5513	2026-08-14T21:15:30.2186739+09:00	17da674484b57682e201a4915faef404aff1f7fe054ca9297d2663355cbba908
D:\KiwiAvatarSystem\Library\BurstCache\JIT\Hashes\Objects\ee8b03e6dfd61e8c6ca84a002508d1ef.obj	.obj	4600	2026-08-14T21:15:38.0347964+09:00	9d11423b572b8bcbe06117e6b7f9d6f978704ee18c6aeeb5bef21c389e2f3e5e
D:\KiwiAvatarSystem\Library\BurstCache\JIT\Hashes\Objects\eecdb16818eacf6105192c7a46a4c798.obj	.obj	5087	2026-08-14T21:15:37.3035778+09:00	e8856c41a9ef5398c986b9316e3d90e2bff3041a40424802252afcce58d3b9fa
D:\KiwiAvatarSystem\Library\BurstCache\JIT\Hashes\Objects\f151e259be69d5ff6b0380809129f60e.obj	.obj	4976	2026-08-14T21:15:38.9995436+09:00	f8d036de6d8ed4d5163f32db56355cf2d37969f22de491282f8ab950fb26ce0c
D:\KiwiAvatarSystem\Library\BurstCache\JIT\Hashes\Objects\f2ab07bb3fa4db5edd342e39aceab353.obj	.obj	7542	2026-08-14T21:15:38.9308019+09:00	f15c124298af3692852b7164683ec1a05e368a199e88673bb30913dd07ba8497
D:\KiwiAvatarSystem\Library\BurstCache\JIT\Hashes\Objects\f3235c6f6601024e1a2e2539d611c210.obj	.obj	4902	2026-08-14T21:15:37.3574742+09:00	212375cfc49c7e3d40bba988d9f71f3250b0d2e26d95f2f9a23571bdafc69e04
D:\KiwiAvatarSystem\Library\BurstCache\JIT\Hashes\Objects\f3d58f9b95f343203e033631438178e5.obj	.obj	7196	2026-08-14T21:15:39.0945449+09:00	596de742ca88919b2c34a150bcc1b42c4fd58df99501f8efc0cd0ad4744477e5
D:\KiwiAvatarSystem\Library\BurstCache\JIT\Hashes\Objects\f58503fcc5477e7181857f6b86096735.obj	.obj	5270	2026-08-14T21:15:37.4143946+09:00	6fb1f38e33c3ffc6a835a5894b52e46f13f83d1a8a3b5032421ee9bbb2a286e6
D:\KiwiAvatarSystem\Library\BurstCache\JIT\Hashes\Objects\f7f4569143910595140a4313355002b9.obj	.obj	24789	2026-08-14T21:15:34.9433181+09:00	b516a43c0eec3e423f3e581121196b3b2a948a3a8aadcb2d9d583c6d53f8d681
D:\KiwiAvatarSystem\Library\BurstCache\JIT\Hashes\Objects\f89aef91d562048854a5eeac2f4187ad.obj	.obj	5945	2026-08-14T21:15:32.8614630+09:00	04532bc7f25f94084ced9826d81126cc89f10444a7ab203532ada844799726d2
D:\KiwiAvatarSystem\Library\BurstCache\JIT\Hashes\Objects\f9a57541be78a0c06502f89c1c2d7232.obj	.obj	7304	2026-08-14T21:15:38.3781226+09:00	e62f271771343a0d930f1c358fbbee873c93eba36c61dfe52e37e8d840ff8f4c
D:\KiwiAvatarSystem\Library\BurstCache\JIT\Hashes\Objects\f9cb03f3b5be0721e7b33f24e9ffeb1d.obj	.obj	7651	2026-08-14T21:15:38.3396634+09:00	cf9898574173e941317cb5aeb636ac4a9ccff5e0d3044ea72bb4d190b38218b0
D:\KiwiAvatarSystem\Library\BurstCache\JIT\Hashes\Objects\faff283dd41decefb6c8638fb861d0b9.obj	.obj	7673	2026-08-14T21:15:38.6682087+09:00	327c238ada6752b202e69029236f95a84f24622ab8ee0acbad6cf4caff246aa7
D:\KiwiAvatarSystem\Library\BurstCache\JIT\Hashes\Objects\fbf9251a67b2684a78ca361cf6f603a7.obj	.obj	7224	2026-08-14T21:15:38.2873283+09:00	177a3ec2ca8c7abf74769a70124956a0ba1b4a3839defad77faaf4b98c2b5774
D:\KiwiAvatarSystem\Library\BurstCache\JIT\Hashes\Objects\fd32e9ea158f358b04e27b7d855ea1c9.obj	.obj	7431	2026-08-14T21:15:31.0689252+09:00	d586102d0c2ec08064f00a60a8a56b86cf2fbdf9fa0642d99e7bcc5013d47bc4
D:\KiwiAvatarSystem\Library\BurstCache\JIT\Hashes\Objects\fe26c7fc98a07350deba5935d9c454ab.obj	.obj	27494	2026-08-14T21:15:31.4510285+09:00	2f401f49764d8cd83c89a500dae67a83c0da3db368261fcbe1ddad29470dc96b
D:\KiwiAvatarSystem\Library\BurstCache\JIT\Hashes\Objects\fece969b586abfcfc7e8d1dd721d095d.obj	.obj	7228	2026-08-14T21:15:39.1407548+09:00	b6894f6cd2ee6d57b81f4372d1e8874ba10943d0b2274824083fa44f35c7a102
D:\KiwiAvatarSystem\Library\BurstCache\JIT\Hashes\Objects\ff3af34309e1bf48db0f2cae133d8f35.obj	.obj	8982	2026-08-14T21:15:37.4351639+09:00	b94d64b4aea95a7f6101531791a45906e6351ecf02f3c507c230d553238ddcb1
D:\KiwiAvatarSystem\Library\BurstCache\JIT\Hashes\Objects\ffba2d9d6bc43da65e5f8fd67093c38a.obj	.obj	4205	2026-08-14T21:15:38.3079175+09:00	1347a9aae5249f73f3f8e98719c78729de99cab8159e3711de9b3250efeeb021
D:\KiwiAvatarSystem\Library\BurstCache\Windows-Intel\Hashes\Objects\0024592e06d0da6aec551b5633277585.obj	.obj	11121	2026-08-26T12:53:08.2069042+09:00	94b4f9e46a434019f9baf2e304422407f209ad88b13f991363c49112090df398
D:\KiwiAvatarSystem\Library\BurstCache\Windows-Intel\Hashes\Objects\007794face8db752b729a92674a8012e.obj	.obj	2866	2026-08-14T21:22:20.3384661+09:00	48898d2f5c5a4b12a3ea13722bbd6e60ff8f273746f1b79a5579b15837c1be3a
D:\KiwiAvatarSystem\Library\BurstCache\Windows-Intel\Hashes\Objects\0079b9a04097ad63987f46cc907b0a26.obj	.obj	1881	2026-08-14T21:22:20.7746610+09:00	bc1e990bc5435c81616f51b17e52b48c1d627d1a1e8d2721b0e35d263428e399
D:\KiwiAvatarSystem\Library\BurstCache\Windows-Intel\Hashes\Objects\018b117230677e1af586ea3794c6b652.obj	.obj	2809	2026-08-14T21:22:20.7318925+09:00	fd91ba161ce99529daa0d0cbb813606355e39bb53d3bc51fdf7dd9d6997e623e
D:\KiwiAvatarSystem\Library\BurstCache\Windows-Intel\Hashes\Objects\01fc4d4efd5c1fc60d1fe6711ae0331a.obj	.obj	4736	2026-08-14T21:22:20.1319873+09:00	5ac9ddcde0498dc6babe1b4ca2a0dc05e99145c069b294cbfedaa2b9f51ec628
D:\KiwiAvatarSystem\Library\BurstCache\Windows-Intel\Hashes\Objects\0237bfe8c99543bb4c1e347c475d52b2.obj	.obj	5491	2026-08-14T21:22:20.1758256+09:00	178f128f61e299def5c7b3531e9b9408dc8f44e2aa5bdb0271ce81b36bb0a021
D:\KiwiAvatarSystem\Library\BurstCache\Windows-Intel\Hashes\Objects\0268db0fde5706f1b03c39ea4cc8de34.obj	.obj	2089	2026-08-14T21:22:21.4392721+09:00	42f5e6283d9946acc423287bdf358476ba0d1cb3ec57e573c2ff8bc8d1e93f09
D:\KiwiAvatarSystem\Library\BurstCache\Windows-Intel\Hashes\Objects\02749f5749c37c337bddec0c15832b9a.obj	.obj	1836	2026-08-14T21:22:20.1632661+09:00	f80802029d9554a8c113e90cae6547d30596f74bd701899b3b1827d51471719a
D:\KiwiAvatarSystem\Library\BurstCache\Windows-Intel\Hashes\Objects\0286d9b162cc97686af074dd3df0c6f9.obj	.obj	12079	2026-08-14T21:22:21.6113113+09:00	5dc248de9e9607d9216da2f66035b73cca06ffacb2e7c9e769a9014cf4b2ce35
D:\KiwiAvatarSystem\Library\BurstCache\Windows-Intel\Hashes\Objects\02c2e008d368c9e8e5855d30df7a3e32.obj	.obj	1549	2026-08-14T21:22:20.4184102+09:00	330ea6aebbecb24b25d5cc5b566683f38099b3a5562824367d671b6bd4cf0325
D:\KiwiAvatarSystem\Library\BurstCache\Windows-Intel\Hashes\Objects\0311d8aad2a817dc063d9afeb61ddc63.obj	.obj	11791	2026-08-26T12:53:07.3076903+09:00	be42a9be44da3cfa9216be32114b8d7d3da6664621d460e39e6440660ed27096
D:\KiwiAvatarSystem\Library\BurstCache\Windows-Intel\Hashes\Objects\03198451478f483b701e40361b97e82e.obj	.obj	15123	2026-08-26T12:53:03.0100065+09:00	91004b27f75a7d912887cd22cebac73fcd32136ffb0a52fbd5c9f367643910e2
D:\KiwiAvatarSystem\Library\BurstCache\Windows-Intel\Hashes\Objects\037563924522ca8c35dbe3864c66ecc3.obj	.obj	20420	2026-08-26T12:53:07.1098577+09:00	6bc766ee0cd09b228083c9a8a4ecdb46d5870ab9f6434bfe017141c3cbc405a0
D:\KiwiAvatarSystem\Library\BurstCache\Windows-Intel\Hashes\Objects\03cf55c6cacd3d3ffdc7fb22a0a5c1c1.obj	.obj	1685	2026-08-14T21:22:20.7585563+09:00	e0d4954d9e9eac065b62c1fa78c03bbfd76699eefb7b1d929fa80f6351931019
D:\KiwiAvatarSystem\Library\BurstCache\Windows-Intel\Hashes\Objects\03ecea20c7f35e22a7670e2664b964d3.obj	.obj	19625	2026-08-26T12:53:08.1391205+09:00	d479a39027b0b48b757fa382e51dc869dbdef8ff8db91fa61a0680f7f03cf595
D:\KiwiAvatarSystem\Library\BurstCache\Windows-Intel\Hashes\Objects\04c9e2a7d8af66f6001399c06263f9de.obj	.obj	6809	2026-08-26T12:53:04.5638661+09:00	111610ce4b9fefc1e5492d5ab0feb6460f2027a291eaddb34ac1ff181b6581b0
D:\KiwiAvatarSystem\Library\BurstCache\Windows-Intel\Hashes\Objects\04e492e070026c44ace2653c25971028.obj	.obj	4729	2026-08-14T21:22:21.1849483+09:00	e39286207f8e9cbc32eb14e47e7fca39e7df859e7780236e6051484467ec72e2
D:\KiwiAvatarSystem\Library\BurstCache\Windows-Intel\Hashes\Objects\05a17e8c5f6eae0227b3143f88c6de19.obj	.obj	1526	2026-08-14T21:22:21.4789820+09:00	a448bb8cfd9fee734ab403c83edc08209015505bb062c9c1eac2d465c47cef58
D:\KiwiAvatarSystem\Library\BurstCache\Windows-Intel\Hashes\Objects\05e56e258167f05dac35ab4a7b12e995.obj	.obj	1903	2026-08-14T21:22:20.7510194+09:00	5ac54f5cb7cd826352393c8ef7f4b32632ac4140c2f7d8e41f04c9ea5ec41d19
D:\KiwiAvatarSystem\Library\BurstCache\Windows-Intel\Hashes\Objects\05f209375a2e01f0bfb36c6c44e5c53e.obj	.obj	26247	2026-08-26T12:53:06.6931360+09:00	78bb3739e5ce564fac75d1a41d0097d0eeb85744fc87a5c5bdf5801843d2dad9
D:\KiwiAvatarSystem\Library\BurstCache\Windows-Intel\Hashes\Objects\0677a8552a2454142f3fb9d4d1c746d2.obj	.obj	1903	2026-08-14T21:22:20.0938889+09:00	db31e63f0e4544d0b176326ebb65c689e595f8b49ee7797cf88b091c2f9845d3
D:\KiwiAvatarSystem\Library\BurstCache\Windows-Intel\Hashes\Objects\067998a4b1831da543e9de0b56b8500a.obj	.obj	2167	2026-08-14T21:22:21.6209201+09:00	3077757d2f6feca44b32b1c539ff711ab8c95d2e1fb045d88f92377703098ac5
D:\KiwiAvatarSystem\Library\BurstCache\Windows-Intel\Hashes\Objects\06d7757861f77faeb7dc7e8998705876.obj	.obj	8900	2026-08-26T12:53:04.3158729+09:00	f27367474cfe2c4e4f41ec0059f134579f46ec99137093e04a3b7ca8c48a15ff
D:\KiwiAvatarSystem\Library\BurstCache\Windows-Intel\Hashes\Objects\0701f4da80b7d7105a2bc4f92e360130.obj	.obj	1651	2026-08-14T21:22:20.4998615+09:00	04f8d259a7294d09675e30a46664ffbba135a28134adcf28d65bd0b62be21cc4
D:\KiwiAvatarSystem\Library\BurstCache\Windows-Intel\Hashes\Objects\070e6936147f96bc0b691aaf280c71ec.obj	.obj	7633	2026-08-26T12:53:03.0950340+09:00	f79f615f2217675a56231a40ca37ae2fa13fa6768b5d6d3592ca858edeb9319a
D:\KiwiAvatarSystem\Library\BurstCache\Windows-Intel\Hashes\Objects\073e4b8f2c6fb386bd05921c8a49a716.obj	.obj	3699	2026-08-14T21:22:21.1507958+09:00	50a70e19753279117b9b9c36e4e0ef1918a8b306edc3719c5cc00ed8cc32187f
D:\KiwiAvatarSystem\Library\BurstCache\Windows-Intel\Hashes\Objects\076792977f4239f8ccf652b0f87eed23.obj	.obj	7883	2026-08-14T21:22:20.7198075+09:00	1b1807a650e8abefbb051eabe1b1be47580656de50179cc0207785b014b1379e
D:\KiwiAvatarSystem\Library\BurstCache\Windows-Intel\Hashes\Objects\082314695be946b1edba29aa2bbdc675.obj	.obj	6150	2026-08-26T12:53:08.1169355+09:00	f19cf652e89ef5cb98b9ffb3cfd83d4fd727507d7e1f615e4e4e323b51dc1fc9
D:\KiwiAvatarSystem\Library\BurstCache\Windows-Intel\Hashes\Objects\08322385e2a55093d6a4005951639579.obj	.obj	6639	2026-08-26T12:53:07.7233940+09:00	2a86fe44384e2994d9bd1e760f0cfdcf1ff878df00321d547099af9fe00522ed
D:\KiwiAvatarSystem\Library\BurstCache\Windows-Intel\Hashes\Objects\08a80c3d66712619cc7290c7216c5184.obj	.obj	9071	2026-08-26T12:53:08.1169355+09:00	65114ebf7bf3e7c178ed5bd8f84e590198db8715c45c8de325d6695c37dea98c
D:\KiwiAvatarSystem\Library\BurstCache\Windows-Intel\Hashes\Objects\08c659b50be5f6bc304027f099c07fe9.obj	.obj	1685	2026-08-14T21:22:20.8499027+09:00	9ec5d8dccc5e20f5febeb8f9b85c7ad0f859d5f4699c43879f67f53af1ef61f1
D:\KiwiAvatarSystem\Library\BurstCache\Windows-Intel\Hashes\Objects\09701bbdd1abf72296a2c2d0f25aefc7.obj	.obj	20031	2026-08-14T21:22:21.4337308+09:00	53e4f8f03c94dfe7077f68b4ba1b1bba0927056a05f25244c520e8284be2af99
D:\KiwiAvatarSystem\Library\BurstCache\Windows-Intel\Hashes\Objects\0991176750f14add3be8776a1622b92c.obj	.obj	19146	2026-08-14T21:22:20.7233289+09:00	fc7cdf43210913cb339ffede440626ae1dab635774998293f9f172545bb230bb
D:\KiwiAvatarSystem\Library\BurstCache\Windows-Intel\Hashes\Objects\09aec6a77290e6b66b409d2e69f466bb.obj	.obj	13509	2026-08-26T12:53:05.8847921+09:00	6627113a419e507bcb681593a81d51552de6f8417de72c439f146828816416fe
D:\KiwiAvatarSystem\Library\BurstCache\Windows-Intel\Hashes\Objects\09cd37991335de33ba249a0f035965c1.obj	.obj	6652	2026-08-26T12:53:07.2116050+09:00	e709d1eac74f6f324d1ee427d73f879c230ec0e44e12b5c0d6f6a3f97613ff75
D:\KiwiAvatarSystem\Library\BurstCache\Windows-Intel\Hashes\Objects\0a1d673ba8c8a869fcac52680e96ee56.obj	.obj	4294	2026-08-14T21:22:21.2648705+09:00	61d4484f82db3788d956e5ed4d666193a4287ba965785bc3f8138a0e7f1d6361
D:\KiwiAvatarSystem\Library\BurstCache\Windows-Intel\Hashes\Objects\0a2ae0b1aaa1f7baf4afd92a6b102d25.obj	.obj	12189	2026-08-26T12:53:02.9402283+09:00	546974c7c827924fd3e04e9066eda91aa4bd0b98cfc589bb9f933c736685a50b
D:\KiwiAvatarSystem\Library\BurstCache\Windows-Intel\Hashes\Objects\0a2cd83ec10eb3d5ba3b96a69b23ef5a.obj	.obj	11401	2026-08-26T12:53:05.8562135+09:00	f586e216cb4db2f0bcd5a3f5b5baab1206fa30e425a43c6b1b6f6ea4cfa85fef
D:\KiwiAvatarSystem\Library\BurstCache\Windows-Intel\Hashes\Objects\0aa97bc2a2f83cf9f0671b3ca7e4fa48.obj	.obj	19755	2026-08-26T12:53:03.7340360+09:00	8d4fcac2cff58acdf3f8dcb0e1852e6514988186561066d666a3a00e4633ab74
D:\KiwiAvatarSystem\Library\BurstCache\Windows-Intel\Hashes\Objects\0ab4ce23307c6ffdb5891c30a571f7b8.obj	.obj	15537	2026-08-26T12:53:07.3358984+09:00	f5f860d14e3f021d91180be5414a8754b2c11c59e124f11fb14aa56f002627ce
D:\KiwiAvatarSystem\Library\BurstCache\Windows-Intel\Hashes\Objects\0ae1574e9ac995d694e0cbffac2609ca.obj	.obj	2997	2026-08-14T21:22:22.6031798+09:00	96f69eb0ce0b293ecaa7d2bfec1e5a83916c90a5df465788242305a7ce6866d6
D:\KiwiAvatarSystem\Library\BurstCache\Windows-Intel\Hashes\Objects\0b557064f828e5a2f3958156c075544b.obj	.obj	2657	2026-08-14T21:22:20.9108445+09:00	cf79fc67b185c28b39e0414e2811005d8421abbc8e83f7fb7d9f54c35664e753
D:\KiwiAvatarSystem\Library\BurstCache\Windows-Intel\Hashes\Objects\0b6207400ef03d07f719f0cde80f523d.obj	.obj	22113	2026-08-26T12:53:06.6875988+09:00	f37b108ecbb92d3d7ed07f53e7e5937e02eadf03101a1dff14da7c19f442b0e2
D:\KiwiAvatarSystem\Library\BurstCache\Windows-Intel\Hashes\Objects\0badcdb6996a4cef790562277dbaecd1.obj	.obj	10894	2026-08-26T12:53:02.7510651+09:00	44fe8b90aa2d1277c1972b47102dc6ca165201848b994d239c3b8dd2b1af5f77
D:\KiwiAvatarSystem\Library\BurstCache\Windows-Intel\Hashes\Objects\0bb08204c651b103cb9cccad1c4ee2bc.obj	.obj	2616	2026-08-14T21:22:22.5869472+09:00	a96d51e106633a2b37dc4796ae63101f9eeca3429b2882835e2bccc3cabe00d0
D:\KiwiAvatarSystem\Library\BurstCache\Windows-Intel\Hashes\Objects\0bf041d26beb0f84de104304fa62e703.obj	.obj	6114	2026-08-26T12:53:04.2047954+09:00	5cf4030caa49b688fe73c3772871e754a492b85dc526606f732955042c283f15
D:\KiwiAvatarSystem\Library\BurstCache\Windows-Intel\Hashes\Objects\0c3c6cc34da2b10196256b9e73f95d77.obj	.obj	8236	2026-08-26T12:53:06.3582735+09:00	6927c286425414af3baa8b985aa7788f4240d4fff0353f47f34f70970db88270
D:\KiwiAvatarSystem\Library\BurstCache\Windows-Intel\Hashes\Objects\0c466a5b1fa16ce490447e1a97b8fa4d.obj	.obj	4043	2026-08-14T21:22:22.0286552+09:00	d0b8a5ad1326fa34689f3ef8e6e04b1425ce4dd22193c5314b7385e9200c92b4
D:\KiwiAvatarSystem\Library\BurstCache\Windows-Intel\Hashes\Objects\0c7cb7daa48f516142de2fe7e0531e80.obj	.obj	2701	2026-08-14T21:22:22.0583861+09:00	050961dfa4c0938d426c1e37ebe381489191519e5d2d3caf0e7d600144bca8fc
D:\KiwiAvatarSystem\Library\BurstCache\Windows-Intel\Hashes\Objects\0cf435f9853f3bff5851cffcb99ed22c.obj	.obj	8792	2026-08-26T12:53:04.3365087+09:00	5babd9a17e0dab13b4fc5b891323cc31bbea0f405d7f61292d3e6e7ef0d87232
D:\KiwiAvatarSystem\Library\BurstCache\Windows-Intel\Hashes\Objects\0cf8d2094817a9a22fb06c4ec48db099.obj	.obj	6644	2026-08-26T12:53:06.6354867+09:00	d1d73ff1057a99e07200273725e75eb5d41b1143c8f6953f8931f6320bb34c77
D:\KiwiAvatarSystem\Library\BurstCache\Windows-Intel\Hashes\Objects\0d2144c8b51a3e5b17128cf238e5ee00.obj	.obj	37065	2026-08-14T21:22:22.4002062+09:00	fb8785f6812fb3f60de13f644b766a13241fdd56bcf7aef1ac8bc4dfb9bae930
D:\KiwiAvatarSystem\Library\BurstCache\Windows-Intel\Hashes\Objects\0d8280683d8d577e79e7acbc38874695.obj	.obj	2395	2026-08-14T21:22:21.7861571+09:00	ef1f5ef5665521d1dbd51c9aea6a77e26b2b7c6272f65b7afc5102648f1e61e4
D:\KiwiAvatarSystem\Library\BurstCache\Windows-Intel\Hashes\Objects\0d8df56e32625c4f8ff6646891251459.obj	.obj	1504	2026-08-14T21:22:21.4493084+09:00	02dae1d28d600136e531363a1497997ff480d74a20a5b123a72229bdc84698a2
D:\KiwiAvatarSystem\Library\BurstCache\Windows-Intel\Hashes\Objects\0d988df4b1f74e862224af86adb9cacd.obj	.obj	11495	2026-08-26T12:53:08.3776901+09:00	dc360fa06df032a2906b242825a132a21d07190d2f01f109366e26adbd59ecc0
D:\KiwiAvatarSystem\Library\BurstCache\Windows-Intel\Hashes\Objects\0ddaaf763e81b96e092f28065ffb5f27.obj	.obj	1957	2026-08-14T21:22:21.3809193+09:00	989e72fcdf93eab7786ff6a0734a2feb033ed4caa9c38f0bb4523c7b6d494d96
D:\KiwiAvatarSystem\Library\BurstCache\Windows-Intel\Hashes\Objects\0e2be4b4880e296202f69803b5d4ae9e.obj	.obj	4216	2026-08-14T21:22:21.5027837+09:00	bf2f814d3245602d9db64b7da2b2dd82608a1bc93c8a63c039ec3c2a964f43ca
D:\KiwiAvatarSystem\Library\BurstCache\Windows-Intel\Hashes\Objects\0f57a136037f310f5b45e9f49e1d1d92.obj	.obj	15695	2026-08-26T12:53:06.9062876+09:00	414e31c47d4ed2b7bcfbd5efc7c6d649aceb37dc00346227fea5d544f019b241
D:\KiwiAvatarSystem\Library\BurstCache\Windows-Intel\Hashes\Objects\10340beff3647f659b02ef72b0d8dd70.obj	.obj	15320	2026-08-26T12:53:05.7980911+09:00	0fd6ae657d7b553ae20d7447a229ab58aecb35a8d7063f9d84e671e973ffc2aa
D:\KiwiAvatarSystem\Library\BurstCache\Windows-Intel\Hashes\Objects\10669116b2a32ab4487845bea31008ec.obj	.obj	1652	2026-08-14T21:22:20.9189221+09:00	3f1042faa49f00ead959016f6a08409cd2c45d942085574f0cf674bdf7126fd6
D:\KiwiAvatarSystem\Library\BurstCache\Windows-Intel\Hashes\Objects\106950f4d9e8f072a7d588fd89670a16.obj	.obj	7121	2026-08-26T12:53:04.4243038+09:00	f84d30cb792c4087ecf19691eb2c4deec070d7d029bac4d5972bc827c31db295
D:\KiwiAvatarSystem\Library\BurstCache\Windows-Intel\Hashes\Objects\10a4a7dab5810e47148849521e3396ad.obj	.obj	20384	2026-08-14T21:22:20.3893038+09:00	7913a32c5009d5f58186405f0397f1a18a3ffe2b6a4a410c8b230eea4f96919b
D:\KiwiAvatarSystem\Library\BurstCache\Windows-Intel\Hashes\Objects\10c23cbf29ca4e9ff22fd036b6f125d5.obj	.obj	8120	2026-08-26T12:53:04.5618582+09:00	7ef142cf5bca24410143a91acf3b8b2a8bd20f8f4d734de876287270fd212979
D:\KiwiAvatarSystem\Library\BurstCache\Windows-Intel\Hashes\Objects\10cb658d2ed7c931daabda9bdd0a0e58.obj	.obj	2701	2026-08-14T21:22:22.5215764+09:00	956db058ce3a8eb61c24062f4e3bada867a8674047ad9002a1347010b95cc87b
D:\KiwiAvatarSystem\Library\BurstCache\Windows-Intel\Hashes\Objects\10fb4f030660282ecf9ec35d400fd00c.obj	.obj	17350	2026-08-26T12:53:04.2922064+09:00	451ca69f30f8b433d8d2b2582a7c5d8bcf97f2b02881eeb1744dcf3dbb22ed41
D:\KiwiAvatarSystem\Library\BurstCache\Windows-Intel\Hashes\Objects\115bfd9bf414335874c0688f6157e347.obj	.obj	10698	2026-08-26T12:53:06.9801613+09:00	849b40b16d994d4f2a7067f2378553a73b2c32d47accd3fa93fe612f7eceb19b
D:\KiwiAvatarSystem\Library\BurstCache\Windows-Intel\Hashes\Objects\11d24e06dfda0a7ef51d5c13adceeb60.obj	.obj	12030	2026-08-26T12:53:03.7547200+09:00	bb3462507a180cf9280869a88c9bc1050d996b33c3687a50a49c0754a6bdd1b9
D:\KiwiAvatarSystem\Library\BurstCache\Windows-Intel\Hashes\Objects\11e0270de6b558470e7aa1ee9a65db3c.obj	.obj	1685	2026-08-14T21:22:20.0028663+09:00	72a9d59318848e9c5b0cd15b214a81aac02ac311c614bb8a03942f409f456252
D:\KiwiAvatarSystem\Library\BurstCache\Windows-Intel\Hashes\Objects\122c535b5d4b5067f745b39379580670.obj	.obj	3061	2026-08-14T21:22:21.5982382+09:00	19897babca0c9cd7e5eabdc5cbaf1c50847407f36e97b5ee0e9e7112ff85d1b1
D:\KiwiAvatarSystem\Library\BurstCache\Windows-Intel\Hashes\Objects\124dad5c9a98e1a6e326501510e9ea95.obj	.obj	3266	2026-08-14T21:22:22.0659303+09:00	cb33e1241d84bbc889139097a753aebd48e1db84e0864e0b3cfdf655831c1c5b
D:\KiwiAvatarSystem\Library\BurstCache\Windows-Intel\Hashes\Objects\125ef85c677617e2e373138ca490a731.obj	.obj	11133	2026-08-26T12:53:07.4461215+09:00	c40eaf3ad80e53dbe6703202a23e722e6ee6f5af8e53048c15129a09ed871afd
D:\KiwiAvatarSystem\Library\BurstCache\Windows-Intel\Hashes\Objects\127a3ff252ca726eed5724c90e17ea29.obj	.obj	11077	2026-08-26T12:53:08.2829061+09:00	e96a5ec00016b76b54e4ad55ab7895f87211f27d65242226cadd28a20d326555
D:\KiwiAvatarSystem\Library\BurstCache\Windows-Intel\Hashes\Objects\12e5f90d93488e0d48f5622424404f03.obj	.obj	2701	2026-08-14T21:22:22.0229458+09:00	bc9a77cea4c0527cd32cbc9e20725c63cb988c892a071bb36f720492dc739d2a
D:\KiwiAvatarSystem\Library\BurstCache\Windows-Intel\Hashes\Objects\1320fce79c8be5e73ec51d2b6f8b4db1.obj	.obj	2171	2026-08-14T21:22:20.7974273+09:00	1af6944983045cae6091c0bf3dead9e143eacf72cc6acb85778925732bdeabf9
D:\KiwiAvatarSystem\Library\BurstCache\Windows-Intel\Hashes\Objects\1327eaa827c5ba01d0097feeec7c82ee.obj	.obj	11408	2026-08-26T12:53:07.6722466+09:00	b1cd3783fae351538612b831ed496341041d86dcbd2f0764c2ed37946b53a11c
D:\KiwiAvatarSystem\Library\BurstCache\Windows-Intel\Hashes\Objects\13b8f1df7f5ee43c79cff3ba5a339fdb.obj	.obj	2285	2026-08-14T21:22:22.2022165+09:00	97457383ebc5abd6dec7f7fec078519abd0cba3cd07815e206e7761dc0991a6d
D:\KiwiAvatarSystem\Library\BurstCache\Windows-Intel\Hashes\Objects\1459106388edebcc53059213aad7acdc.obj	.obj	8459	2026-08-26T12:53:05.8597156+09:00	7a5bcc61b2178be81794e28edf860d3856c38746b020438e1aec130b6e979c5f
D:\KiwiAvatarSystem\Library\BurstCache\Windows-Intel\Hashes\Objects\14a124ee836f47bd18e7d907b9947a56.obj	.obj	2357	2026-08-14T21:22:21.4447896+09:00	34e407fd31c38b93f7a8b6f2045b8195b5c1ac98a537bc4e2bfa65cef6ff12ba
D:\KiwiAvatarSystem\Library\BurstCache\Windows-Intel\Hashes\Objects\150a9d0268db6a8f70ebb94da0f61315.obj	.obj	17053	2026-08-26T12:53:06.8346932+09:00	6ad3e690226f7726d44bedb3bc922afe5795f47a7d91a4a24b422d124964c6f0
D:\KiwiAvatarSystem\Library\BurstCache\Windows-Intel\Hashes\Objects\1522441383b8726658a7ebccaef8daac.obj	.obj	7556	2026-08-26T12:53:01.1917916+09:00	02bc665ef10b6110a39b6fa83914f23e8bd7b9be96c02d533640c89b311ee005
D:\KiwiAvatarSystem\Library\BurstCache\Windows-Intel\Hashes\Objects\15e3ed49d6962c14d04f0e98c0ef7907.obj	.obj	4965	2026-08-14T21:22:20.7984290+09:00	e523e48c41d324db227f4c27cef5ae080d88b5e5771b75e9ff4d19bef85ae2bc
D:\KiwiAvatarSystem\Library\BurstCache\Windows-Intel\Hashes\Objects\15e7dd5185316c726e8134f8ba8f936f.obj	.obj	7225	2026-08-26T12:53:02.9604855+09:00	7a47f32c825dd99f824c8e9c24ed20f83a151866e7afc61d87f20ecdc7b831dc
D:\KiwiAvatarSystem\Library\BurstCache\Windows-Intel\Hashes\Objects\15fa0817c63867b10141926da475734b.obj	.obj	1757	2026-08-14T21:22:20.8236933+09:00	2904bc25dc53a2d90dd21fcf38bf3c224fe334010f9134015a84305e3940b330
D:\KiwiAvatarSystem\Library\BurstCache\Windows-Intel\Hashes\Objects\1602f1791cac48db121cc116104b55ca.obj	.obj	14010	2026-08-26T12:53:06.4101056+09:00	06488a5228adc95e17d2241d7ef860b69a2bd37f8222a3b21e148a823d63f094
D:\KiwiAvatarSystem\Library\BurstCache\Windows-Intel\Hashes\Objects\160a0ee4012808fb69a32642c793e382.obj	.obj	13971	2026-08-26T12:53:08.2295435+09:00	908033f2e59067998dc7a770b4f3ae70f18c7c35998f57ef3c6a24bb1f937683
D:\KiwiAvatarSystem\Library\BurstCache\Windows-Intel\Hashes\Objects\160bb3cb5f4b5aa5dea47845f2dff4b6.obj	.obj	7271	2026-08-14T21:22:20.6451600+09:00	36e2dc52f91cca8e73344c0542cbc181a5fe9e8b0f88137aba265d611c384b0f
D:\KiwiAvatarSystem\Library\BurstCache\Windows-Intel\Hashes\Objects\1651473c2283404b5e692e69d4a38c9f.obj	.obj	11371	2026-08-26T12:53:07.2758267+09:00	2703fe3d44ca11c32fafcb08761ec11283f12b6884b6e441ca7ae9d4ac49f0c9
D:\KiwiAvatarSystem\Library\BurstCache\Windows-Intel\Hashes\Objects\1659d6ffff765a41a177b7f7a53760ed.obj	.obj	6201	2026-08-26T12:53:05.9079605+09:00	9cb22100641beeff3e094dbc6a4983144663c7f5cdd71588fd1aab4c40969865
D:\KiwiAvatarSystem\Library\BurstCache\Windows-Intel\Hashes\Objects\167562d5bb9064da008167ee315ffd83.obj	.obj	3119	2026-08-14T21:22:21.2542883+09:00	540c7bf675863bcfdb9c62726448be9b1866886bc0526b32a942ed9ee6cbbdff
D:\KiwiAvatarSystem\Library\BurstCache\Windows-Intel\Hashes\Objects\1705867ea95e256a927fdb12d1191470.obj	.obj	2926	2026-08-14T21:22:22.2558442+09:00	e29e81df78d0f1d0c4d4fd09249a4f9200a6b115d31ca195be29f29de1350bb8
D:\KiwiAvatarSystem\Library\BurstCache\Windows-Intel\Hashes\Objects\177ea16a686273739506cd9dc0eb00b1.obj	.obj	5478	2026-08-14T21:22:21.4600918+09:00	658954b7640d9849343dc6db4cea6895ce0b52cac0313926a56b96026273aaa7
D:\KiwiAvatarSystem\Library\BurstCache\Windows-Intel\Hashes\Objects\17d17114618f2012e2beff75ce22094e.obj	.obj	11121	2026-08-26T12:53:05.7345016+09:00	6bdf49fdcdb9c8569b23a394ce9d90a0900f7b25dc7df4a7cf7aa6b83dc33064
D:\KiwiAvatarSystem\Library\BurstCache\Windows-Intel\Hashes\Objects\180400904813ad79f7d9ede7cd4c4e57.obj	.obj	18796	2026-08-26T12:53:04.2541505+09:00	12d0a526a68db68cf3c8a3cc7ea74b7c6b9b746c112762b8dab11d6c73c2c062
D:\KiwiAvatarSystem\Library\BurstCache\Windows-Intel\Hashes\Objects\180541dd785f61b0997eb3de60cdc366.obj	.obj	8327	2026-08-14T21:22:21.3597867+09:00	c70a254407c48817a66cc47033d4e6363a3ed76d8959cf54002e6b7c93a817fa
D:\KiwiAvatarSystem\Library\BurstCache\Windows-Intel\Hashes\Objects\18346a39717481152dfd80e6074c9285.obj	.obj	2388	2026-08-14T21:22:21.3341851+09:00	f97417b0aaa2bb47ca73144a7c1cd457771b7a875981c709ae2ecd1e0f2249a7
D:\KiwiAvatarSystem\Library\BurstCache\Windows-Intel\Hashes\Objects\18451c9db010c34a1a67035deb140667.obj	.obj	19020	2026-08-26T12:53:08.0956152+09:00	ad04b1ec5754fb50aa6289f9b354b53c3dd3613acdaae888c6c264b9558c872a
D:\KiwiAvatarSystem\Library\BurstCache\Windows-Intel\Hashes\Objects\184741489639139d2b58827b228cac5c.obj	.obj	5804	2026-08-14T21:22:20.7706397+09:00	5adaf371e544428a718a0a76312b6a1604849e3adf6291ea22fbab32ff4ff865
D:\KiwiAvatarSystem\Library\BurstCache\Windows-Intel\Hashes\Objects\1874894bee45a92f4293ef3e16c77955.obj	.obj	3871	2026-08-14T21:22:20.3293971+09:00	7d9ca2947934753e9f0855799a39888e59178862b5a70c4e44482fa44af5f66d
D:\KiwiAvatarSystem\Library\BurstCache\Windows-Intel\Hashes\Objects\189acfe117f9a03b4759a24eeef1a5ac.obj	.obj	1877	2026-08-14T21:22:22.2384079+09:00	17ecf1fa315d9f8ed9592b6de8a3a768600fe117072d47571d069994900b424f
D:\KiwiAvatarSystem\Library\BurstCache\Windows-Intel\Hashes\Objects\18e9249c49f351c810d5e3df4d9cad56.obj	.obj	5000	2026-08-14T21:22:21.1668653+09:00	89c2387b07792d470275b7754b3beb97948a35a719abde3c8fb99ef48ef443c6
D:\KiwiAvatarSystem\Library\BurstCache\Windows-Intel\Hashes\Objects\19180fbfe85dc6e3f02bcb5a179740db.obj	.obj	11307	2026-08-26T12:53:08.2496667+09:00	b95fdd8a18cd4e6f6bba435fb6c46440636aa2ba161347d46b07b033a6d53ba1
D:\KiwiAvatarSystem\Library\BurstCache\Windows-Intel\Hashes\Objects\19364fcfd09be4e022dd7a74e1881c65.obj	.obj	11674	2026-08-26T12:53:07.5478110+09:00	b53bdcd53f17ae75e99047de9fc89c2a7128bf2d6d7325beac8d3aa41ffd9ac2
D:\KiwiAvatarSystem\Library\BurstCache\Windows-Intel\Hashes\Objects\1938b61aeb3e8a03e70501f079dcebeb.obj	.obj	2025	2026-08-14T21:22:20.8110982+09:00	f75d69f4bde3b104a3e9220a2c63978bc2acd5f3113b2508f0da0f64ed88a751
D:\KiwiAvatarSystem\Library\BurstCache\Windows-Intel\Hashes\Objects\193bdba1b6f550f7f496632de7f0d923.obj	.obj	2194	2026-08-14T21:22:21.3191342+09:00	bc18f2dca654031ca74e110463a0ac2378c8f5af409efa9e82c3fb355cc123e7
D:\KiwiAvatarSystem\Library\BurstCache\Windows-Intel\Hashes\Objects\193ede53e02623e65a9c8e017c264c3a.obj	.obj	8500	2026-08-26T12:53:04.1866099+09:00	93eed6f31ab4dd228f592db9c639b90ee8c3151ee4298e76778fb3685bfd8d33
D:\KiwiAvatarSystem\Library\BurstCache\Windows-Intel\Hashes\Objects\1a21c21dc0aba594ee8c0252fbe7563d.obj	.obj	9063	2026-08-14T21:22:21.6400368+09:00	885201da6088e922db18a88bf414cfa28e1283737096b499fdcc2d039517ff98
D:\KiwiAvatarSystem\Library\BurstCache\Windows-Intel\Hashes\Objects\1a23f6eb0809bd6ea806d33f18a5bca5.obj	.obj	8032	2026-08-26T12:53:05.7950792+09:00	8c058ee48b83ff8424df66cbca2fa1822402980d15e229b59474914f063ec272
D:\KiwiAvatarSystem\Library\BurstCache\Windows-Intel\Hashes\Objects\1a720e65aea1497fdd294e6634bb64e2.obj	.obj	13873	2026-08-26T12:53:07.8671437+09:00	196fa92b06f0f8292b64e5ead895fe21e250406427e0c2578ceff5b05fdeef35
D:\KiwiAvatarSystem\Library\BurstCache\Windows-Intel\Hashes\Objects\1b0cb0597d6ddbcbf3aea12493fa347f.obj	.obj	9654	2026-08-26T12:53:06.9559113+09:00	4204eca4e301c344ff745865fcf992515f91807759ef41a3ee2f3ddd8b8871ce
D:\KiwiAvatarSystem\Library\BurstCache\Windows-Intel\Hashes\Objects\1b4ef5a708147fb9ed6df7f07878948e.obj	.obj	10720	2026-08-26T12:53:04.3048094+09:00	b0902fd862aaf5871e730698c83a20af68db344799238c3df165e0e320134aba
D:\KiwiAvatarSystem\Library\BurstCache\Windows-Intel\Hashes\Objects\1b997a193f5c3fb5092ba83c00d9f0d1.obj	.obj	13535	2026-08-26T12:53:08.3409304+09:00	3698b19ef5315b888df22e9377e7441815c8f464e2813798d2fcd8509bba09bb
D:\KiwiAvatarSystem\Library\BurstCache\Windows-Intel\Hashes\Objects\1bc524f04af79de53ee784849e408a4f.obj	.obj	29907	2026-08-14T21:22:20.3203491+09:00	01034a3022f2b74eb40414d11406a4cff58572c0da9dfeea0652d2bc32821a19
D:\KiwiAvatarSystem\Library\BurstCache\Windows-Intel\Hashes\Objects\1c537d3c1bb4c62df70262eb3aedb867.obj	.obj	2127	2026-08-14T21:22:20.8679778+09:00	b07785d8a199f6268269da2480b8611cb8fe23119285bc3b14ec540c2ad7ea0f
D:\KiwiAvatarSystem\Library\BurstCache\Windows-Intel\Hashes\Objects\1c5fd5175c1e944269765f11aaea3b76.obj	.obj	8246	2026-08-26T12:53:04.4536573+09:00	9f70244b29de2ab3a29194743aaa633d33be91005121b8cd964396278f9856bb
D:\KiwiAvatarSystem\Library\BurstCache\Windows-Intel\Hashes\Objects\1cd93550349c5fb4bc3208d53b9e7a68.obj	.obj	1719	2026-08-14T21:22:19.9920312+09:00	e92f3fc0125ce65fa5c567a5f8915d642161f7d1ffdae520e4e7390a57b1ce64
D:\KiwiAvatarSystem\Library\BurstCache\Windows-Intel\Hashes\Objects\1cf2842d2a23e70d6bbdf62c98251cba.obj	.obj	2663	2026-08-14T21:22:20.2394908+09:00	0a27de707fe2e042195d46b429dd23ff0f7432e73f968b6de2787d5d09e8176f
D:\KiwiAvatarSystem\Library\BurstCache\Windows-Intel\Hashes\Objects\1d16761fb826af16ae81c5ea8f6b33d6.obj	.obj	2073	2026-08-14T21:22:20.6147604+09:00	4b46df9f0ab42584c26999509dfe88eabf6201271da7e2ff2f09808e79724a10
D:\KiwiAvatarSystem\Library\BurstCache\Windows-Intel\Hashes\Objects\1d45e212a1e7896d5178b33a3ee32cfc.obj	.obj	6605	2026-08-26T12:53:02.9898766+09:00	2cd0b88efc3ac0f9faba1cd99a089cabd1593cf00bf890822caeb09df0f87f01
D:\KiwiAvatarSystem\Library\BurstCache\Windows-Intel\Hashes\Objects\1d92e60f4b5ffdf7e93b0e1cf5c686c4.obj	.obj	1848	2026-08-14T21:22:22.2097673+09:00	2450092d2b1be933c0fb5351353470362aeb39d91beb9fa689e63318bb05a500
D:\KiwiAvatarSystem\Library\BurstCache\Windows-Intel\Hashes\Objects\1dcf7fe66781230a9d4d311bd7587bcf.obj	.obj	4059	2026-08-14T21:22:22.0063581+09:00	828fd8ab1c8de1d8fc18b130b1198609984853dd0c3074e130ef608b8bc1973f
D:\KiwiAvatarSystem\Library\BurstCache\Windows-Intel\Hashes\Objects\1e6e696b7596bbb157694c7dcaee12af.obj	.obj	1673	2026-08-14T21:22:20.3590778+09:00	bf3bbc6a580846d866ec692dc4ef90902d2d5ef70c87dab4eb7c6e7fffecdd13
D:\KiwiAvatarSystem\Library\BurstCache\Windows-Intel\Hashes\Objects\1e7bd58b80220f2aee3364f033a27d07.obj	.obj	4967	2026-08-14T21:22:21.3728789+09:00	63f8cb76b3ff1ce42018e41f720f656bb4bed7f7209494d0a3e96b79248952cd
D:\KiwiAvatarSystem\Library\BurstCache\Windows-Intel\Hashes\Objects\1e833ad40b25462e4faa9e7a66b22584.obj	.obj	19125	2026-08-26T12:53:03.5240976+09:00	a4999b255d2c48d785d5107a9ed7f146ba8442159a97e1f1a53c930aa92f4a7e
D:\KiwiAvatarSystem\Library\BurstCache\Windows-Intel\Hashes\Objects\1ec7beb4424e5f4d0b7db6d7ead3e19a.obj	.obj	1685	2026-08-14T21:22:21.1543017+09:00	b64abfe25c12192fda049442222eb8d5babbcae8b7f3859723f96547c941da5b
D:\KiwiAvatarSystem\Library\BurstCache\Windows-Intel\Hashes\Objects\1f245cb072d4f20fbb0b750178c15d04.obj	.obj	1691	2026-08-14T21:22:21.4762046+09:00	b6eafca424e901448574a5bc907d12a2685a506b9b2c8649cac652950fa69676
D:\KiwiAvatarSystem\Library\BurstCache\Windows-Intel\Hashes\Objects\1f7a4fe49cee6fabb66673fa71ece618.obj	.obj	11173	2026-08-26T12:53:07.6356990+09:00	85c6af1deffb06e68fda930a1a0a0754cd6b46116d24883342cc058cb4f07a5f
D:\KiwiAvatarSystem\Library\BurstCache\Windows-Intel\Hashes\Objects\1f875194b4eac441040837e98d677f59.obj	.obj	11387	2026-08-26T12:53:06.7375385+09:00	ddad358911515658794e2fa789213d7e78ba7060cc152dc5d61eaa6a6c63aba9
D:\KiwiAvatarSystem\Library\BurstCache\Windows-Intel\Hashes\Objects\204cd06bdbb23b92cf9d19115ab84e59.obj	.obj	38119	2026-08-14T21:22:20.8489027+09:00	fa729397865752db4cfb72ecfbdb2d6e5b21e9679140c17ab79b75c8e9d544d5
D:\KiwiAvatarSystem\Library\BurstCache\Windows-Intel\Hashes\Objects\206e3f66806a271da1fda2aecdcc5e40.obj	.obj	4083	2026-08-14T21:22:21.9901470+09:00	d606f70d849fc9d0f3540f787c7ba5de4d2896da389391ff5ad9f018f094e099
D:\KiwiAvatarSystem\Library\BurstCache\Windows-Intel\Hashes\Objects\21c84c8daee07869752b85b525a9ef1c.obj	.obj	6811	2026-08-26T12:53:03.1106467+09:00	6ca61fbfd76c84878d7e8bb04b645afecc84bd146580d37eaf9bbefd872f0bd8
D:\KiwiAvatarSystem\Library\BurstCache\Windows-Intel\Hashes\Objects\21cf563fd8cb78fc5747eb9d38ec5ef7.obj	.obj	1660	2026-08-14T21:22:20.1208893+09:00	3e1d441063327024d48c3c40ab64118c27a6b4871689b50d08669ce34e621bd2
D:\KiwiAvatarSystem\Library\BurstCache\Windows-Intel\Hashes\Objects\223543b6e5dbcac55dd5428c62d23687.obj	.obj	7430	2026-08-26T12:53:07.5955970+09:00	3104808ce1f447b07f1406f2da99753ac9e3f96fa1774a1e2b9ef8c1fb90dab9
D:\KiwiAvatarSystem\Library\BurstCache\Windows-Intel\Hashes\Objects\227cd2979504b3af767a8f1cbdb22ed8.obj	.obj	6773	2026-08-26T12:53:03.3344045+09:00	004feb98489dc0df2ca80ef43acb2de3a1504fcd714bbb965572796e25d1bbcc
D:\KiwiAvatarSystem\Library\BurstCache\Windows-Intel\Hashes\Objects\22851ef814f9661b312317404444fbfe.obj	.obj	3306	2026-08-14T21:22:21.4006283+09:00	8e800cde8c036b7f9b549466951f1aa2d007dc70dfe7fda16f2ba4dd573d18c9
D:\KiwiAvatarSystem\Library\BurstCache\Windows-Intel\Hashes\Objects\22cbf809f694997b899d2b42ff679aac.obj	.obj	25379	2026-08-14T21:22:21.5582993+09:00	7b473e18588915b9a63f7795a301852bda142fe8146cdaee1766cfe0e1e56024
D:\KiwiAvatarSystem\Library\BurstCache\Windows-Intel\Hashes\Objects\22cfa89e2f83877f6f9ae028c427bd87.obj	.obj	4869	2026-08-14T21:22:21.1759104+09:00	31e9c43a5a72346f8dc1e405832145423e81ff57d803319927f7d824f1a3cf23
D:\KiwiAvatarSystem\Library\BurstCache\Windows-Intel\Hashes\Objects\22e6250b4acb39eb0728b73a60e390f1.obj	.obj	8318	2026-08-26T12:53:04.4128637+09:00	ace1427daaa629776dea0c9c1edc210b57f9344149bf9f3f2e08f8dc2dabddba
D:\KiwiAvatarSystem\Library\BurstCache\Windows-Intel\Hashes\Objects\22eec2ddc127d3b87614a296126d1cbb.obj	.obj	6147	2026-08-26T12:53:04.4491423+09:00	5935844fd921eaa5632cad612c7a8a2d229367e30d0fdede8cef3ca32f31d38d
D:\KiwiAvatarSystem\Library\BurstCache\Windows-Intel\Hashes\Objects\2316173608889b3cf94803eb777178f7.obj	.obj	6390	2026-08-26T12:53:03.4166649+09:00	9a064180dae4fc1e68437c53cbe7d0feb36746cf31631f370bce1eb78ce1182f
D:\KiwiAvatarSystem\Library\BurstCache\Windows-Intel\Hashes\Objects\231e57d754be19e58759afa6666a23dc.obj	.obj	11534	2026-08-26T12:53:07.2116050+09:00	28f58505c2d7fc72589a06751ed5931c7952d6d02777547e3c658090b8aa2048
D:\KiwiAvatarSystem\Library\BurstCache\Windows-Intel\Hashes\Objects\23f2535709ba1e51c84ff20c4e128a05.obj	.obj	2635	2026-08-14T21:22:20.0692389+09:00	949904a38507c5a4509eb739b1abcaaa4856a212a8e6bd12040e4790ecececa3
D:\KiwiAvatarSystem\Library\BurstCache\Windows-Intel\Hashes\Objects\2452ffe36f7b414cea5146d28f25dcd0.obj	.obj	7038	2026-08-26T12:53:04.1775740+09:00	a1e86e27b0bff4a3fdd3f2a91267ebd73f9a38a30169acf702a00e5fafde5028
D:\KiwiAvatarSystem\Library\BurstCache\Windows-Intel\Hashes\Objects\2460d96d1b03ebc34b0a1e13b41ba41b.obj	.obj	7561	2026-08-26T12:53:06.9194648+09:00	0df4dfbd521826ff48c38fc419454a0dbfd1f570201d73747dd9cc1b79bc74e9
D:\KiwiAvatarSystem\Library\BurstCache\Windows-Intel\Hashes\Objects\248d3fc6d648f4ede4d1fb2f49d05890.obj	.obj	7651	2026-08-26T12:53:08.1089095+09:00	1df25fd65584fc90d7c5f04d84b814d78e51661a2d1c0eac461909350322195b
D:\KiwiAvatarSystem\Library\BurstCache\Windows-Intel\Hashes\Objects\24ac79e96aab5bb3cfdb518ed19ba99e.obj	.obj	7507	2026-08-26T12:53:04.0504302+09:00	40c9c398a623b46a16c7c370c615bc7cf7b6dd891a23f914bc679528a92f74f0
D:\KiwiAvatarSystem\Library\BurstCache\Windows-Intel\Hashes\Objects\251f982e45756d669b205a8986c59883.obj	.obj	2543	2026-08-14T21:22:20.5573329+09:00	a4fa5b0fac5e6bb59f991aac32af63cd93e17ad50f83a7fa884af3f7003d3a44
D:\KiwiAvatarSystem\Library\BurstCache\Windows-Intel\Hashes\Objects\2522c3343f4eadd35b7d205915b1aafd.obj	.obj	1701	2026-08-14T21:22:20.5834631+09:00	2a4f1aabc8b0fa77d63533e2b1d0d837bd791d27f94b3a121cb4040eda226ead
D:\KiwiAvatarSystem\Library\BurstCache\Windows-Intel\Hashes\Objects\25a1fb480862af759f98620680ffe6f1.obj	.obj	2345	2026-08-14T21:22:21.7588131+09:00	7c029316ac5a1381ca0a478d57457de824785b4ae1519bf4ac9914732239e819
D:\KiwiAvatarSystem\Library\BurstCache\Windows-Intel\Hashes\Objects\25f7328a605b314b185c69946ee21575.obj	.obj	11128	2026-08-26T12:53:07.5696770+09:00	9b9aef99fa0b17c1540418c1fcaddab597a5cbc628bf9bc65227d5186e61b358
D:\KiwiAvatarSystem\Library\BurstCache\Windows-Intel\Hashes\Objects\267ade4fe7eda91c8a8c5885ed7f0992.obj	.obj	6846	2026-08-26T12:53:04.4888893+09:00	2dbba8b0265567446f7b202e2a832a323365eca4beab4add5c5ec49985b9dbb7
D:\KiwiAvatarSystem\Library\BurstCache\Windows-Intel\Hashes\Objects\26b3d132e1d425b71a3f52a9a7c49e85.obj	.obj	2107	2026-08-14T21:22:20.7811906+09:00	1cbbd13ba57dec65ca26646c13a7ed0e8cb55296378917bfbd79e29656c8829d
D:\KiwiAvatarSystem\Library\BurstCache\Windows-Intel\Hashes\Objects\26bc1653c485f433a0562b5ec2c00ec9.obj	.obj	5639	2026-08-14T21:22:20.4923110+09:00	bac3a20fc64a06dfadcee85a2fe036f428048fa59a73b9c9e1c0431febddf42a
D:\KiwiAvatarSystem\Library\BurstCache\Windows-Intel\Hashes\Objects\2708aef5867bb494a8cb2803d7970e4c.obj	.obj	3274	2026-08-14T21:22:22.0432169+09:00	22ab1df8a5c08b8135482789fe99c9c612a2225e8df37a4a2366e1fb0e1e1577
D:\KiwiAvatarSystem\Library\BurstCache\Windows-Intel\Hashes\Objects\27b78e386b70a61ccf6f2c81dc79c594.obj	.obj	2613	2026-08-14T21:22:21.1176006+09:00	ceb045f4736ababe3e4291627931b2600483662432318aa65f05c788736297a4
D:\KiwiAvatarSystem\Library\BurstCache\Windows-Intel\Hashes\Objects\280330ad6f261c28faa765dd95b49e6b.obj	.obj	11047	2026-08-26T12:53:07.4874424+09:00	aad53e3cf65b67b82d1fcdbd79ebef0914f336e16089d8ea2e1320ef2d4d35df
D:\KiwiAvatarSystem\Library\BurstCache\Windows-Intel\Hashes\Objects\281a4abaedb6b3284ec103202c939373.obj	.obj	5794	2026-08-26T12:53:06.9277460+09:00	0603c0cdf18ff2fe9db8823705a31c9f726b6e0a09cb623645f9a1d8dc41140e
D:\KiwiAvatarSystem\Library\BurstCache\Windows-Intel\Hashes\Objects\281f5bfbe3dfbdafae6f55f08d29ea15.obj	.obj	11056	2026-08-26T12:53:04.3792322+09:00	ac3e0c39d2ca285e9c41d3e556b18799f2594d97456d5ff3d0d51396ed04f47a
D:\KiwiAvatarSystem\Library\BurstCache\Windows-Intel\Hashes\Objects\28336216c06c82bfbaf3dabf78bb7b38.obj	.obj	13587	2026-08-26T12:53:02.9306687+09:00	72223d3a96fa5de9d3fe86971cfdd05682800270e645d4c835d4a146c1b9ef04
D:\KiwiAvatarSystem\Library\BurstCache\Windows-Intel\Hashes\Objects\28422483679c2897953ed1c3f5b5e41e.obj	.obj	6635	2026-08-26T12:53:07.7429967+09:00	33c1d70e50dca3e8fdee1fcc50ab28c2ec359da24d4f8c3b967a6b7580fc6cc1
D:\KiwiAvatarSystem\Library\BurstCache\Windows-Intel\Hashes\Objects\2974c350ecd23c4ee9525973a757d64b.obj	.obj	11189	2026-08-26T12:53:06.4136953+09:00	7347084948933970cad86ba9baf4ecd9d1920d30456a5cd0a03f046e0c11723b
D:\KiwiAvatarSystem\Library\BurstCache\Windows-Intel\Hashes\Objects\29cad0bb1606e4ab886d4763ad6df5f0.obj	.obj	2315	2026-08-14T21:22:22.6226641+09:00	3376ea4fa36d4094d3eca2ef7776230ae2e182df345edd608e8ba80a4293589c
D:\KiwiAvatarSystem\Library\BurstCache\Windows-Intel\Hashes\Objects\29f0e62ba048a02f0b98407c2b40dd78.obj	.obj	9521	2026-08-26T12:53:06.9014445+09:00	d347872633fdc1100d7b675a4773fa2356dc8da96b101bc5bc55528ad81849b5
D:\KiwiAvatarSystem\Library\BurstCache\Windows-Intel\Hashes\Objects\2a4b3194244b67d5a22ca57bccf338f8.obj	.obj	4611	2026-08-14T21:22:21.7090089+09:00	61cc06e0484f66289e233e766bd85e42e54c386ff194e87c7667f714068edfa4
D:\KiwiAvatarSystem\Library\BurstCache\Windows-Intel\Hashes\Objects\2a801a68fb9698871ab244cb23652704.obj	.obj	6719	2026-08-26T12:53:04.1518283+09:00	e24ae826f8e5819c2520d9f8de288fcaf90dab4528cc4f86b5003d0a4e6bd47e
D:\KiwiAvatarSystem\Library\BurstCache\Windows-Intel\Hashes\Objects\2add0fac421386940142f93a4f7b9856.obj	.obj	10647	2026-08-26T12:53:07.7325470+09:00	77628f219042192385291d90cdfd7eba937a83b6fe0acb9a8c618be45a4a4c1d
D:\KiwiAvatarSystem\Library\BurstCache\Windows-Intel\Hashes\Objects\2af124074d7acc0b246d6ac6c0089fa6.obj	.obj	1660	2026-08-14T21:22:20.8176563+09:00	82c0b2e03d5ed3bd13dfa43ece328b94cf9f9b8c15d60182147648eb360a7847
D:\KiwiAvatarSystem\Library\BurstCache\Windows-Intel\Hashes\Objects\2b4baffd0ba4630857f5200dfbf05104.obj	.obj	3032	2026-08-14T21:22:20.7716408+09:00	83b81b3ff5fedd8d380c3c37f5e6b4c12f47700cf922b69a470a088d727584ee
D:\KiwiAvatarSystem\Library\BurstCache\Windows-Intel\Hashes\Objects\2b64dfcd1a8f583dbba39e6ac985d16b.obj	.obj	8306	2026-08-26T12:53:05.7768463+09:00	b2686a66a829476b0a7eef24d6854d29c088307ce939dae7e7c4407a8242c3a7
D:\KiwiAvatarSystem\Library\BurstCache\Windows-Intel\Hashes\Objects\2b6d1f5b90e071e6280ae71f6e079674.obj	.obj	1453	2026-08-14T21:22:21.2020403+09:00	edd1ce2420516e03f65bcc679ebaa917623685243acf690c0d7d17cd3d579f69
D:\KiwiAvatarSystem\Library\BurstCache\Windows-Intel\Hashes\Objects\2b6f3b7f1c09e1a3ddba4b6632ade1b1.obj	.obj	1509	2026-08-14T21:22:21.5073775+09:00	2b22e958bd67a32d019e4243057a452115c8d515dd6fabbb73defa9d95e61e65
D:\KiwiAvatarSystem\Library\BurstCache\Windows-Intel\Hashes\Objects\2b76bfa15746ec095d06ea7dca1c792c.obj	.obj	18819	2026-08-26T12:53:07.4544459+09:00	51e9c2ee326667cd1deb447b0a221fb5460618b9e6b7015693cd278622874830
D:\KiwiAvatarSystem\Library\BurstCache\Windows-Intel\Hashes\Objects\2bb340f5cccd7cea397acfd0101ed019.obj	.obj	2817	2026-08-14T21:22:20.9335457+09:00	3acdf178ab733be18cb59993fcb4423d98575156241a4c235a78b974ed010615
D:\KiwiAvatarSystem\Library\BurstCache\Windows-Intel\Hashes\Objects\2bba5c7958c03a5e11d05ddb03fa994c.obj	.obj	13388	2026-08-14T21:22:20.1395887+09:00	1fb7f4391a5a8ecb08c34c0dc4a96e6f32455d7256993b8e0ef5436d6a7298f3
D:\KiwiAvatarSystem\Library\BurstCache\Windows-Intel\Hashes\Objects\2bf96fda3e98f34a03d0bf9807bb4a64.obj	.obj	2379	2026-08-14T21:22:21.8225591+09:00	3850b5bb314ed1632408f04a891613ea55c3a6361627f964f6876e5981c5333a
D:\KiwiAvatarSystem\Library\BurstCache\Windows-Intel\Hashes\Objects\2cdd7cdab4d4754e00059ad51985c718.obj	.obj	1469	2026-08-14T21:22:20.9781945+09:00	ba1cc97cf3a960367655d4e067503ac57c8c04c5cf54e60e1b990f4c6e3d081e
D:\KiwiAvatarSystem\Library\BurstCache\Windows-Intel\Hashes\Objects\2d4dbfb197efd84222d1779e04667d39.obj	.obj	4521	2026-08-26T12:53:07.6885526+09:00	3f12857c00f0954e0f982a339efaf46e5497ef37bbd3800d616e5404daf9b7d4
D:\KiwiAvatarSystem\Library\BurstCache\Windows-Intel\Hashes\Objects\2d6c1d7b91c11179a61dfc45bb26c9ab.obj	.obj	8855	2026-08-26T12:53:04.3902754+09:00	e6f92f961298fed8ae24cf45b61bf893eaad20a0b9c8cf481bb5b838dbda716a
D:\KiwiAvatarSystem\Library\BurstCache\Windows-Intel\Hashes\Objects\2db47e6c157343e00e49cf8201ec2779.obj	.obj	1685	2026-08-14T21:22:21.2110804+09:00	d5e0b8c204ababbd097e289b7a75acb2aa11d1dbe7c2987f3c9b4afa63f9e5d2
D:\KiwiAvatarSystem\Library\BurstCache\Windows-Intel\Hashes\Objects\2dbbbc3d07b2b1fe9ccf531ab585af20.obj	.obj	6805	2026-08-26T12:53:02.7359081+09:00	eb04a409dbad2b8aeb1ead578579e252db08e5f4f9d918af1342dba4f5eff898
D:\KiwiAvatarSystem\Library\BurstCache\Windows-Intel\Hashes\Objects\2dbcbda5fdab381c36c0a5aef32ad9d2.obj	.obj	5032	2026-08-14T21:22:20.1552078+09:00	d2307dbb99952b5010a930fe9c4c1220c30599052d8672512c6f8fbc1deb19c6
D:\KiwiAvatarSystem\Library\BurstCache\Windows-Intel\Hashes\Objects\2de6173f5f7620ab756594496c446e7e.obj	.obj	1762	2026-08-14T21:22:20.3701775+09:00	70a756850e3b2dde210f0c3cc3d15f3d9ea5ea9af598e8da1eaf6d795299aa65
D:\KiwiAvatarSystem\Library\BurstCache\Windows-Intel\Hashes\Objects\2ea7c4976163a9e3e92667d5aa2d4124.obj	.obj	2699	2026-08-14T21:22:22.0356735+09:00	02bdcf51ce8810e32db288f858848541e05120da30ad8f491aa5b2b597d59bde
D:\KiwiAvatarSystem\Library\BurstCache\Windows-Intel\Hashes\Objects\2f6a2bcb08601029d9b35104d73ed03f.obj	.obj	11631	2026-08-26T12:53:07.3615831+09:00	113fe60ab95c338d32abbf48fba57830ccdcbcfb3fc6f3bc48dcc2e3078f3db1
D:\KiwiAvatarSystem\Library\BurstCache\Windows-Intel\Hashes\Objects\2f7678199e9aa53f32f7b8ace7b54af0.obj	.obj	2047	2026-08-14T21:22:20.8689853+09:00	90394954f6129b615652e88f6deeec216c230259e6e79afa9a7b602d9547ef4c
D:\KiwiAvatarSystem\Library\BurstCache\Windows-Intel\Hashes\Objects\300ec5c1ff70735e9987a93e4dc7563d.obj	.obj	6936	2026-08-26T12:53:04.1493089+09:00	8640250650412c75ff74ae5f34a954e6ba4ecc81ba71d7e33fff598a4b33570b
D:\KiwiAvatarSystem\Library\BurstCache\Windows-Intel\Hashes\Objects\302fca79e962a5883cb87df0585703df.obj	.obj	2069	2026-08-14T21:22:21.9533856+09:00	7377473826f63ed39002a0c902aed1a1acdc550482cdaec8ba1359ea62e373cd
D:\KiwiAvatarSystem\Library\BurstCache\Windows-Intel\Hashes\Objects\304a47a9c2783e618542ab6ef4bbb1b8.obj	.obj	2051	2026-08-14T21:22:20.5925099+09:00	f3d5dc581a22f4cf64ce9727e6f80d3284db92b0a0808a9389bbafc4cfde73e9
D:\KiwiAvatarSystem\Library\BurstCache\Windows-Intel\Hashes\Objects\30e211822a1390398bb4d1fec017c345.obj	.obj	2075	2026-08-14T21:22:21.3427270+09:00	24d443c759b7397b6707e89df45e63dd434485089214a37a4ea8912742478e25
D:\KiwiAvatarSystem\Library\BurstCache\Windows-Intel\Hashes\Objects\315de218e16871f26869d0cb5556ad90.obj	.obj	7144	2026-08-26T12:53:03.8121350+09:00	5d7e9b2340d8ac717427e483aa09e00b45c62473fcce46681ec7a97b4a98a2e8
D:\KiwiAvatarSystem\Library\BurstCache\Windows-Intel\Hashes\Objects\3189c6388af65a79e144d6b79154560e.obj	.obj	12870	2026-08-26T12:53:03.0736141+09:00	afcb07c3e5701d2ce8e2b386b0ebf203e631a653efde01f84f477f06254285ca
D:\KiwiAvatarSystem\Library\BurstCache\Windows-Intel\Hashes\Objects\31a42075a9c8b74f55c534923b820eed.obj	.obj	11430	2026-08-26T12:53:07.8388137+09:00	cfa912b5eb63cce5ce9f0783c5bff8f551fc429465cad6a9a35a97cec0132e8b
D:\KiwiAvatarSystem\Library\BurstCache\Windows-Intel\Hashes\Objects\31ba0fbc6668c7c886f36b6890e4ce6b.obj	.obj	2231	2026-08-14T21:22:19.1401741+09:00	b9ef924b69b6ce7908953e6e84be2dd6cc51464cb68fe2d4f9b101da39282b70
D:\KiwiAvatarSystem\Library\BurstCache\Windows-Intel\Hashes\Objects\31cbc2fcbea612719d9619b0e35b572c.obj	.obj	15893	2026-08-26T12:53:07.0094139+09:00	37387d158123de62156a62d37f7f3521ffcea8be17213a772a6c6cb745499784
D:\KiwiAvatarSystem\Library\BurstCache\Windows-Intel\Hashes\Objects\323d26d5459cf1686522c37e2cbab80f.obj	.obj	12308	2026-08-26T12:53:04.0629797+09:00	8c387d2fda9c4428fc5b1ee37affca4bc8e1037e6808a6cc57db859b8e70babc
D:\KiwiAvatarSystem\Library\BurstCache\Windows-Intel\Hashes\Objects\326e7980ac25a438d62d3e05004eb02a.obj	.obj	6752	2026-08-26T12:53:06.3235328+09:00	78812ff5db11af9a38f77625e9b2b626823d6f8973e9d8dec211842ba5c221c3
D:\KiwiAvatarSystem\Library\BurstCache\Windows-Intel\Hashes\Objects\3302c58cdcf0a04b2d961427ba255eab.obj	.obj	8813	2026-08-26T12:53:04.2972557+09:00	26fb38e5378dcdd7c9a607d00950e604af5cfbc36e8963270451a6ca1180d390
D:\KiwiAvatarSystem\Library\BurstCache\Windows-Intel\Hashes\Objects\3312da51fb9ccea5a2a8b0270b984816.obj	.obj	8178	2026-08-26T12:53:04.4375300+09:00	e588ae54a956577e8c7728bdf58d5e1522a52b27a30e1eb2c3c556575f831150
D:\KiwiAvatarSystem\Library\BurstCache\Windows-Intel\Hashes\Objects\3328f9cc9a3630b39e0857ee9bbd0dab.obj	.obj	1715	2026-08-14T21:22:20.9259707+09:00	df078c226c12d353f8e89e0cffe9c16552497ba6681851d846e66ac0d279aca8
D:\KiwiAvatarSystem\Library\BurstCache\Windows-Intel\Hashes\Objects\332f602fd2328cd85052100bb7462d9e.obj	.obj	6877	2026-08-26T12:53:04.3967883+09:00	681c9f264a229da489b9fb85758f0064d52203792c33aaaba58596ae856ee5b8
D:\KiwiAvatarSystem\Library\BurstCache\Windows-Intel\Hashes\Objects\336d031d663c6a9cf4b60a6d83d8a7a7.obj	.obj	1852	2026-08-14T21:22:22.1906388+09:00	fda02007136ced5e4ad2f52794a6b9b19418c0e4533dffe0f2653019a49f7599
D:\KiwiAvatarSystem\Library\BurstCache\Windows-Intel\Hashes\Objects\3449dfd479acbb818e19aab7508d9e78.obj	.obj	11329	2026-08-26T12:53:05.8260371+09:00	9a716c8fefe7376944c1e1b95277c1cb8861cfcedcf8b974f4b697bfa31589db
D:\KiwiAvatarSystem\Library\BurstCache\Windows-Intel\Hashes\Objects\34a6d518a925e721863965da0f8611e4.obj	.obj	8777	2026-08-26T12:53:03.4030635+09:00	67d00a483274bd2c0e1cbd4342532b0ce2cf211a1ece105837ecead6734e9c92
D:\KiwiAvatarSystem\Library\BurstCache\Windows-Intel\Hashes\Objects\34e53f28514a914dde5d34038c0d2254.obj	.obj	1707	2026-08-14T21:22:21.4377653+09:00	c4bd9ea9c3983b456659f508f4a0fbea2500a009abd34a8e6fdd7efc29196e2d
D:\KiwiAvatarSystem\Library\BurstCache\Windows-Intel\Hashes\Objects\35a6b6deb30d7dc0cf5c14d33ae64842.obj	.obj	2117	2026-08-14T21:22:20.7147884+09:00	2d6c48c52e84c4bb39bbc10f97f77eb66345effef6a1c50af254513596050f19
D:\KiwiAvatarSystem\Library\BurstCache\Windows-Intel\Hashes\Objects\36a97d7f3d7cbee1d4c1cd18ecd98238.obj	.obj	1880	2026-08-14T21:22:20.6517263+09:00	34853f962f6b28a0bb6e7bf3a13d91af420db2ad0396aafe90358585ddf55201
D:\KiwiAvatarSystem\Library\BurstCache\Windows-Intel\Hashes\Objects\36b537e21f40a924cf9c75f87c48086d.obj	.obj	11203	2026-08-26T12:53:07.5837463+09:00	b9fb9d586844d984e80b3f8e490523a509eb548f80053063316bf833bcc9f4b4
D:\KiwiAvatarSystem\Library\BurstCache\Windows-Intel\Hashes\Objects\37516646d73cf0550bc3076c467b54b7.obj	.obj	4005	2026-08-14T21:22:20.7771757+09:00	31b72a8f5b8d1744ded044381a88d0de872ff1dce66d0694b9bfcc308db527f3
D:\KiwiAvatarSystem\Library\BurstCache\Windows-Intel\Hashes\Objects\379cefcca34b48004a7c30da1b360f8a.obj	.obj	6284	2026-08-26T12:53:04.0928047+09:00	40d06f160c821a85e8919fa2943b6b2c01309e7ad70899cc3ee0e518d4dac050
D:\KiwiAvatarSystem\Library\BurstCache\Windows-Intel\Hashes\Objects\37a5173ace6e4442c6fa85849cb5ec15.obj	.obj	7061	2026-08-26T12:53:03.7557200+09:00	ced12e15c49cfc2e949abfed8fe2bc3f540b958bc45db9de5d46b94abe2a7fe1
D:\KiwiAvatarSystem\Library\BurstCache\Windows-Intel\Hashes\Objects\37c1d355e02cf9ee68f51f1092cc4a7b.obj	.obj	10777	2026-08-26T12:53:04.2501118+09:00	a66401280d4d3ff63e2103b33cbf414df08a493c321c21669cdd3049436b8b92
D:\KiwiAvatarSystem\Library\BurstCache\Windows-Intel\Hashes\Objects\388e6d7a72e7b1b6aec3c50ed576d4e0.obj	.obj	7640	2026-08-26T12:53:04.0330860+09:00	c70f170cfdd1ffbd2df7dede98a62decfd918a3446db501ae324e4f48a1d7708
D:\KiwiAvatarSystem\Library\BurstCache\Windows-Intel\Hashes\Objects\39a87232fd794f2507afb03ac6b7431c.obj	.obj	29078	2026-08-26T12:53:06.4395141+09:00	6da456cd421f02d461ae50e9f66e86a8eb8391f6ac2aa2d6709d5734831cf6ad
D:\KiwiAvatarSystem\Library\BurstCache\Windows-Intel\Hashes\Objects\39b42fb1a864be13399a9bdc3d9921c7.obj	.obj	11658	2026-08-26T12:53:08.3295591+09:00	019813cac8abd39a28b41b13ad5dc28d1ae94fc6cd1b585e95153c74323d0b5e
D:\KiwiAvatarSystem\Library\BurstCache\Windows-Intel\Hashes\Objects\39bc920f1e0323f40cdf53295f3202a8.obj	.obj	7278	2026-08-14T21:22:22.4227961+09:00	1b0e9c9ed6a5e7606a2ccb376c68d956913ef06898617449e8a752285f3b745e
D:\KiwiAvatarSystem\Library\BurstCache\Windows-Intel\Hashes\Objects\39cdc9b673eaaea5745e2b8003a0bdd4.obj	.obj	19275	2026-08-26T12:53:03.0615440+09:00	60d011c63d1f9ae34a5ab02f6edd84f9f9ad1ddc801e8966dba993e5cea1ae23
D:\KiwiAvatarSystem\Library\BurstCache\Windows-Intel\Hashes\Objects\3a0e6a52d023491f1915bb2b282b72e0.obj	.obj	2955	2026-08-14T21:22:20.8287222+09:00	745ce4f31c7bf7f7fc353a2f7bd747ea416df44027e4fe066d46e190b66882fc
D:\KiwiAvatarSystem\Library\BurstCache\Windows-Intel\Hashes\Objects\3a5445849214a6469f4fed76819558a1.obj	.obj	7318	2026-08-26T12:53:03.1233924+09:00	583af58c1e856e1d7b640f7da258f921c239a951c55b9d0f30c43944c4b0b15a
D:\KiwiAvatarSystem\Library\BurstCache\Windows-Intel\Hashes\Objects\3a9d70362ed7a29c2dbba33512d5846d.obj	.obj	8759	2026-08-26T12:53:06.3317252+09:00	3fd7d69fc7c6923698ae4fd28500aa23a220d780689da98d7756d078b6df2d62
D:\KiwiAvatarSystem\Library\BurstCache\Windows-Intel\Hashes\Objects\3ad2c07880eded671febe6f7df0b6dce.obj	.obj	9159	2026-08-26T12:53:05.9394825+09:00	199d00c63894e0034b197ad3c98803de5d56bca49e750b90032d2f33ae9b9efb
D:\KiwiAvatarSystem\Library\BurstCache\Windows-Intel\Hashes\Objects\3b17e13e8747f6da027facfb46d6736b.obj	.obj	2194	2026-08-14T21:22:20.8604411+09:00	6408332ada60c2d54a2fe397ff7ae2f0d0b477ad368558a26bc548962cff8fab
D:\KiwiAvatarSystem\Library\BurstCache\Windows-Intel\Hashes\Objects\3b1f093dc7b2f072523422acf263aa69.obj	.obj	2309	2026-08-14T21:22:21.1980323+09:00	e3d124ff81060a4045b0fc30ef97b8eb2c136059a4379c43e307a79e5aecc412
D:\KiwiAvatarSystem\Library\BurstCache\Windows-Intel\Hashes\Objects\3b4b7d4f5bccc69eafcc4de5ff40a697.obj	.obj	1962	2026-08-14T21:22:20.8876305+09:00	dc0d028ecc087ef88e83ca4579ec1a932227814f645fe919184d0e25a8d860da
D:\KiwiAvatarSystem\Library\BurstCache\Windows-Intel\Hashes\Objects\3b5dfd4969b33809d116a49ed9c940ed.obj	.obj	6135	2026-08-14T21:22:20.8724908+09:00	44ede3484ac938ec743f5cbd7453ffd00ddf9b424071388acea20a39499bc4c8
D:\KiwiAvatarSystem\Library\BurstCache\Windows-Intel\Hashes\Objects\3b7c26dcb6090eba25a424939f9640bd.obj	.obj	7132	2026-08-14T21:22:20.0792878+09:00	6ff2b28e38a9cce4649784d568225d512efd310a6f39fe580668f4dd73c3640a
D:\KiwiAvatarSystem\Library\BurstCache\Windows-Intel\Hashes\Objects\3b8652dd347b7b47d9f5cb8012d7eb24.obj	.obj	2859	2026-08-14T21:22:22.5829353+09:00	a2e6df8f13ea15543889d15f623ed37c99691061966cd5883f7bf4b0807cf0a1
D:\KiwiAvatarSystem\Library\BurstCache\Windows-Intel\Hashes\Objects\3ca5d7c068ca215a7fb771cb96de7813.obj	.obj	3804	2026-08-14T21:22:22.2977468+09:00	892cac27ed8d9a85a2c980baaa81bf65e383007ac355767997bc5a5339f5845b
D:\KiwiAvatarSystem\Library\BurstCache\Windows-Intel\Hashes\Objects\3cfeb321ac9394bfe22ba6724cd83bb6.obj	.obj	6814	2026-08-26T12:53:04.3445923+09:00	791e78581e0c0d7df0943fca0f3e5979a9b69ea9f865ac757839577c90551d3d
D:\KiwiAvatarSystem\Library\BurstCache\Windows-Intel\Hashes\Objects\3d04061e064e07d52552c6a8ccda2b80.obj	.obj	1795	2026-08-14T21:22:20.7862289+09:00	16b193afbd5f931472023a5ef5385eccbd7f7412cfa5352c111a81d98950ace0
D:\KiwiAvatarSystem\Library\BurstCache\Windows-Intel\Hashes\Objects\3d09d2ebc61f0eb02aae1219570b5629.obj	.obj	10074	2026-08-26T12:53:02.9457489+09:00	e902921f6a8bf10bc3dd2a876bbc0321ef43aeb6abfcae6cab872a264aafaa6b
D:\KiwiAvatarSystem\Library\BurstCache\Windows-Intel\Hashes\Objects\3dcb609d6c9a64bcca4193c52fbcd200.obj	.obj	7315	2026-08-26T12:53:02.8062444+09:00	f59f9d019c13b16c523ed80be27eca1b8b949a8f33dc61f7d90e82245bdba6c3
D:\KiwiAvatarSystem\Library\BurstCache\Windows-Intel\Hashes\Objects\3e6f8b2c1ccbe754176d17b668442c1f.obj	.obj	11468	2026-08-26T12:53:07.4118059+09:00	726b91d0ffb422ef3752459a43b6d9fae33e637be9565d4c9efe2bb03e288c6d
D:\KiwiAvatarSystem\Library\BurstCache\Windows-Intel\Hashes\Objects\3ea7ee2fcebe0590913cff728bf0bc3c.obj	.obj	2747	2026-08-14T21:22:22.1348824+09:00	15f2303fc5358b1120ca26ea2729a75ade935adbd2efae490872bfb2001c5fe5
D:\KiwiAvatarSystem\Library\BurstCache\Windows-Intel\Hashes\Objects\3ef4c2a52b29d11cb6f00376a16fc82e.obj	.obj	18604	2026-08-26T12:53:06.5027329+09:00	d2e43225bb66b5bf27ffff5edbf41078758d5dd965a81bfde6ffe1956ffbf50f
D:\KiwiAvatarSystem\Library\BurstCache\Windows-Intel\Hashes\Objects\3f14e1ffc20d4733678aa21f560f1aab.obj	.obj	18131	2026-08-26T12:53:05.8903767+09:00	71821b161fc64b7445bf0d4048e0ef5ece652becd99a437fa69624efd75f5bc0
D:\KiwiAvatarSystem\Library\BurstCache\Windows-Intel\Hashes\Objects\3f16eb75b3bb227824b2d83c48b226ee.obj	.obj	1823	2026-08-14T21:22:20.9118820+09:00	c126da349d2531ee68b243d8a50853d7698cd6cd4d56193d59b4615ab60c3224
D:\KiwiAvatarSystem\Library\BurstCache\Windows-Intel\Hashes\Objects\3f256feb0d9cf6b72b93a51983c072f4.obj	.obj	2502	2026-08-14T21:22:21.3271536+09:00	fcaa9723f5d82b34859485c354a5fa15bbc4d6ce5f76346abc8ca7498c004749
D:\KiwiAvatarSystem\Library\BurstCache\Windows-Intel\Hashes\Objects\3f7d045c06b6dd0dad4e544fd300f66a.obj	.obj	22217	2026-08-26T12:53:03.2961147+09:00	c9042bc9866c588e0eb9ef25e2cd3261897c628483be82d27d8943760c98e637
D:\KiwiAvatarSystem\Library\BurstCache\Windows-Intel\Hashes\Objects\3faa0a8b7fe48cac237841a1464dcc0b.obj	.obj	2470	2026-08-14T21:22:20.7132852+09:00	fd4e517686f41462a3f774b8a0770324731d7a7eebfdc11c5e99990be2687cef
D:\KiwiAvatarSystem\Library\BurstCache\Windows-Intel\Hashes\Objects\40a8013508e4fec4e94ca395bfc01410.obj	.obj	3951	2026-08-14T21:22:20.8785269+09:00	daca3adcc89fad485a0aacf3dfd508dd0e2af7cce617fe443fbe8e297e6f279b
D:\KiwiAvatarSystem\Library\BurstCache\Windows-Intel\Hashes\Objects\41396a414e85ba17b64c910b55d1b96f.obj	.obj	9710	2026-08-26T12:53:06.9244030+09:00	c9218a643d450343cf15a072c9c193f30351679bcde8702eeae35d9603b00390
D:\KiwiAvatarSystem\Library\BurstCache\Windows-Intel\Hashes\Objects\4141b9c081dd53c78b7592517e3ccf75.obj	.obj	8517	2026-08-26T12:53:04.0380950+09:00	398a6a2543a620b260785ac33511de6056c78d8a2e12a99884ab5726ff1e206a
D:\KiwiAvatarSystem\Library\BurstCache\Windows-Intel\Hashes\Objects\421de967e6346eba2971a442ea85f5ae.obj	.obj	18588	2026-08-26T12:53:06.5027329+09:00	7ff0bea36466f3acdfb95e87c7c4d48c6c049fc87e9854d82e1a59e8ffa133bd
D:\KiwiAvatarSystem\Library\BurstCache\Windows-Intel\Hashes\Objects\4265cbee1cd737f01ec78f3a483f1fbc.obj	.obj	4873	2026-08-14T21:22:20.8433482+09:00	63bc994923c170384322b6370cf59e4d3de955f79a7b009a18c496e2404a8be1
D:\KiwiAvatarSystem\Library\BurstCache\Windows-Intel\Hashes\Objects\428501f6437757b78d648cd08f9b316b.obj	.obj	7063	2026-08-26T12:53:03.8448786+09:00	4ab82893670fe4fb5bb60d1eeff08573152b1fbbc7d2873c3a4f4373efde1a04
D:\KiwiAvatarSystem\Library\BurstCache\Windows-Intel\Hashes\Objects\42a97cce69663488537db9e2cfabe8df.obj	.obj	2101	2026-08-14T21:22:20.1009640+09:00	da6e7eb34a46d32551f59a63db207f0f0cdc0f17552bbb16946445e977953598
D:\KiwiAvatarSystem\Library\BurstCache\Windows-Intel\Hashes\Objects\431df6fa0bf864460a1fda381f286780.obj	.obj	6667	2026-08-26T12:53:04.4365301+09:00	dca4863e29c3684eb32a44ad44fb0f053212c6f0d32bbc715e3feeeaf6eabd37
D:\KiwiAvatarSystem\Library\BurstCache\Windows-Intel\Hashes\Objects\43273a4cc68fd3369a30076eac9ff666.obj	.obj	11072	2026-08-26T12:53:06.6218611+09:00	0791aae3decb3ab26854a387a0f4f57531781a0d50a43f9a810a523c9343a22b
D:\KiwiAvatarSystem\Library\BurstCache\Windows-Intel\Hashes\Objects\4405b6f96ba67e8f535a21712f4c6e84.obj	.obj	1869	2026-08-14T21:22:21.9058175+09:00	910c27d2ec76256af36d6f8f50e0c9dafd9267dbdb7d36c800e8db6af9133125
D:\KiwiAvatarSystem\Library\BurstCache\Windows-Intel\Hashes\Objects\445b1c3284adfce8ad5a7450eafae532.obj	.obj	6836	2026-08-26T12:53:03.5349813+09:00	aed6896a907a1ce8d242de99930a1039ada7c1bd8eeea874115faa6a8ea76fa2
D:\KiwiAvatarSystem\Library\BurstCache\Windows-Intel\Hashes\Objects\447184793d7e2283a9ff805fa41f1de9.obj	.obj	5371	2026-08-14T21:22:21.9184438+09:00	83ce6b2f98b6b5ad06b14ae0ef8d8cff08b6914693b1dc213cf1b3ae3a03e588
D:\KiwiAvatarSystem\Library\BurstCache\Windows-Intel\Hashes\Objects\44f79f5716b55a3a9e904fb9a55bfefd.obj	.obj	5638	2026-08-14T21:22:21.1889719+09:00	aa35c0e7c4121142882dce37f3e20b6e91ec705345cfdac03a061b23ac741720
D:\KiwiAvatarSystem\Library\BurstCache\Windows-Intel\Hashes\Objects\455b5138f76d7e27c0cd0e5911e96098.obj	.obj	6731	2026-08-14T21:22:20.9492855+09:00	964935a7971c7a77f35fe521500a2ac65702d1c9abb5b4d0b203155310002676
D:\KiwiAvatarSystem\Library\BurstCache\Windows-Intel\Hashes\Objects\457191f0473781e0091ca1a9172703ea.obj	.obj	7095	2026-08-26T12:53:02.7931900+09:00	bbf65420937a7bc267952e50212351129f8e94020ebab404f69d804be6f9532f
D:\KiwiAvatarSystem\Library\BurstCache\Windows-Intel\Hashes\Objects\4599a3f5fd2c144d57643f40001e7f34.obj	.obj	14352	2026-08-26T12:53:03.7212079+09:00	159dffe0e3e43460b8d505ed289303457070ca6891e6cf1e5f48b7239b17de6f
D:\KiwiAvatarSystem\Library\BurstCache\Windows-Intel\Hashes\Objects\45de53d58d98f83603dc8b0a3ff72532.obj	.obj	6616	2026-08-14T21:22:20.8845766+09:00	dd7af66c784282a536472298e34de4f4ab236877dbe50b69c55a533f4cdee144
D:\KiwiAvatarSystem\Library\BurstCache\Windows-Intel\Hashes\Objects\45f281a49a82463b35c266a49778ba31.obj	.obj	11121	2026-08-26T12:53:07.7743403+09:00	22acd225815a558e801bb6fda245dcc279ee08c0aad730b40fdca2c87d375790
D:\KiwiAvatarSystem\Library\BurstCache\Windows-Intel\Hashes\Objects\461a85dfddf6800987f2d5008bc3cdb9.obj	.obj	8424	2026-08-26T12:53:07.3570645+09:00	c61c2d9f6f327803fb41044f304202b935f410c48617cdf069ae2cc83edc42ce
D:\KiwiAvatarSystem\Library\BurstCache\Windows-Intel\Hashes\Objects\464a76a69aad46415ec5362546f0d3fc.obj	.obj	13197	2026-08-14T21:22:22.3163099+09:00	e1ff1cd6e01b0da12108a2192bd22a052b1ecc976cb6682fac783f5d85771b23
D:\KiwiAvatarSystem\Library\BurstCache\Windows-Intel\Hashes\Objects\466dae060dffd34e406f9ba37efe453a.obj	.obj	2117	2026-08-14T21:22:21.2213302+09:00	e77588b810934b70b957f23b7ee88a359feb169e24bf685889e148b37f2c03c7
D:\KiwiAvatarSystem\Library\BurstCache\Windows-Intel\Hashes\Objects\4678a6c21fa5cda87cebd229e7742387.obj	.obj	7117	2026-08-26T12:53:04.0110665+09:00	6cc7cad6ff38396fe20c119c1c9b54d0fafc6fd1e65a9cf9a4d22ddd987f6678
D:\KiwiAvatarSystem\Library\BurstCache\Windows-Intel\Hashes\Objects\4797196f00411dc487b76ffe0c805fa7.obj	.obj	2616	2026-08-14T21:22:22.2162975+09:00	34b9a96cb40aeb0de55fece35d94a9572cfb7779acc076ed4a0266c24ce56035
D:\KiwiAvatarSystem\Library\BurstCache\Windows-Intel\Hashes\Objects\483c174f18ccc2147910c15f177fc104.obj	.obj	6898	2026-08-26T12:53:03.9295803+09:00	7fa6905438983884077f7a3dd9a4077357fa77f387202fc5fb23fa89bf07b387
D:\KiwiAvatarSystem\Library\BurstCache\Windows-Intel\Hashes\Objects\48a2445fe098aa261d57c89e038ff093.obj	.obj	16217	2026-08-26T12:53:07.4330586+09:00	9f4e783d6867b0eb087c01a8827e067d6cab2f015147b93b1ababa435f96484f
D:\KiwiAvatarSystem\Library\BurstCache\Windows-Intel\Hashes\Objects\48e975e676376663694c0ac5604e43ce.obj	.obj	5033	2026-08-26T12:53:01.0717812+09:00	51485bd63c6416019368b23ed0ba0e02b6cded0ce6c2dd67a899b882e0c4ea81
D:\KiwiAvatarSystem\Library\BurstCache\Windows-Intel\Hashes\Objects\492bf68da78574315225fea5195c318d.obj	.obj	7463	2026-08-26T12:53:02.7540688+09:00	2f0243a83ba7dd0f3b66aa7791a579fe91e56178a54ab49836fadeb6faf50a95
D:\KiwiAvatarSystem\Library\BurstCache\Windows-Intel\Hashes\Objects\4a669c3a34e1873163e19ca9fc2dd22c.obj	.obj	2748	2026-08-14T21:22:20.6300797+09:00	e48a87ae500d3651239747eb7d1c48f7b9d370ff3d8ccbaaf34aaf508e9876cb
D:\KiwiAvatarSystem\Library\BurstCache\Windows-Intel\Hashes\Objects\4a766a2c598716d4243866b89ee09b20.obj	.obj	1368	2026-08-14T21:22:22.4426912+09:00	5ff9381ce25262ab6dbe839974bded5845b56375829a34229ca24eb39a3464b3
D:\KiwiAvatarSystem\Library\BurstCache\Windows-Intel\Hashes\Objects\4a76cd54ff4d4e904ac0a777242be66e.obj	.obj	11139	2026-08-26T12:53:07.7613309+09:00	2672633e5eb684f3cc37fb7e36e7691ab5e8ccf455ae7e5f209c8d0dd4d6c0a5
D:\KiwiAvatarSystem\Library\BurstCache\Windows-Intel\Hashes\Objects\4ace1655814bb8cb7d8e63f0ab2273a1.obj	.obj	5861	2026-08-14T21:22:20.7429629+09:00	13d5fd13f45c7c68ef27e027d4c538042ebb248eaa349fcd4d7763511c324d7b
D:\KiwiAvatarSystem\Library\BurstCache\Windows-Intel\Hashes\Objects\4b306b842ae70b71426c9dfb02b6ff54.obj	.obj	6483	2026-08-26T12:53:03.6807323+09:00	c2f8992257775b1cd9d26e00f14a2863f8c0fbb3a48ab6e20fbf812c323df0f2
D:\KiwiAvatarSystem\Library\BurstCache\Windows-Intel\Hashes\Objects\4bb2f452f935bbcd99bd11505c6bb89f.obj	.obj	8246	2026-08-26T12:53:04.5443941+09:00	aec9e247d6579078449fe12f38c6e34e6f6e76dbce39a0a9038bcc686d4c0d6f
D:\KiwiAvatarSystem\Library\BurstCache\Windows-Intel\Hashes\Objects\4bd13b9537658914212daecc86564f45.obj	.obj	7205	2026-08-26T12:53:04.4672202+09:00	9e685311cda4ab7931ae8d226dbaa6c4ca9a0b4e77ba10ca75c9282a5fe0f71c
D:\KiwiAvatarSystem\Library\BurstCache\Windows-Intel\Hashes\Objects\4bdaadba0a4f34e9c4668ed99a99a3b7.obj	.obj	11377	2026-08-26T12:53:04.6716511+09:00	ab297345f6d237461daa55bb17a628c98b95bdc9dc01c5e333e15919a61c93e3
D:\KiwiAvatarSystem\Library\BurstCache\Windows-Intel\Hashes\Objects\4bec68c70462db84efb643e1d565f7f6.obj	.obj	15548	2026-08-26T12:53:07.3233208+09:00	7af4ec350595f0ac8fa5d91bd6a77caf01b39a3b191a1ecec514282f56c19370
D:\KiwiAvatarSystem\Library\BurstCache\Windows-Intel\Hashes\Objects\4c09bd9bfdfd8f76adddf0fb5e62faec.obj	.obj	11033	2026-08-26T12:53:07.5093980+09:00	2a40c78ed32d29e9f66216dfc5805386f4550c3f69212f84602905d8b53431ad
D:\KiwiAvatarSystem\Library\BurstCache\Windows-Intel\Hashes\Objects\4c7a73b24c80f94b94fb8196b9ef6302.obj	.obj	6806	2026-08-26T12:53:02.7651095+09:00	0545f05f68e7887037d47c821118d854c891d826f2cdcd2a8cdc264fffa1dbb9
D:\KiwiAvatarSystem\Library\BurstCache\Windows-Intel\Hashes\Objects\4ce81a7aa4dbb5e285a67a9a94fe3bf4.obj	.obj	2749	2026-08-14T21:22:21.5219482+09:00	b6f530507ca5f73dd9b59861f24cedf309c560b757c614515a3179f0de36ec97
D:\KiwiAvatarSystem\Library\BurstCache\Windows-Intel\Hashes\Objects\4d276c1649b62cb40a4c236918ed5625.obj	.obj	6911	2026-08-26T12:53:02.7946952+09:00	53e96e5e9bd8c815e26614983977b1cefe8627ba274347c0bfce489e6d157d08
D:\KiwiAvatarSystem\Library\BurstCache\Windows-Intel\Hashes\Objects\4d8ad6601235e8162a7d797cafc55150.obj	.obj	2055	2026-08-14T21:22:20.9007526+09:00	3876bc246457539e8e54e9af68719a05ee0e3a107dd473d1b55537bb7f5790a5
D:\KiwiAvatarSystem\Library\BurstCache\Windows-Intel\Hashes\Objects\4dd18296a8e307ecaed33c72b3cb4f65.obj	.obj	11517	2026-08-26T12:53:07.5373437+09:00	599ac22c970347c2a238197b5ba221b3ceb2d44e8c860f08456264e8aa95c34e
D:\KiwiAvatarSystem\Library\BurstCache\Windows-Intel\Hashes\Objects\4e1fd7eb54ad98f9a429b5c82fc7b341.obj	.obj	8312	2026-08-26T12:53:07.2849418+09:00	864f69d4c9792e3b0ee7d3e431f28f153a7cb767f7dd50ee2f4a94e594f70191
D:\KiwiAvatarSystem\Library\BurstCache\Windows-Intel\Hashes\Objects\4e4c6b04766c7d3e47df4d1fe989d052.obj	.obj	2226	2026-08-14T21:22:20.4683528+09:00	9c67312282e7a58db8317ba89bfd12d295a4b8331f0ecf6a52a8331d4c0c7508
D:\KiwiAvatarSystem\Library\BurstCache\Windows-Intel\Hashes\Objects\4e55cd59d100b4cf9ee386291b29670f.obj	.obj	1667	2026-08-14T21:22:20.0571847+09:00	60e4150ad7f35e5f6f2b41c60e26fdb955d3ecb90e5e38fd13d439d97ac17c86
D:\KiwiAvatarSystem\Library\BurstCache\Windows-Intel\Hashes\Objects\4e7a9ccf267b0825c8fc4cd65454dec1.obj	.obj	2486	2026-08-14T21:22:21.0034940+09:00	8da8ccbc80286e6263bb2bd361de907953584a770922615fa16d4e1145448fe7
D:\KiwiAvatarSystem\Library\BurstCache\Windows-Intel\Hashes\Objects\4ea03c3fd7a8a3ce5c5cd1617924f262.obj	.obj	8379	2026-08-26T12:53:06.8331875+09:00	556f82e8106de5344233d7e74a780ef12ad9e6ca3cbba7bb943c7cb4964eb7b3
D:\KiwiAvatarSystem\Library\BurstCache\Windows-Intel\Hashes\Objects\4ee2d9ff9d8d1c2947ce7036128b0c42.obj	.obj	1899	2026-08-14T21:22:20.7842288+09:00	9765843322c4c59ffba9c5e3130e1ff7ec328fc3a766421d1954614ab98a5887
D:\KiwiAvatarSystem\Library\BurstCache\Windows-Intel\Hashes\Objects\4effb66f8e459df7b1e80c3f7db10cdd.obj	.obj	8039	2026-08-26T12:53:05.7845006+09:00	ff354013ca9481ceb858f4b8cf29b65bc1399fd3eaaf7e6c710e660bb20f2c99
D:\KiwiAvatarSystem\Library\BurstCache\Windows-Intel\Hashes\Objects\4fe1827b0ed66a14f1dd157a23b1f92a.obj	.obj	19040	2026-08-26T12:53:03.1728227+09:00	812b39dde336ccf490d8c54c4cdc36a32ce94b7a022a60b8c2e5ebccb0eb5b4a
D:\KiwiAvatarSystem\Library\BurstCache\Windows-Intel\Hashes\Objects\4ff7f7098daa8b0187d04865d39b7b2d.obj	.obj	11173	2026-08-26T12:53:03.6726867+09:00	41ecd58074daa66f913cb469aad68896498ef10c31a5caac93d96a62c00d7139
D:\KiwiAvatarSystem\Library\BurstCache\Windows-Intel\Hashes\Objects\50078c1f6569df0734becc6b2e50816f.obj	.obj	10787	2026-08-26T12:53:04.2098407+09:00	554e5842a05b18370cb17582b8538867e72dcc91b9d878418aa567639b798ab1
D:\KiwiAvatarSystem\Library\BurstCache\Windows-Intel\Hashes\Objects\50a5154f4bae7a50fae698e520e55fb1.obj	.obj	13324	2026-08-14T21:22:22.4846208+09:00	d11ff10770160dde4c4449f9e5d8c682d795d51b020fc0815d3badede9c5c099
D:\KiwiAvatarSystem\Library\BurstCache\Windows-Intel\Hashes\Objects\50ad1da3bbf9a6d515b426e6edbfa702.obj	.obj	9156	2026-08-26T12:53:05.7039291+09:00	7be89d29bee909cc2b3dfcd96b074adfb7d284015402557ba79c4ad47de488bc
D:\KiwiAvatarSystem\Library\BurstCache\Windows-Intel\Hashes\Objects\50da852c41eadfae3eff86aa81101659.obj	.obj	2447	2026-08-14T21:22:19.1505009+09:00	4cf136fbac91f710a7890594d31555f85ce1f71e93a08872503bcc29bd479457
D:\KiwiAvatarSystem\Library\BurstCache\Windows-Intel\Hashes\Objects\510b4c10aba193d883fb18d0df637894.obj	.obj	6146	2026-08-26T12:53:08.1485704+09:00	aa3ff75a7ed9366e00582bdf6fdce933774f5f7083d33cefa819c19846da0574
D:\KiwiAvatarSystem\Library\BurstCache\Windows-Intel\Hashes\Objects\514410e27eede7542f323ddb0e4b1f68.obj	.obj	2912	2026-08-14T21:22:21.8831711+09:00	c20228d1a030c60ec5d52fddda90a4200a0f5116269c19b251e03a50ae88898a
D:\KiwiAvatarSystem\Library\BurstCache\Windows-Intel\Hashes\Objects\515ff750a65a28e421e7ae83c73463d1.obj	.obj	2185	2026-08-14T21:22:22.4323462+09:00	28d97fa4cbe93264f8b7dd79ecc9f763a33dadda45860cca9abddf81076dead3
D:\KiwiAvatarSystem\Library\BurstCache\Windows-Intel\Hashes\Objects\5166bd6a9de463ea7549085131d151da.obj	.obj	10425	2026-08-26T12:53:02.9828284+09:00	679ebea3231417d7ae2b458bac2a9a899e3199282738a57906d521feda264576
D:\KiwiAvatarSystem\Library\BurstCache\Windows-Intel\Hashes\Objects\5176028d2bb40e3d3d8322e854a2ecf4.obj	.obj	9149	2026-08-26T12:53:06.7114975+09:00	09d7e13ca90dd7c391acdd7aa663b350e04dad87d641e03cc84cfc9bbd4d71c5
D:\KiwiAvatarSystem\Library\BurstCache\Windows-Intel\Hashes\Objects\51bd3587cc04d998df221e49a7866e6f.obj	.obj	2096	2026-08-14T21:22:20.6191251+09:00	19f64af12d393c61b807be11489679a3e0a8c3ffd91f89bb3f092ef5047b689a
D:\KiwiAvatarSystem\Library\BurstCache\Windows-Intel\Hashes\Objects\52063afe985d96c6a7c29ace9bd9058c.obj	.obj	11689	2026-08-26T12:53:06.8665993+09:00	f428418b81dbdc53bcbfb83031507181b2d7d0ab67f7265db02d754c0a882949
D:\KiwiAvatarSystem\Library\BurstCache\Windows-Intel\Hashes\Objects\5225fbce17086045626f2416e6c4663c.obj	.obj	2918	2026-08-14T21:22:21.5758760+09:00	75e0974ad7963392bcec071c976b0451ea733b8d4cf4adc5cfca7c61581c175f
D:\KiwiAvatarSystem\Library\BurstCache\Windows-Intel\Hashes\Objects\524c4608d35bd8d80de90743be2d497e.obj	.obj	2912	2026-08-14T21:22:21.7015444+09:00	7c6cd6399b6c8659bf3a0afc084c06f0b40aa3e6140f465897153ccbdc4329ad
D:\KiwiAvatarSystem\Library\BurstCache\Windows-Intel\Hashes\Objects\525805cab264da5347f38e657845e7d0.obj	.obj	8954	2026-08-26T12:53:05.9245331+09:00	2d9331765f5e68a2d17963cddcfb9d5807e7c45c0bb458220df888680f1a1872
D:\KiwiAvatarSystem\Library\BurstCache\Windows-Intel\Hashes\Objects\526b8385d4974c48c7853008848e73cd.obj	.obj	8923	2026-08-26T12:53:06.3557383+09:00	a05c18b5bd3e06feacb0beb3bd1f58e9b70d2d802b45cdba7606bdd9c43713a2
D:\KiwiAvatarSystem\Library\BurstCache\Windows-Intel\Hashes\Objects\5288d2e868ccc46eb0ca00b027f2abad.obj	.obj	2105	2026-08-14T21:22:21.3693215+09:00	f5491e66d995a4a4761d31ee7f68704c9dbb5fc9809deaa127382857dadae44a
D:\KiwiAvatarSystem\Library\BurstCache\Windows-Intel\Hashes\Objects\53339d30643c92e6f673f05edd2d06e9.obj	.obj	7578	2026-08-26T12:53:06.8852694+09:00	776fa3db789dce3357c6a66058f7d8ff11c7d84752583db7117a580f2a21a53f
D:\KiwiAvatarSystem\Library\BurstCache\Windows-Intel\Hashes\Objects\534dcb1369dc2bf766c7a542fad17d6f.obj	.obj	9034	2026-08-26T12:53:08.0828088+09:00	dba26672ba179d1e1d67833016184197dce2515dc30ee2cc172285809b275c3c
D:\KiwiAvatarSystem\Library\BurstCache\Windows-Intel\Hashes\Objects\53751e0c324cdbbe41b11475602d5f55.obj	.obj	11286	2026-08-26T12:53:07.7970755+09:00	1bd4d3c4e488135980e11d896fa942b9c7e6027e880eee768b2a4e39ee3c3300
D:\KiwiAvatarSystem\Library\BurstCache\Windows-Intel\Hashes\Objects\53ab9ba24c5d1e97fc7f49216d6088fc.obj	.obj	22025	2026-08-26T12:53:06.4666237+09:00	64aff3854feb1c1a40754a7b8adbe13b9dc37807534ca57bcb8bd9e975773018
D:\KiwiAvatarSystem\Library\BurstCache\Windows-Intel\Hashes\Objects\53af0424696a049b4ea2c3d7e6b8ba36.obj	.obj	2177	2026-08-14T21:22:20.9688620+09:00	5d12dc3edd4d998ebd3f30d92cd9eea4a9c0783b6c6e4ca8f29537541444c1e2
D:\KiwiAvatarSystem\Library\BurstCache\Windows-Intel\Hashes\Objects\5409144af92ff16fb0fc96752f2462e0.obj	.obj	6814	2026-08-26T12:53:04.6460806+09:00	89f7d7cbf1224c2afe12bd46e0d9b4006cf486cecb74a12a3b2b02d8f969084b
D:\KiwiAvatarSystem\Library\BurstCache\Windows-Intel\Hashes\Objects\540ff1f206576156187a70ffa43145df.obj	.obj	19502	2026-08-26T12:53:08.2633183+09:00	8f4fb3529ac733ddd41878ef408472303563e30f7bdfa1e9090db20228f9ec60
D:\KiwiAvatarSystem\Library\BurstCache\Windows-Intel\Hashes\Objects\5438640f7a8ceff947c709ff8c3e8082.obj	.obj	2913	2026-08-14T21:22:21.9508660+09:00	49058ddf7c7e248ff0c19df9ec6753d84fa47c435e985df4cdac3b718543c3e7
D:\KiwiAvatarSystem\Library\BurstCache\Windows-Intel\Hashes\Objects\546e4d94525994a0f8403618ca7aa687.obj	.obj	2701	2026-08-14T21:22:22.5718728+09:00	6105e5c7fb3350b6dad97a068c37a827585a4201854f081942997ca4c2a67b43
D:\KiwiAvatarSystem\Library\BurstCache\Windows-Intel\Hashes\Objects\5495634c8da22925953884821ee740a2.obj	.obj	1641	2026-08-14T21:22:21.5623257+09:00	37e93b9f4a186052ef33931555e658c8bf01f82a2f8d5acb2d3be1e6aa3b056e
D:\KiwiAvatarSystem\Library\BurstCache\Windows-Intel\Hashes\Objects\54e626e0c3401b53100baf0288b391e9.obj	.obj	93166	2026-08-26T12:53:08.0389288+09:00	2f65866e268fd5792cfe143f015ed4b4dd1511cb390f3db7b2d589d7a023f1a8
D:\KiwiAvatarSystem\Library\BurstCache\Windows-Intel\Hashes\Objects\54efadb8ca407a9efcb88974c844fa2a.obj	.obj	9398	2026-08-26T12:53:04.4752815+09:00	90d686c93a3d5ba7c18e8ea66451de0d3e91e8fc9062ad4bc2cf06f3739166f6
D:\KiwiAvatarSystem\Library\BurstCache\Windows-Intel\Hashes\Objects\54f0cede831d333be897675bc5bf5d58.obj	.obj	2253	2026-08-14T21:22:22.6132462+09:00	377a7dafcb29b08a6b3ae33ee173ee20ec5c6d556995ffa25bbea9f557bda305
D:\KiwiAvatarSystem\Library\BurstCache\Windows-Intel\Hashes\Objects\550169eb5e1980d0f5001b97ad0fa88a.obj	.obj	1384	2026-08-14T21:22:22.4426912+09:00	4e86e155cec30aa05e18fd81e04d64d9b70e1b3b510c45c9ff5beb000c27b8b4
D:\KiwiAvatarSystem\Library\BurstCache\Windows-Intel\Hashes\Objects\550e9f4c2e51b7eedb0026c60adc566d.obj	.obj	18031	2026-08-14T21:22:20.5563136+09:00	251bf27a942421ed7d92431a3409ebeaa4265ab5a4de23e4a62425f23be05988
D:\KiwiAvatarSystem\Library\BurstCache\Windows-Intel\Hashes\Objects\555a83192f0aadc7991bd815d2ef7e3e.obj	.obj	20340	2026-08-26T12:53:03.3233574+09:00	13e5f044e9c5a9011f97bca9ff85dcb0c6e437c6c996fc32288c8595077618b7
D:\KiwiAvatarSystem\Library\BurstCache\Windows-Intel\Hashes\Objects\55848e6ed59489bf4f581db3ec52873f.obj	.obj	12088	2026-08-26T12:53:06.9014445+09:00	385674786d2a5bd3e11aae559166fb38b405be426f84f4c5a1695421dbc28bf8
D:\KiwiAvatarSystem\Library\BurstCache\Windows-Intel\Hashes\Objects\55879f61b3fc62337204494eee9afeaa.obj	.obj	2541	2026-08-14T21:22:20.6981963+09:00	5117911654935feff4cb9d2f8f0da853eb09eb5cd4f1c290e237216e30a25fee
D:\KiwiAvatarSystem\Library\BurstCache\Windows-Intel\Hashes\Objects\55b7ffb632837860e9c044529bacb13f.obj	.obj	4947	2026-08-14T21:22:20.9462782+09:00	8b61600de35422344c16e7c70e6d7e42b72ed40aea5a29d4361ff3603a049c63
D:\KiwiAvatarSystem\Library\BurstCache\Windows-Intel\Hashes\Objects\55be7851d9b44a89e7309bc1b3015047.obj	.obj	19850	2026-08-26T12:53:07.6837138+09:00	9452faba6f5acfa817ff875d4416ca659a8977480a647312e377dce915fa2267
D:\KiwiAvatarSystem\Library\BurstCache\Windows-Intel\Hashes\Objects\55dc6741882c6a9fe2cac085a9617e7f.obj	.obj	21531	2026-08-14T21:22:20.4729828+09:00	4710abc838d83a81913a5f462036ecf067df9a69a0300ffa5f7f38039687ef03
D:\KiwiAvatarSystem\Library\BurstCache\Windows-Intel\Hashes\Objects\5600e59303abb37321b831e122de71f5.obj	.obj	2340	2026-08-14T21:22:21.1176006+09:00	7c6e81ab231f044f6b8f4ce5479870b5784f24b78f6e670ad12a0d55fb7a1dc1
D:\KiwiAvatarSystem\Library\BurstCache\Windows-Intel\Hashes\Objects\5632ae8d89404531c00c920d22a0606e.obj	.obj	1997	2026-08-14T21:22:20.5849705+09:00	04841509691de797e2b23b11e8ea1f7420aaaf3237fcb8447dc5f7984c7984ab
D:\KiwiAvatarSystem\Library\BurstCache\Windows-Intel\Hashes\Objects\5669129c9d22b3926604ae03521ac799.obj	.obj	2634	2026-08-14T21:22:20.2537121+09:00	e3cf8c46daff6c08265c339829850333c3c9757a53bc8c245cdafa9f0576cdcf
D:\KiwiAvatarSystem\Library\BurstCache\Windows-Intel\Hashes\Objects\56a29703b741d89cc54eb094f65dec97.obj	.obj	2277	2026-08-14T21:22:20.9882513+09:00	7c8a591d2a5bac2512c8b0d79dda1554d557b8bf9c1fc3bb6331b076e73a81c0
D:\KiwiAvatarSystem\Library\BurstCache\Windows-Intel\Hashes\Objects\56b0b4d7fd4260d442424bb8962f3cba.obj	.obj	1685	2026-08-14T21:22:20.8594408+09:00	c6027f4ea70fca273e778f9a607cf0a0cf0993f0301bf723037ef5d24ac42fad
D:\KiwiAvatarSystem\Library\BurstCache\Windows-Intel\Hashes\Objects\570f0a290db033a286772cd0258543a1.obj	.obj	11781	2026-08-26T12:53:06.7789518+09:00	8281cc1b2cc529b704c02664a92c225dcd80ca3635f263261a9281fe01aa6a17
D:\KiwiAvatarSystem\Library\BurstCache\Windows-Intel\Hashes\Objects\5740ca4ac9e98a4080da6671a8b7291c.obj	.obj	8318	2026-08-26T12:53:04.2891804+09:00	85e5bd02eac922372178d8bf47c5689809b409c1a287a92463a1245c6baf652f
D:\KiwiAvatarSystem\Library\BurstCache\Windows-Intel\Hashes\Objects\579f7aac93d3acffc45def0d89d33143.obj	.obj	13324	2026-08-14T21:22:21.6541072+09:00	d712760a3c878073e708d6943f909a133d7e53ed1f5b6300df1f60a9747f1288
D:\KiwiAvatarSystem\Library\BurstCache\Windows-Intel\Hashes\Objects\57ce1c4835482e3e040a4d8c06791265.obj	.obj	12717	2026-08-14T21:22:20.3893038+09:00	ea3068c64cb3c0ae44b6a0b20ccac541784291e6a48e161ffd81ad602dbfa314
D:\KiwiAvatarSystem\Library\BurstCache\Windows-Intel\Hashes\Objects\57ea66345125c4bae897ebd811bf8f42.obj	.obj	9805	2026-08-26T12:53:04.3309917+09:00	934e0b98f285dbc0f6d11a52914d7fb0a7e59f08990f9ffe6fe17fd144cbd5c3
D:\KiwiAvatarSystem\Library\BurstCache\Windows-Intel\Hashes\Objects\5871ad77282e9bac36b8c4a19fb794e9.obj	.obj	8467	2026-08-14T21:22:21.2557931+09:00	c3c0dc885aa63d87b7df04ea2070f4ca2c5fc472ccc1db11013f320a6ba00e42
D:\KiwiAvatarSystem\Library\BurstCache\Windows-Intel\Hashes\Objects\588d8a02df0c8257605277e5ff3dbbea.obj	.obj	2616	2026-08-14T21:22:21.7734338+09:00	8fa5620daf9c35b20b9c69909594e0e007e5e4666173af30884990c9a203de88
D:\KiwiAvatarSystem\Library\BurstCache\Windows-Intel\Hashes\Objects\58987a8f86208ba13608c0faad42048a.obj	.obj	7239	2026-08-26T12:53:02.9537848+09:00	3e1a6b1e7fd28cf4e5893186ffc569461dbb0b0fb26a87098ad94c0d1913ca51
D:\KiwiAvatarSystem\Library\BurstCache\Windows-Intel\Hashes\Objects\58cec71251274d20796f6c7f4cdd8e40.obj	.obj	11626	2026-08-26T12:53:06.9953233+09:00	beab132a4322010f129b6f1ab4aa5abe3fa3fe2bfdb147503c6be302597581f1
D:\KiwiAvatarSystem\Library\BurstCache\Windows-Intel\Hashes\Objects\58d4a13b96528c394d147c0b07ff03ca.obj	.obj	1240	2026-08-14T21:22:21.3889464+09:00	be230f739876ee2d5efbe38de40e6d1cb9a85dcead3c6b4e2e1eb4cab4762cca
D:\KiwiAvatarSystem\Library\BurstCache\Windows-Intel\Hashes\Objects\593ece64446772e10f23a6e5fb5de40a.obj	.obj	11631	2026-08-26T12:53:06.5509703+09:00	97f762dd63c908a3b276e4cfe8571d613068c4d5bdcc87702e3db14bb7d1a011
D:\KiwiAvatarSystem\Library\BurstCache\Windows-Intel\Hashes\Objects\59ad9e6ea1b936b27c01c5665723a5df.obj	.obj	8870	2026-08-26T12:53:04.6414392+09:00	10b9f531aba5592ed9cb3860c393ec993a0772ea29b86e4c976eb6fdd025c9d1
D:\KiwiAvatarSystem\Library\BurstCache\Windows-Intel\Hashes\Objects\5a0d390dfff4ccc3cabb154deaa071ec.obj	.obj	2049	2026-08-14T21:22:20.1834520+09:00	dc722e4950f44f828b9d2340b39ddf494e148d6e2cde947e07976732f36c60b1
D:\KiwiAvatarSystem\Library\BurstCache\Windows-Intel\Hashes\Objects\5c5695879eadc8b97dab68c598821034.obj	.obj	8524	2026-08-14T21:22:20.5673961+09:00	2a0ec93ce641632b1247675a4dedd637bcd8db8b9f209ce5cfd261154097d26a
D:\KiwiAvatarSystem\Library\BurstCache\Windows-Intel\Hashes\Objects\5c9f5fa78a20e38fe384b362133cdbc1.obj	.obj	6268	2026-08-26T12:53:04.1648885+09:00	f253346188471b9834307d686efe77e3bffd65ef2169afd81335f6f9bd5b861b
D:\KiwiAvatarSystem\Library\BurstCache\Windows-Intel\Hashes\Objects\5ccf42d8c4db17a7c8cf51bc5a491d32.obj	.obj	1882	2026-08-14T21:22:20.6351083+09:00	199095ea4cb214b285ebecc36cae8e8e8ce56fd3048c3a08b6995b081548f549
D:\KiwiAvatarSystem\Library\BurstCache\Windows-Intel\Hashes\Objects\5ce1f8b67557d7f9b8ffbfa9b675fbdc.obj	.obj	7166	2026-08-26T12:53:04.6348930+09:00	536b850d91d17c540c16dc02e5baa380897b25ca63d9f46b75a55661a73ec4a7
D:\KiwiAvatarSystem\Library\BurstCache\Windows-Intel\Hashes\Objects\5d0067511bd66a0a9ee8b1e5b244f234.obj	.obj	1976	2026-08-14T21:22:20.4852453+09:00	456916487e70b57850c71ddf4ed8b7534928d1def0fbf04b246500e8d1049042
D:\KiwiAvatarSystem\Library\BurstCache\Windows-Intel\Hashes\Objects\5d0261bbfd8efa279d571788afcd1aab.obj	.obj	7482	2026-08-14T21:22:20.1501715+09:00	1a8756fbe1a3ed3051dff6f30c48e4a540d8ef248bece0619a4e6e1c738c8212
D:\KiwiAvatarSystem\Library\BurstCache\Windows-Intel\Hashes\Objects\5d2ed86807604d14eb5c3905d4303ce1.obj	.obj	20909	2026-08-14T21:22:20.4521715+09:00	baf978156cf671b39576a6a15482c5b45ff60294184a309f3228b1eeb2d04fd1
D:\KiwiAvatarSystem\Library\BurstCache\Windows-Intel\Hashes\Objects\5d7f4e7f056a8c6dd8107c01e1875fcb.obj	.obj	22016	2026-08-26T12:53:07.1023712+09:00	773606f850a5a151c111077ba489a7a949e8738b90eed6e794bc4c35fc61608e
D:\KiwiAvatarSystem\Library\BurstCache\Windows-Intel\Hashes\Objects\5e06ccac23b16270dcbb756ea8bcc633.obj	.obj	3853	2026-08-14T21:22:21.5623257+09:00	928c7f887c95515cc22bf6c04a381d7a6867b5ff6b03e23ba732ef7c3d540eea
D:\KiwiAvatarSystem\Library\BurstCache\Windows-Intel\Hashes\Objects\5e6e2bc5b97a3762ed139dba523953b9.obj	.obj	4043	2026-08-14T21:22:22.1729542+09:00	5e84e3b9fca0c14b3a738e10dcfb148e55d02562b1993ef8235109ca630d4cfd
D:\KiwiAvatarSystem\Library\BurstCache\Windows-Intel\Hashes\Objects\5ee5ceb160b0a18feb40485ad6bf110f.obj	.obj	5442	2026-08-14T21:22:20.9421928+09:00	4be5ce78e43676943fe97359342293f5f37b4c919b3a10c6dc704cb6367c33cb
D:\KiwiAvatarSystem\Library\BurstCache\Windows-Intel\Hashes\Objects\5f8ff963f303bf8f8c1a9bcfac194a92.obj	.obj	5266	2026-08-26T12:53:06.9627025+09:00	72810fb60e7ab8af4bae91f2e02faff91bf58f0116af2caeb0e610233a6fa046
D:\KiwiAvatarSystem\Library\BurstCache\Windows-Intel\Hashes\Objects\5fab73ff78f7927a37a8937fe6ebf095.obj	.obj	2379	2026-08-14T21:22:21.6592525+09:00	bb89d80b8fbcbe0909e810410a6a7e78bd2aca1c394aace0c3320fa82939d463
D:\KiwiAvatarSystem\Library\BurstCache\Windows-Intel\Hashes\Objects\5fb2ac61f60f7f1358a426c61137a373.obj	.obj	1699	2026-08-14T21:22:21.9800660+09:00	f9ce8bd3db92b7e52201c22778ddc58043470370394943a9a580737fac2a0ef4
D:\KiwiAvatarSystem\Library\BurstCache\Windows-Intel\Hashes\Objects\5fbd5008a16e5af0f0cf053a643275f5.obj	.obj	12184	2026-08-26T12:53:03.9971054+09:00	dffbe06681fef2d81e77ce0a8561216d66321f13acf9227a5cc65aad3e71e0a5
D:\KiwiAvatarSystem\Library\BurstCache\Windows-Intel\Hashes\Objects\60b9419e96ecaf7d8a0f3646a59df102.obj	.obj	7443	2026-08-26T12:53:07.3233208+09:00	9d5daaae89497e0e160db12bde12743083722451cdd93373a822538f58c4f2c9
D:\KiwiAvatarSystem\Library\BurstCache\Windows-Intel\Hashes\Objects\61ac0d07e038a18d595dfad204fd4b19.obj	.obj	9801	2026-08-26T12:53:03.2043273+09:00	ff1e08a61d722a48974cae7fa8b897e9dd65503a98286a13c717e9f29a3b16c6
D:\KiwiAvatarSystem\Library\BurstCache\Windows-Intel\Hashes\Objects\61ba42b6a9e4f4996b62e6f79b44eb40.obj	.obj	1651	2026-08-14T21:22:20.5210177+09:00	4b8abef878186d365a8ff350cb3a897d5824848e088b18793d8e93a6bb1d79f1
D:\KiwiAvatarSystem\Library\BurstCache\Windows-Intel\Hashes\Objects\620e86783f94fd847241c29c7c1c8aaa.obj	.obj	8303	2026-08-26T12:53:04.2716820+09:00	49789d903a22443af366c5acec7946252a9a59138c869ae4837175005a668c7e
D:\KiwiAvatarSystem\Library\BurstCache\Windows-Intel\Hashes\Objects\623ad5a81cb78e27a833a7e4f6723796.obj	.obj	1687	2026-08-14T21:22:20.7318925+09:00	f6e670cf9444a38c7d9c405ab9a9a3d6a573b638d90193aeae6c46e68b3fa1cd
D:\KiwiAvatarSystem\Library\BurstCache\Windows-Intel\Hashes\Objects\62458134eef3b82d93f10812fd15d91c.obj	.obj	3167	2026-08-14T21:22:20.6285744+09:00	f5f67a46192db2615157cdaf39b9cb4b018c12feb5c4500e640562cd09075671
D:\KiwiAvatarSystem\Library\BurstCache\Windows-Intel\Hashes\Objects\62ecf1ea93cbda4401e541223065aa41.obj	.obj	94491	2026-08-26T12:53:08.0603432+09:00	6d329674260476a3f6aa887b62ce1424673d796d58432c3f34b7b21a2c6f5d99
D:\KiwiAvatarSystem\Library\BurstCache\Windows-Intel\Hashes\Objects\62f54524076074c5396d8f89be10447c.obj	.obj	7290	2026-08-26T12:53:03.7652493+09:00	b4a508e8a8e1815838de1d18a5147d5a8c17f119ece84e944c0c534962ccbf8f
D:\KiwiAvatarSystem\Library\BurstCache\Windows-Intel\Hashes\Objects\6352389d4a6310cb594e29b0ac0a3c22.obj	.obj	10685	2026-08-26T12:53:08.3468197+09:00	2714df906144f50ae20a6b6131ce0db10a4364a3e73103553de53ce801e1343e
D:\KiwiAvatarSystem\Library\BurstCache\Windows-Intel\Hashes\Objects\636ec82a2b8364df56384c1624f33c7c.obj	.obj	19532	2026-08-26T12:53:08.3087329+09:00	e43b4eb9ef57e854ac5420795fe00874422d35471f1818b33d5e5e75012c067c
D:\KiwiAvatarSystem\Library\BurstCache\Windows-Intel\Hashes\Objects\6380aa7ccc98563aa7d5c0bc84d3391e.obj	.obj	2085	2026-08-14T21:22:20.9128819+09:00	05ea8577760e21633f4bb54c03964f350294287adaaccf8a2f666e0649412e05
D:\KiwiAvatarSystem\Library\BurstCache\Windows-Intel\Hashes\Objects\639631b87f947e6a64a1a8ed218be3a1.obj	.obj	6328	2026-08-14T21:22:20.1935371+09:00	39873d4ab7db63f7619a82520434a6f4e24eaf0c9724012d48493e2ab334cd20
D:\KiwiAvatarSystem\Library\BurstCache\Windows-Intel\Hashes\Objects\639658e14df44c76cbae0f04de3b729d.obj	.obj	3243	2026-08-14T21:22:22.1504854+09:00	0b8d0f73396336d62b9bf492535ca271d89c7237582a8d86d970b114c609a6dc
D:\KiwiAvatarSystem\Library\BurstCache\Windows-Intel\Hashes\Objects\63f4489441929742e1236e8bd43c1eb2.obj	.obj	10219	2026-08-26T12:53:05.7205564+09:00	53cf8fa9560d48e06ed8c95483761d77aab0d165961410bc395f55ffdb34e937
D:\KiwiAvatarSystem\Library\BurstCache\Windows-Intel\Hashes\Objects\65128b2ed8072a2a86681eddfe41365d.obj	.obj	9175	2026-08-26T12:53:07.1204251+09:00	85c47a186e73a036aa9bffb7832ae81c89ba32c4c1db981b60cb07cca099d1e2
D:\KiwiAvatarSystem\Library\BurstCache\Windows-Intel\Hashes\Objects\651f61de6e2a8b193e994b3115985cbd.obj	.obj	11526	2026-08-26T12:53:06.8346932+09:00	da63a22e40e593f168500a4541986284301da5051b509ae9dce5739274fd81f1
D:\KiwiAvatarSystem\Library\BurstCache\Windows-Intel\Hashes\Objects\65781ff66a229e90f5d2fd4e2e2fd404.obj	.obj	6499	2026-08-26T12:53:03.6361571+09:00	1d725a8cf200ebce18e117410ecb0db0ad0dde859d2e74f58af046f6303c49dc
D:\KiwiAvatarSystem\Library\BurstCache\Windows-Intel\Hashes\Objects\65abb991ae711d37a1723cdc878962b7.obj	.obj	10479	2026-08-26T12:53:04.1377384+09:00	882e0ac7c9b53f8ba3c85f6ccfed747ef5d59d176a67055eb0345068140f3a58
D:\KiwiAvatarSystem\Library\BurstCache\Windows-Intel\Hashes\Objects\65aeadca5139f9a06cf9a4ebd1d11033.obj	.obj	14118	2026-08-14T21:22:20.2799302+09:00	2d60cac5ae2183ebbb9f0d3708b5d9c5c6784174b85708d4de857ed328cc740c
D:\KiwiAvatarSystem\Library\BurstCache\Windows-Intel\Hashes\Objects\65bce885c74919a47bbf42409ff73607.obj	.obj	3137	2026-08-14T21:22:22.0840025+09:00	738f98812fe691b7f98ddd036fc83352d3011b47ecc8dc0efb37e73dea049380
D:\KiwiAvatarSystem\Library\BurstCache\Windows-Intel\Hashes\Objects\65c6512126ff5d499532871d03cdb80a.obj	.obj	4117	2026-08-14T21:22:22.5044810+09:00	a9201032a74e228a5dcf0f5c47f112e33fc83a42b75dd4e533c6a35e44cd6bb1
D:\KiwiAvatarSystem\Library\BurstCache\Windows-Intel\Hashes\Objects\66a1702b3a67cb1914832efd703b5e2f.obj	.obj	16406	2026-08-14T21:22:20.6517263+09:00	36fc096a338bfd5afc9789f05cf80270bbdf788fbc5a0f282e4756ed2c9562d5
D:\KiwiAvatarSystem\Library\BurstCache\Windows-Intel\Hashes\Objects\66d832cb311ff8e6c934aecb54ca96e6.obj	.obj	2809	2026-08-14T21:22:22.0749603+09:00	6fe0808e08a4427fcb80d8ffaa56f5995fb63a58aa47ae2452d24e65033d9e25
D:\KiwiAvatarSystem\Library\BurstCache\Windows-Intel\Hashes\Objects\66dcde2c61fd88711cad3c9f7934f39a.obj	.obj	32167	2026-08-26T12:53:07.0413524+09:00	b105792d2fda5cbb756adb3e2e14d37b65ecd2238b6afb90a8dd1e2b5903196e
D:\KiwiAvatarSystem\Library\BurstCache\Windows-Intel\Hashes\Objects\675e1ed953d54733c1f026d1dea97d75.obj	.obj	5479	2026-08-26T12:53:08.0920995+09:00	cb615350e0779e226032b1d3afa1b8d69bc18d49318092cc39a7b646f57c1949
D:\KiwiAvatarSystem\Library\BurstCache\Windows-Intel\Hashes\Objects\677130a323e893d04db8172762e99f4a.obj	.obj	8717	2026-08-26T12:53:06.3327272+09:00	b24d8881d544e9fd2679f914e52da923aecab810576444e54deb30d188892757
D:\KiwiAvatarSystem\Library\BurstCache\Windows-Intel\Hashes\Objects\678f6e3728a12767bb237d1e9bb82bc6.obj	.obj	3324	2026-08-26T12:53:06.8396609+09:00	32339213e1b9214c3db8590b673a7f3bd2e6899676c8daa56e0ba92cee35d5e9
D:\KiwiAvatarSystem\Library\BurstCache\Windows-Intel\Hashes\Objects\67e32050dc4c38044afca67688fa1ee8.obj	.obj	11561	2026-08-26T12:53:06.5494554+09:00	a03ec8e19cfc379208b56c394faa2fb83751188cf643be204ab32f3996249016
D:\KiwiAvatarSystem\Library\BurstCache\Windows-Intel\Hashes\Objects\67ea64787c70e2e22dfa0184bd053d15.obj	.obj	11054	2026-08-26T12:53:06.6228635+09:00	b0b6e4639039df91a0f726d7cea7d7f39d58f2219039d4bba50c9d1478198818
D:\KiwiAvatarSystem\Library\BurstCache\Windows-Intel\Hashes\Objects\67f2b77f9c887c18b4d758b62345dd75.obj	.obj	2347	2026-08-14T21:22:22.1840166+09:00	13b257672223f7c6ebf1acedc9334d36314bc5736ccac8ef60594132fb3d5c41
D:\KiwiAvatarSystem\Library\BurstCache\Windows-Intel\Hashes\Objects\67f5bf0753493c6e75564828b652ea1b.obj	.obj	2701	2026-08-14T21:22:21.4152939+09:00	309c948d8ed939a7f1f410c972522216c5ab4749c703abc75b04809d5062ff71
D:\KiwiAvatarSystem\Library\BurstCache\Windows-Intel\Hashes\Objects\68535acd9d97ea04a27933f5c2453522.obj	.obj	2621	2026-08-14T21:22:22.1182512+09:00	cc3c07680acbf150f694858708cf045d6eb928c1ae694ac2a8f565ef38113857
D:\KiwiAvatarSystem\Library\BurstCache\Windows-Intel\Hashes\Objects\689f594d3b896db2ba45d3172d34c1ba.obj	.obj	2583	2026-08-14T21:22:20.7610830+09:00	445753bf0752db439148a8d7b9fcff84549a1b55298a9781fc9cc7d8019013a1
D:\KiwiAvatarSystem\Library\BurstCache\Windows-Intel\Hashes\Objects\68b0ec4b2dd9a6bd2ecca6c0e0370801.obj	.obj	9400	2026-08-14T21:22:21.4101711+09:00	d446e838aae5eba2f5b26ec95a258080114b5a06acb8fd46a6939e03a3ebab62
D:\KiwiAvatarSystem\Library\BurstCache\Windows-Intel\Hashes\Objects\68d7481c03f908c490eb67b8b2b4e0b8.obj	.obj	2099	2026-08-14T21:22:21.1327043+09:00	8a12eacc53c10073cfeeb5e4f02b451bb7df24e9a35df0e17ad0a2c0dd314db7
D:\KiwiAvatarSystem\Library\BurstCache\Windows-Intel\Hashes\Objects\695928ff37fcde2c3f7dd75add9681a6.obj	.obj	18758	2026-08-26T12:53:06.5189575+09:00	9fe01e855c6c699e7505b84469a8da2f4eb2a13c48198dc73240b9fa0aee0ef2
D:\KiwiAvatarSystem\Library\BurstCache\Windows-Intel\Hashes\Objects\69740dcc040ca7c0280b9a34615ce2ea.obj	.obj	2545	2026-08-14T21:22:21.9362581+09:00	52585134a721e758efabb39948073fb03b11cee934cd748e055b0fa8dd23c0d3
D:\KiwiAvatarSystem\Library\BurstCache\Windows-Intel\Hashes\Objects\69f03d13456e3a55019ab66380262ee9.obj	.obj	11528	2026-08-26T12:53:07.8456766+09:00	957fea7028d241a72ce24dd9a0588072e8dc021b94696939ed59e6de6e3dd57f
D:\KiwiAvatarSystem\Library\BurstCache\Windows-Intel\Hashes\Objects\6a0c99350b600acb914743b3610afd7d.obj	.obj	10307	2026-08-14T21:22:20.3641063+09:00	f82e57893be12f0e2d7666363adccee58019bff97535d86e50c99d09c91d3e64
D:\KiwiAvatarSystem\Library\BurstCache\Windows-Intel\Hashes\Objects\6a94c67870c41e26031920971b0d5b37.obj	.obj	2319	2026-08-14T21:22:21.4322264+09:00	2693ecaa186a0d2744518a7fbebaae30cae61e44a2bf3aa0bde9cb37bf0a7857
D:\KiwiAvatarSystem\Library\BurstCache\Windows-Intel\Hashes\Objects\6b6c1011c69fa57062a0ce11e95d5975.obj	.obj	17446	2026-08-14T21:22:21.6344981+09:00	3e8f75975c9f64cc9a5b8829a26f4b35e9c6bcfd7e85159a094775a832de34c1
D:\KiwiAvatarSystem\Library\BurstCache\Windows-Intel\Hashes\Objects\6b9f0878c90cffe2c1ff337b8dd4d225.obj	.obj	2440	2026-08-14T21:22:20.6617986+09:00	ce6f129de858a77813efdd4b817e2510cc6df6190e4e506d0a62d0df18c8b33e
D:\KiwiAvatarSystem\Library\BurstCache\Windows-Intel\Hashes\Objects\6bc0ca6416243b5f8dc736cfa3ca7244.obj	.obj	6948	2026-08-26T12:53:03.1173627+09:00	95a6aafae6dcd2bdb68d77ed03e6f3c429f80631cd329a288c89251f78c4b789
D:\KiwiAvatarSystem\Library\BurstCache\Windows-Intel\Hashes\Objects\6bd6d9d94bd1fc54d8a4e33550104674.obj	.obj	8290	2026-08-26T12:53:06.5911435+09:00	1da3c7c1391d1fdb0b78239610fc29d0385abd2ef190490b04ad055cb6ec1835
D:\KiwiAvatarSystem\Library\BurstCache\Windows-Intel\Hashes\Objects\6c13789574086fd5c089bfbcccb855dd.obj	.obj	2350	2026-08-14T21:22:21.1628487+09:00	77fa4bb8cc9d1aa28f53b2fdb602424f79ba6a07be7b0365accb2aee9a4ab4e1
D:\KiwiAvatarSystem\Library\BurstCache\Windows-Intel\Hashes\Objects\6d4ce678fab7c535bb601f416fab711a.obj	.obj	2621	2026-08-14T21:22:22.1660893+09:00	eff5f5d210063d1e90406cc821520ce2cfe0d605f0b107538868712ff267f22c
D:\KiwiAvatarSystem\Library\BurstCache\Windows-Intel\Hashes\Objects\6d5649867d43767c636323b90241da84.obj	.obj	2147	2026-08-14T21:22:20.4014227+09:00	e31006a4d887312ad25ce70813e3f95fd4a2b47f51008de4af712a7b4000905f
D:\KiwiAvatarSystem\Library\BurstCache\Windows-Intel\Hashes\Objects\6d5bbca54f98f78bed6ba474c1766f2e.obj	.obj	11783	2026-08-26T12:53:07.7127916+09:00	98523496cbcd7a20453bbd001c48dea4fa640d3d8c3f44ce91603f7cb6bc7fbb
D:\KiwiAvatarSystem\Library\BurstCache\Windows-Intel\Hashes\Objects\6d6a8ab84418a8a33fb6e09f00411203.obj	.obj	7186	2026-08-26T12:53:04.5618582+09:00	ab5c88d43aa4997c5470d70555524f722b412f1ccb52f85919abf1da7a36ba4a
D:\KiwiAvatarSystem\Library\BurstCache\Windows-Intel\Hashes\Objects\6d87350dfe774935f21e35e5cb6cb064.obj	.obj	6775	2026-08-14T21:22:20.9400690+09:00	62cce6346b471bf6f421939d7ec500ad76d6fad373081749d012349ba26ffe5b
D:\KiwiAvatarSystem\Library\BurstCache\Windows-Intel\Hashes\Objects\6da509dabf78dd1c71e8bfbc06e12ed7.obj	.obj	1875	2026-08-14T21:22:20.0185611+09:00	8a46ceb2d5f10ffe11f9b578a905ce773c59ea7b86c656e003929bdef6ae691c
D:\KiwiAvatarSystem\Library\BurstCache\Windows-Intel\Hashes\Objects\6dbd132e3605be7a2a77743c9473d22d.obj	.obj	1813	2026-08-14T21:22:20.7907670+09:00	eabdd28f97aa6c85435c679cdf0f07a328ef76ce10c3ca38bf7ff39a1b6aa799
D:\KiwiAvatarSystem\Library\BurstCache\Windows-Intel\Hashes\Objects\6dbd295484cbc425ebc9479fa8ebdc37.obj	.obj	11059	2026-08-14T21:22:20.2339472+09:00	f0f06b28a76311e163bc5880c888bef794d6c14f103ec9ebf731f808607554b4
D:\KiwiAvatarSystem\Library\BurstCache\Windows-Intel\Hashes\Objects\6dc22826eed8f4d637660eb28c1e5d39.obj	.obj	2913	2026-08-14T21:22:21.5557849+09:00	dfaf197b1f5866af16034ea75923b9ea6c460155986e30616f61bcbe401e22f6
D:\KiwiAvatarSystem\Library\BurstCache\Windows-Intel\Hashes\Objects\6df3ab664957ab58e6f2624fec8979fe.obj	.obj	6326	2026-08-26T12:53:04.1648885+09:00	d6e47eb51982e23c250641cc130fdaa1ee7ad42019c361d5fdb845b7521f3cbe
D:\KiwiAvatarSystem\Library\BurstCache\Windows-Intel\Hashes\Objects\6e0fc6de21501214bbdae3047d244be9.obj	.obj	1670	2026-08-14T21:22:20.2728926+09:00	cd7d60a4b5ae5ca7bb5ded9bc0c32450b0b91e45fd3dc4183ca372df025e6601
D:\KiwiAvatarSystem\Library\BurstCache\Windows-Intel\Hashes\Objects\6e26a06e282dccb28b9ef1a45d716044.obj	.obj	50228	2026-08-26T12:53:05.6878344+09:00	4c136a2c1ba34bf91cf7a5adde636125c8a1e0ece96cfc9238ddb4f47336d865
D:\KiwiAvatarSystem\Library\BurstCache\Windows-Intel\Hashes\Objects\6e4b0f7899c87e79e01fc1f37bae44f6.obj	.obj	8362	2026-08-26T12:53:07.3273588+09:00	fe6f4dfd25d399bf5f124289352a2edb6b9b7443bd245da8ffe5b545cf969e9e
D:\KiwiAvatarSystem\Library\BurstCache\Windows-Intel\Hashes\Objects\6e4ca696ba1812536f156b6fe2347597.obj	.obj	20070	2026-08-26T12:53:06.9969409+09:00	6aed3e6cdac3ad1778b1dfaf5d90507be60e6eb33d6c96a49c635867d33ed9ea
D:\KiwiAvatarSystem\Library\BurstCache\Windows-Intel\Hashes\Objects\6e79e10796dff66f244fa299a5a95b44.obj	.obj	2073	2026-08-14T21:22:20.6981963+09:00	1570a22977f1271d6bb1daa9a677f1e57473e9093996607e275239ce134e2d14
D:\KiwiAvatarSystem\Library\BurstCache\Windows-Intel\Hashes\Objects\6e8826b72f1d35b18d1e93206bbf28cd.obj	.obj	1877	2026-08-14T21:22:20.4792161+09:00	810bb8d04c0e525cb1f1fd412ba4b6b6c9d6c82fb7a919740afbed90ed085092
D:\KiwiAvatarSystem\Library\BurstCache\Windows-Intel\Hashes\Objects\6ebc4ba4076bf3b838ae73f6619b6a2e.obj	.obj	2220	2026-08-14T21:22:20.6906010+09:00	75c5f2bc4e4a4914cd1eaa0c06d6196281638b56ea6fe7ce770d966d681cfa58
D:\KiwiAvatarSystem\Library\BurstCache\Windows-Intel\Hashes\Objects\6ef4150ab1c276154b49b4b193aea82f.obj	.obj	2115	2026-08-14T21:22:20.2404910+09:00	e78b28e7f1e456ea3ee139ef3ae3aeeb5896e332336f6517956f386617f1fe91
D:\KiwiAvatarSystem\Library\BurstCache\Windows-Intel\Hashes\Objects\6f0da7bdcacfbedc466b3d0eeccb12f1.obj	.obj	3072	2026-08-14T21:22:20.1198886+09:00	0a076f9478d42da697b27a78a0832f776389e10b95ef7499386e9e62fe57a7d2
D:\KiwiAvatarSystem\Library\BurstCache\Windows-Intel\Hashes\Objects\6f2d19206579eaf434855e7253ef3744.obj	.obj	16306	2026-08-26T12:53:07.3877976+09:00	f87eab3c38c546ef4ace3d3df45ea7fa4e1ef92d22dd0e09caff23f5f7ece993
D:\KiwiAvatarSystem\Library\BurstCache\Windows-Intel\Hashes\Objects\6f63f0625976fff0a13bd3001e689f6b.obj	.obj	4948	2026-08-14T21:22:21.3146241+09:00	217b76e493025f43f8a6b63fd56bf8fb291ca87473b7a5278ee242b0b887feaf
D:\KiwiAvatarSystem\Library\BurstCache\Windows-Intel\Hashes\Objects\6fc2650c5875b9ae3ff95766cae684f5.obj	.obj	11230	2026-08-14T21:22:21.1990400+09:00	8ab516f029bee40d059472cdb40f30fd4e74a35978faf48bf31363bcd98b9e72
D:\KiwiAvatarSystem\Library\BurstCache\Windows-Intel\Hashes\Objects\701a2f77d82bef1d22c76e5b3f5b3d33.obj	.obj	2295	2026-08-14T21:22:21.7932612+09:00	7765be3d0148cecb8c3974b803fedac856618317760b2ab5f2aa7da0e67cf133
D:\KiwiAvatarSystem\Library\BurstCache\Windows-Intel\Hashes\Objects\702aa7ed5b21490bda599bbf286c2743.obj	.obj	3736	2026-08-14T21:22:21.8401789+09:00	2c51c1d7af8f5905455573206891ed9e035c77e1913ed30f69808d58210ba9d7
D:\KiwiAvatarSystem\Library\BurstCache\Windows-Intel\Hashes\Objects\70664952314ecd583b58b08f86fab53d.obj	.obj	10074	2026-08-26T12:53:04.0727099+09:00	15b3f8d52cc1b8404158ef35f94f25ba02ce938e54b932e9c6fc3d24abcdb929
D:\KiwiAvatarSystem\Library\BurstCache\Windows-Intel\Hashes\Objects\709d0e6c0922384dc47cb715e78c1203.obj	.obj	2845	2026-08-14T21:22:20.8584390+09:00	c554d9b0c23b2a442bf32fa515e0432af7686a13ac9a5f1e84161227768ef11b
D:\KiwiAvatarSystem\Library\BurstCache\Windows-Intel\Hashes\Objects\70b852972d91d4fc44e06c16b78db9d2.obj	.obj	15557	2026-08-26T12:53:06.7607401+09:00	9b3498035b11746c6463bdb009a25a6bde96941967f09da01e8d3d4ac7fbcbc3
D:\KiwiAvatarSystem\Library\BurstCache\Windows-Intel\Hashes\Objects\70cdce91b25183595fe64d7ab73447d9.obj	.obj	2747	2026-08-14T21:22:22.0935479+09:00	a28cb98e0aff44b9f4c692135fb9b5f8e868f9790ca9959429c5f8621cb122dc
D:\KiwiAvatarSystem\Library\BurstCache\Windows-Intel\Hashes\Objects\70db808db1fd7a5f51d5ca7f30da5a22.obj	.obj	5898	2026-08-26T12:53:07.5627540+09:00	14bbe1c605a034120125ca762a23ff3c1c809a2688d9fc9532f8d1eb5fdc9510
D:\KiwiAvatarSystem\Library\BurstCache\Windows-Intel\Hashes\Objects\70fd754441390b15754cdbee413022e0.obj	.obj	1719	2026-08-14T21:22:20.4923110+09:00	3d2749d93baa2d8cc5ca8fc66514c355035d5a0e711c41f5c1264a426c3426ef
D:\KiwiAvatarSystem\Library\BurstCache\Windows-Intel\Hashes\Objects\7110addfb44b02d6d98920d397a2495d.obj	.obj	1372	2026-08-14T21:22:22.1010866+09:00	5401b6eefa02d9930b99b567c4e2775e90b047569a121f6579db12b084128e76
D:\KiwiAvatarSystem\Library\BurstCache\Windows-Intel\Hashes\Objects\721bd37ced54490858dcfbe1e7255298.obj	.obj	21153	2026-08-26T12:53:03.5230977+09:00	e6794bf051e4c0e1db8dce5f4d955d4864dec5415c2cf19a22f4d936d809ee71
D:\KiwiAvatarSystem\Library\BurstCache\Windows-Intel\Hashes\Objects\7233bf72279c1165a0beafa03b20bf36.obj	.obj	3001	2026-08-14T21:22:22.0608966+09:00	eb9ef72edb2d939baaf2fbc649288fad5e4bbb94bd3afeec5fcebd0357a567df
D:\KiwiAvatarSystem\Library\BurstCache\Windows-Intel\Hashes\Objects\7277e48dbb4f1ce486fcf5eb70970a7b.obj	.obj	2431	2026-08-14T21:22:22.0098870+09:00	826ac2f27de4214a2797ab1fe90f8a7638566548cb629751b5ecece385dc494a
D:\KiwiAvatarSystem\Library\BurstCache\Windows-Intel\Hashes\Objects\727b909375ed4eb5e13f7b9c8294e055.obj	.obj	1224	2026-08-14T21:22:21.4249895+09:00	8acdf66de5a0ffa94aaa22d6a3162e75c71602105ad6da6ed70c87feff731313
D:\KiwiAvatarSystem\Library\BurstCache\Windows-Intel\Hashes\Objects\72e5f243ac7e2f19a27cdb289ab5a00e.obj	.obj	6669	2026-08-26T12:53:07.1778776+09:00	6e6d98d58873ce22e34f54f8ab55ed2d12d945591f011eb8a4487edad55efacb
D:\KiwiAvatarSystem\Library\BurstCache\Windows-Intel\Hashes\Objects\7435512b3229692590e245b5e4581a12.obj	.obj	17340	2026-08-14T21:22:20.1945372+09:00	633dc59d945c6f1b433275a1d348ae498810579628402a1611c65da9f43aa27b
D:\KiwiAvatarSystem\Library\BurstCache\Windows-Intel\Hashes\Objects\749933a64b759f070a69452c5a4cdc4d.obj	.obj	11139	2026-08-26T12:53:05.7345016+09:00	11fc5667d64d5ffe6331acb1ea3a7c6b3136de7419118f470e46f78b54c8ed18
D:\KiwiAvatarSystem\Library\BurstCache\Windows-Intel\Hashes\Objects\74d3579e3392ad11c19d0a6ea8a815af.obj	.obj	2912	2026-08-14T21:22:22.1729542+09:00	99bf361814037c645f5b66a8cce82395593b0eb4b2e6cf24919ca329c51f683e
D:\KiwiAvatarSystem\Library\BurstCache\Windows-Intel\Hashes\Objects\74f741bb9675676fb57917f0516de306.obj	.obj	18785	2026-08-26T12:53:06.5189575+09:00	09935a8f82e2d9b17d6c7d0cf6ffb51a3afa4a566b797d48451f039d2b77a628
D:\KiwiAvatarSystem\Library\BurstCache\Windows-Intel\Hashes\Objects\74fe4126d222bab1b4953847629e9808.obj	.obj	11051	2026-08-26T12:53:07.5008001+09:00	6510f761221e59c655cba9f4a4f4966735c409c2a2185e9f53e6938112033f7b
D:\KiwiAvatarSystem\Library\BurstCache\Windows-Intel\Hashes\Objects\7570f411697aba869c10cae68766409a.obj	.obj	2027	2026-08-14T21:22:20.6688675+09:00	49b8e60e24e32ef51d4577ebc39287fb20607ebf3a1b18b7d8ed363811243758
D:\KiwiAvatarSystem\Library\BurstCache\Windows-Intel\Hashes\Objects\75aba7c142a9cd553cc1c691fafcf6a7.obj	.obj	2278	2026-08-14T21:22:20.6906010+09:00	30a26de049fd0330e07c3710436f06355185248b37a2f7fdf7050c316417a0fb
D:\KiwiAvatarSystem\Library\BurstCache\Windows-Intel\Hashes\Objects\75bd70601dce2a1c2389264a9cb3c829.obj	.obj	8365	2026-08-26T12:53:06.4465428+09:00	66c4003cf13bc93c3747d170d8a752673bb23abf843a5ce231332ca9abcfcc18
D:\KiwiAvatarSystem\Library\BurstCache\Windows-Intel\Hashes\Objects\76175546ba70cdf54ac9103f2d4eae7e.obj	.obj	4101	2026-08-14T21:22:21.4896409+09:00	2446ec14344a2ed2f190ad87b4155eccfe67bc0945da3b6d221e694e36d1460e
D:\KiwiAvatarSystem\Library\BurstCache\Windows-Intel\Hashes\Objects\7637a7548ef3f4428bd6b0c1c6ecbdb2.obj	.obj	1753	2026-08-14T21:22:20.7293667+09:00	bd7aec90e5826070c64fb521cd69dcec0339218e9f6dfc41a5be205fc04990fd
D:\KiwiAvatarSystem\Library\BurstCache\Windows-Intel\Hashes\Objects\763cda8e93f517ad362639007da77bde.obj	.obj	11462	2026-08-26T12:53:07.1959860+09:00	9ed1368a94e32cddddd34f3e6f864d7459feb7eda3c1c52aa64628ea4a9eff02
D:\KiwiAvatarSystem\Library\BurstCache\Windows-Intel\Hashes\Objects\765a35dfe4c0c7ba3dc12631565514dd.obj	.obj	7235	2026-08-26T12:53:04.3536286+09:00	73894b1fa2686058b6d7fb8a5a07365836a511bb0428ec01c4a94020f708dfd0
D:\KiwiAvatarSystem\Library\BurstCache\Windows-Intel\Hashes\Objects\76bd71ec642e2cb112997fdc3c4f3680.obj	.obj	17128	2026-08-26T12:53:06.8037490+09:00	2bf066dc70a61fbe8b610fb3102d9a401fae5629a2d52f8998569f96a4abb06f
D:\KiwiAvatarSystem\Library\BurstCache\Windows-Intel\Hashes\Objects\76e2f3136ea30c36a914e67dc56ddacc.obj	.obj	16119	2026-08-26T12:53:08.3566553+09:00	f6155c0f3158dedfb74945df8e797896e1245c6b6fc8f873ff390eca6635e340
D:\KiwiAvatarSystem\Library\BurstCache\Windows-Intel\Hashes\Objects\772e2bdf7f2226519a350ec50fcb4254.obj	.obj	2711	2026-08-14T21:22:22.0975667+09:00	0fa22c3d1adfb559e8d6912e1e4ab608e175e5aa9d7eeb22f82d61ac25c3965f
D:\KiwiAvatarSystem\Library\BurstCache\Windows-Intel\Hashes\Objects\773b46c35f317b42482739db548d6a53.obj	.obj	8914	2026-08-26T12:53:06.4626162+09:00	334315820038adf59398629a772eb6f767b986e733f69c75a18be433b5c67c4e
D:\KiwiAvatarSystem\Library\BurstCache\Windows-Intel\Hashes\Objects\77915a3e278d695fb8354482e670ba43.obj	.obj	6857	2026-08-26T12:53:02.7776458+09:00	088a4b7c70b37006479ba7828521dfa13d4fdb31664cc272baec0b383cac91af
D:\KiwiAvatarSystem\Library\BurstCache\Windows-Intel\Hashes\Objects\77c13eef00097aa18733623d8bcc4398.obj	.obj	13322	2026-08-14T21:22:21.8497330+09:00	a46ce433f8ec26aa3f2202ef2e29c9dd49d8d24e0d63fbceb6384b74331567c6
D:\KiwiAvatarSystem\Library\BurstCache\Windows-Intel\Hashes\Objects\78182be72fbe062dfbb3a7c9c4540247.obj	.obj	2141	2026-08-14T21:22:19.9963377+09:00	e31c954a842eecf574deed2d05dc27870c8ad1d5a84a9e13554626a3b0b4d36b
D:\KiwiAvatarSystem\Library\BurstCache\Windows-Intel\Hashes\Objects\7838452e98b4aed906fc39906bc1a7b8.obj	.obj	3560	2026-08-14T21:22:21.7547912+09:00	ebde667f1398246a3f341bece2cf3f34c74add7e3e15f1ed58de95237f945c15
D:\KiwiAvatarSystem\Library\BurstCache\Windows-Intel\Hashes\Objects\78a71c8c7153fd080b42ecd82ef4be15.obj	.obj	1925	2026-08-14T21:22:20.5069451+09:00	4924a04fd6cf99872853374259f6ef78e0f54e985d1b47172a4e43cff2eb0d27
D:\KiwiAvatarSystem\Library\BurstCache\Windows-Intel\Hashes\Objects\7930d0b96c6402ea425103b24c6993a4.obj	.obj	2801	2026-08-14T21:22:21.6562621+09:00	b47dcfbea69317c1853f52a2cbf526d98524a21ed62280b048f67e33cfb17816
D:\KiwiAvatarSystem\Library\BurstCache\Windows-Intel\Hashes\Objects\7988ca5f28d9a5fa391b1bcbf20be249.obj	.obj	13980	2026-08-26T12:53:03.9140750+09:00	db287ff642686f0fa84c2a20a2a78dd2b79bbbe205713e2dd6292b6dd6844eae
D:\KiwiAvatarSystem\Library\BurstCache\Windows-Intel\Hashes\Objects\79ccf61e5bfbd671df80c1c0754f3240.obj	.obj	7138	2026-08-14T21:22:20.6127545+09:00	b45803e7b6f50558f5881939c04bee497626ae08a9a546362904c11611ffb58a
D:\KiwiAvatarSystem\Library\BurstCache\Windows-Intel\Hashes\Objects\79eaec315541b452d6433c7022855127.obj	.obj	1909	2026-08-14T21:22:21.7115213+09:00	41daeea7283603b185aa0ccd2853fa8ee77556ff9ebe453eeef0dacc6c7ed7f0
D:\KiwiAvatarSystem\Library\BurstCache\Windows-Intel\Hashes\Objects\79f16ee90633f8123cda1a41e7afbd7a.obj	.obj	6981	2026-08-26T12:53:06.7240531+09:00	7822548c086ce6ead625a33c30dae0995ac617ce6b0809c65a36b8a97280734b
D:\KiwiAvatarSystem\Library\BurstCache\Windows-Intel\Hashes\Objects\7a0a24e828a492130c9471a05e342268.obj	.obj	7849	2026-08-26T12:53:06.5613349+09:00	708a0f3f8ff66dde07682136776e463651ced720a364ce7fc7ad4a64fcfcce2c
D:\KiwiAvatarSystem\Library\BurstCache\Windows-Intel\Hashes\Objects\7a0affa30019ea602bd5895df9b7f04b.obj	.obj	7782	2026-08-26T12:53:04.3335070+09:00	7fb89c1651fae2cd04b2158a6384fb26a99540877a1ed1a58250bfd67e76d630
D:\KiwiAvatarSystem\Library\BurstCache\Windows-Intel\Hashes\Objects\7a0ee09df96576620d8de39fb0d112db.obj	.obj	6810	2026-08-26T12:53:05.7334958+09:00	677eccb04660db8396fbc240304c2b68212cd44686f899ce0faf5d6d7e040294
D:\KiwiAvatarSystem\Library\BurstCache\Windows-Intel\Hashes\Objects\7aa05c59d53a7054874869df19377022.obj	.obj	1651	2026-08-14T21:22:20.6005404+09:00	d48e481e4a2df52fc71fd65213bc4fc46ebd8b4936da86319312a12e2acda9bd
D:\KiwiAvatarSystem\Library\BurstCache\Windows-Intel\Hashes\Objects\7aef85ad8374613e476124c8869699b5.obj	.obj	6871	2026-08-26T12:53:04.2254471+09:00	5f36a7b5be0ec1f476907967839eab27ab5c53709c978d0c7a1f0491efe966c8
D:\KiwiAvatarSystem\Library\BurstCache\Windows-Intel\Hashes\Objects\7b65f645dfd25667e34ed7bd72f1c3c6.obj	.obj	6733	2026-08-26T12:53:05.8376066+09:00	f5b12026c1524a5b4b971b6bb5c77790945e55cd3403bc9e66f2412d8af1ee18
D:\KiwiAvatarSystem\Library\BurstCache\Windows-Intel\Hashes\Objects\7c22d912d03c41948d58a0ba8a49c40e.obj	.obj	2223	2026-08-14T21:22:22.5769005+09:00	e5911e5815f198f6b41ff530c6894064ae51d6b482d4c6ece7af998b52474b30
D:\KiwiAvatarSystem\Library\BurstCache\Windows-Intel\Hashes\Objects\7d2c25494113f222a532bbf0437d15c9.obj	.obj	6486	2026-08-14T21:22:20.5381156+09:00	a64aca3114839597a8ddce6dd1e8fe8f56f54cd44dd92ae2472d2d0b931832e2
D:\KiwiAvatarSystem\Library\BurstCache\Windows-Intel\Hashes\Objects\7d60d466aea6660ebc51f1c83550697c.obj	.obj	11561	2026-08-26T12:53:07.3470176+09:00	014021d6259a700c6381b48b49ca02150b958cfd48b9547fee110daf422975ea
D:\KiwiAvatarSystem\Library\BurstCache\Windows-Intel\Hashes\Objects\7d9ad456ea535e262dd73b67146d8b09.obj	.obj	2127	2026-08-14T21:22:21.8336520+09:00	b07b051c1d3f432150a81137e713689fd6293b7919f34d4c6907647ac99c3800
D:\KiwiAvatarSystem\Library\BurstCache\Windows-Intel\Hashes\Objects\7da48f034d94a93331bc081b9374806c.obj	.obj	2701	2026-08-14T21:22:21.4209873+09:00	e6cd53a3e59ff6a2d8ecf269b08ba9cc45f57cd673b6e2ad35e652462de6fd53
D:\KiwiAvatarSystem\Library\BurstCache\Windows-Intel\Hashes\Objects\7db99d369c890857628c7fdd25b2f5c8.obj	.obj	1716	2026-08-14T21:22:22.4584864+09:00	8c3233603774fd1ca6cc218bc4d8e8efacfd3f04aa2fb9efd19d89f947bc3a7a
D:\KiwiAvatarSystem\Library\BurstCache\Windows-Intel\Hashes\Objects\7dd292213c21ed7b9d039ba7d21f2905.obj	.obj	1716	2026-08-14T21:22:22.4584864+09:00	4902a0246bb87d2bf49d385cd5b1c5ce87f123480512dc90f7efdc16bba02655
D:\KiwiAvatarSystem\Library\BurstCache\Windows-Intel\Hashes\Objects\7dfb8e332b49804bb06da6b61289b641.obj	.obj	6757	2026-08-26T12:53:03.8211703+09:00	1013ca5de9541fe888567297fd2a6efda481c955e8f93ddcff420d15312bebac
D:\KiwiAvatarSystem\Library\BurstCache\Windows-Intel\Hashes\Objects\7ed79d5031c19743cb1c6108964c92fa.obj	.obj	11734	2026-08-26T12:53:06.5931499+09:00	5928b1b95ee7ced8879d0af94075e550d35836c1bd0d451df8021828273f9e85
D:\KiwiAvatarSystem\Library\BurstCache\Windows-Intel\Hashes\Objects\7ee953ba452cd06b847ef5e3cd45de3f.obj	.obj	26156	2026-08-26T12:53:06.4888756+09:00	29a127bb6463f7c08445a1605904504b7aed5db0e47930a0db9b695e6a17b707
D:\KiwiAvatarSystem\Library\BurstCache\Windows-Intel\Hashes\Objects\7f13a0a4f5b466e56737bb54beec3ffc.obj	.obj	7139	2026-08-26T12:53:05.7713242+09:00	beef3a6e746f496a94516b13166ae74a29a40341a445b33f041b0fdf6246fd63
D:\KiwiAvatarSystem\Library\BurstCache\Windows-Intel\Hashes\Objects\7f4fc8840b2a39c35702554929dbf34e.obj	.obj	3720	2026-08-14T21:22:21.8655530+09:00	f722d15c3c6dc0c4c3f57d6e0481655b7235bc1972087dd0c83fd2b9918ef2c6
D:\KiwiAvatarSystem\Library\BurstCache\Windows-Intel\Hashes\Objects\7fb6f75f3063bb83a0481717eb763bfd.obj	.obj	2356	2026-08-14T21:22:21.5204404+09:00	95882097ce066e77872130c75c14c2462f3c35be49585ae9be6b20dba49ba2f4
D:\KiwiAvatarSystem\Library\BurstCache\Windows-Intel\Hashes\Objects\7fe5ac191f121e2dfb570c366f6203bd.obj	.obj	23700	2026-08-26T12:53:04.2123558+09:00	9944a802b74b136277c5acdf2b98cdcf2f2cecd0f0cdf82e59e6e17f82d400a2
D:\KiwiAvatarSystem\Library\BurstCache\Windows-Intel\Hashes\Objects\8008e6d57d82c4e057af09fe18977be0.obj	.obj	2811	2026-08-14T21:22:22.5296078+09:00	627d1508cdb2e1f80718db593f8b0125bc2c6db82ce0b4a3f4beb37ed4c8d7eb
D:\KiwiAvatarSystem\Library\BurstCache\Windows-Intel\Hashes\Objects\8024bedbbe31718859d8c3fe8ef0d5ae.obj	.obj	2517	2026-08-14T21:22:21.8741151+09:00	df60c8d40d46b8f657a9dec2c8b1732699dfb9e4200f10d36862db8b32d43faa
D:\KiwiAvatarSystem\Library\BurstCache\Windows-Intel\Hashes\Objects\805eb318aa48d7ce9957ddc01bde3fe5.obj	.obj	12456	2026-08-26T12:53:04.6414392+09:00	2dc1676784562351ffa6611d25107739e9947c74fcdaa3b359e7f72a4710fb46
D:\KiwiAvatarSystem\Library\BurstCache\Windows-Intel\Hashes\Objects\81259ae27e6d2f16c0e7e6b169d91bfb.obj	.obj	6739	2026-08-26T12:53:04.4732733+09:00	8a21b1a0b57f6e458efca277b3502091f1813c2cf32f0f0b6c3763d93fe0f663
D:\KiwiAvatarSystem\Library\BurstCache\Windows-Intel\Hashes\Objects\81278cea53d2ebc4bb9f1d024579325c.obj	.obj	8408	2026-08-26T12:53:07.3741464+09:00	a6ba2998ff34a2b25d123df36f9aafeb175ad6bfdc2c7d46b209423a90d31655
D:\KiwiAvatarSystem\Library\BurstCache\Windows-Intel\Hashes\Objects\813543980feeba662a10b638690d454a.obj	.obj	19877	2026-08-26T12:53:07.6662425+09:00	dcb01c15ac541536ac0ec3dddc39cf04f3ba517334a0c694df761a95a7618f57
D:\KiwiAvatarSystem\Library\BurstCache\Windows-Intel\Hashes\Objects\8194fdffca8d7204bf8094bb9eee0743.obj	.obj	2963	2026-08-14T21:22:22.2816777+09:00	75427b8f9762def523aa2a2dd4bf291694cf981e791723f202310036ffbecb55
D:\KiwiAvatarSystem\Library\BurstCache\Windows-Intel\Hashes\Objects\82483480a8962f5696cea7b198c33bd9.obj	.obj	6909	2026-08-26T12:53:04.0130655+09:00	0cca3300c5c12215e85c92783c9d65f19b54ddf197f17ac04d494edd44c1ccb6
D:\KiwiAvatarSystem\Library\BurstCache\Windows-Intel\Hashes\Objects\82845dca629bbe91fd173a24f5af15d5.obj	.obj	2781	2026-08-14T21:22:22.1534835+09:00	201b6625940a9a4c5c49586a998b0e3e019943b4f2883b83f1335ff850ee9522
D:\KiwiAvatarSystem\Library\BurstCache\Windows-Intel\Hashes\Objects\8286e045faa9be6056547abf92d0e285.obj	.obj	9097	2026-08-26T12:53:02.8928457+09:00	0daa874eef0f0ac39bbdcf6e349bb990f3f99ad7bc05a11107d5aa1249ac2a6f
D:\KiwiAvatarSystem\Library\BurstCache\Windows-Intel\Hashes\Objects\832c6acdd57e8872bcda2e28e28bbf37.obj	.obj	9249	2026-08-26T12:53:05.8441510+09:00	eb4313d80edeace4c628dcf98dda7f91c15fb3af712861eec97f412e06ff097f
D:\KiwiAvatarSystem\Library\BurstCache\Windows-Intel\Hashes\Objects\8395195771a0906cc541fd21665adfe6.obj	.obj	7657	2026-08-26T12:53:03.9637470+09:00	bebaf0bb614f059aa196163077dd063e9eabaa2339a26dc145f7d2a1a2b060fd
D:\KiwiAvatarSystem\Library\BurstCache\Windows-Intel\Hashes\Objects\84020f2d48c166b1497ef15248112194.obj	.obj	21921	2026-08-26T12:53:08.1561149+09:00	ae23c3c3c53fe8e59bd076e7c103e5fd1506080641ee42a0c5c261fd539a9648
D:\KiwiAvatarSystem\Library\BurstCache\Windows-Intel\Hashes\Objects\845d645251e1b512052b800814d85569.obj	.obj	2341	2026-08-14T21:22:20.9588194+09:00	98d18d037486b2ee65c34eb4639517268689617bd76210ec53dec9049e051542
D:\KiwiAvatarSystem\Library\BurstCache\Windows-Intel\Hashes\Objects\84a77c1f9bb2c03db3ddfac9a52bbec3.obj	.obj	11786	2026-08-26T12:53:04.6083841+09:00	0471d79980df05456656aa094c2862325f97a6addeeaec8887015e460db1eb53
D:\KiwiAvatarSystem\Library\BurstCache\Windows-Intel\Hashes\Objects\84efc16ae90dcdb74de3584d88788551.obj	.obj	17042	2026-08-26T12:53:04.6198640+09:00	d3916c2e78679fa0189f710a9444a09b9a595b4fa386c7b3add7a416622936fa
D:\KiwiAvatarSystem\Library\BurstCache\Windows-Intel\Hashes\Objects\850ee5e90c7365c12510f7a6fe53f3e6.obj	.obj	54083	2026-08-26T12:53:04.5867402+09:00	fd8d28ebb0ca32512d002b250013f6842d184a49afadd147f9d1fa82cd9b10bc
D:\KiwiAvatarSystem\Library\BurstCache\Windows-Intel\Hashes\Objects\865348d7dde0eb23eb14ce79e71d3afc.obj	.obj	6868	2026-08-26T12:53:06.8696213+09:00	0a6223a6088247e2f587a84738d80168c328b4e8ce1cc958fa86e90264b9a810
D:\KiwiAvatarSystem\Library\BurstCache\Windows-Intel\Hashes\Objects\868282dc28bd24cb05dca43782420cdb.obj	.obj	16990	2026-08-26T12:53:07.2743117+09:00	3a38efa7806f502f46f903ace825651b633a24aafb5a8cc13dfbbe12f5d10fcd
D:\KiwiAvatarSystem\Library\BurstCache\Windows-Intel\Hashes\Objects\869b22feacd0c6ed1b03e3ccb0b19cde.obj	.obj	16491	2026-08-26T12:53:07.5244363+09:00	dcba8747265bb8b2d77cb98382fa2781d85a60ae417e7cc1faa8d0d0896cfc7e
D:\KiwiAvatarSystem\Library\BurstCache\Windows-Intel\Hashes\Objects\86c7b17b64f368d9c5db2dca1b595c71.obj	.obj	2113	2026-08-14T21:22:21.2809869+09:00	2f53c844a21baf5e0d781ede3acece37e6fc3422a4ddc95b572708e67e08e77a
D:\KiwiAvatarSystem\Library\BurstCache\Windows-Intel\Hashes\Objects\872b969a90d9425b390398cc822c2f1d.obj	.obj	7181	2026-08-26T12:53:03.8151347+09:00	f02b9d01c997122e637b0fdbd9c6d1abd697aa05fa10564efdd4ec1c1f35d865
D:\KiwiAvatarSystem\Library\BurstCache\Windows-Intel\Hashes\Objects\877240256aac8ab11954981ab8362a8a.obj	.obj	2616	2026-08-14T21:22:21.9599278+09:00	2658265e34383f00bda6dd0642be1c5d8374e830f5c45eee1320e2b82b5cd6cf
D:\KiwiAvatarSystem\Library\BurstCache\Windows-Intel\Hashes\Objects\87a8a82688161f0093a282869ebe2152.obj	.obj	9318	2026-08-26T12:53:07.8096152+09:00	1146896af3671e3193313ab27104cf9665de6f607fabe3378251226d9a6e3c11
D:\KiwiAvatarSystem\Library\BurstCache\Windows-Intel\Hashes\Objects\8822f43492fe941917bc6c7e95b254cb.obj	.obj	11801	2026-08-26T12:53:02.8918450+09:00	cf353da2f132e3df15922b65513fcab033c1eb98024ea2303b618a3882a9d6a5
D:\KiwiAvatarSystem\Library\BurstCache\Windows-Intel\Hashes\Objects\884f5d24d769bc7b3f72976fbecf49a0.obj	.obj	1961	2026-08-14T21:22:21.4051426+09:00	3b039403c0a1fcb08363ffe29474ef6f01999c8917837fed35865795ef1e1eb3
D:\KiwiAvatarSystem\Library\BurstCache\Windows-Intel\Hashes\Objects\886f709398bc0acff42933fbc930ebfd.obj	.obj	1976	2026-08-14T21:22:20.6728889+09:00	7a9d8d0de22dd46411ce2b1d517fdfeb8039f89bcf7ad85b6a3f219889a127c6
D:\KiwiAvatarSystem\Library\BurstCache\Windows-Intel\Hashes\Objects\88ae33f1ca5a6697248743db948a8e91.obj	.obj	7168	2026-08-26T12:53:03.2567407+09:00	4a552391ede855403fd27810a621d1c742b7cd66ccb8ef1312a91d0f61f088e2
D:\KiwiAvatarSystem\Library\BurstCache\Windows-Intel\Hashes\Objects\894668a83907efde83231ead63fc6c65.obj	.obj	9516	2026-08-26T12:53:04.3591428+09:00	c3cf26f98ad5047bad2d5897993b828a5cb985702326b9adc30282ce3cb947c2
D:\KiwiAvatarSystem\Library\BurstCache\Windows-Intel\Hashes\Objects\897a08bbd9d1fabab307fcefa9304947.obj	.obj	20404	2026-08-26T12:53:07.1416766+09:00	f546e1fb5483b8831083a02d0439031c025d78254542cfddd43fe2097e70cfaa
D:\KiwiAvatarSystem\Library\BurstCache\Windows-Intel\Hashes\Objects\898adf45eaa410c88a77d4c44dd688dc.obj	.obj	11111	2026-08-26T12:53:03.6540770+09:00	6a2aeeb02aa582b534f570ae4cf5dfa8b9c429bd0154b0484d29df712c8dc2e5
D:\KiwiAvatarSystem\Library\BurstCache\Windows-Intel\Hashes\Objects\899b5e4cc5cf457d7369c296781494b9.obj	.obj	2241	2026-08-14T21:22:21.2120804+09:00	30cd8a9516457d078ed029f39f4c1416591131136ca67ba8b5a8a0b9771f1711
D:\KiwiAvatarSystem\Library\BurstCache\Windows-Intel\Hashes\Objects\89bcf7241bf2f6036b99cfdaea273c57.obj	.obj	2623	2026-08-14T21:22:21.4686377+09:00	1ac199e8525ac7b7210de69c6b25b046b728e102488e8905d12a32c8935b3170
D:\KiwiAvatarSystem\Library\BurstCache\Windows-Intel\Hashes\Objects\89cfffbf583f900ff4f2c48e13f73d98.obj	.obj	9690	2026-08-26T12:53:02.9124897+09:00	0952cfcc1b88fd1b12a22c1ae0a494214d40a7c15d6b5938f386ba042a263067
D:\KiwiAvatarSystem\Library\BurstCache\Windows-Intel\Hashes\Objects\89e2998da7da1f6e53b88536e30096b2.obj	.obj	1342	2026-08-14T21:22:20.6592797+09:00	e4452772e9a57181b649cac45c2dc57125dec0e6abd9702da806e34ba20ac7b5
D:\KiwiAvatarSystem\Library\BurstCache\Windows-Intel\Hashes\Objects\89fbd1ad9db7ae3d1e20506a259d9361.obj	.obj	7459	2026-08-26T12:53:07.3076903+09:00	7176f210d1c37915f59cdac0203419df8ef268f3d3f517be7a7588430a318e26
D:\KiwiAvatarSystem\Library\BurstCache\Windows-Intel\Hashes\Objects\8a2fb82580f16d1663780a30f07e09d7.obj	.obj	8074	2026-08-14T21:22:20.4244421+09:00	528612d23c637d59d3f3ab2da8b5423e850eadd7baa82421e979dcd038640d2a
D:\KiwiAvatarSystem\Library\BurstCache\Windows-Intel\Hashes\Objects\8a37518360c18d39c1473de7fe60fad7.obj	.obj	2058	2026-08-14T21:22:20.1029612+09:00	cc0738b5ed93263d1700d959c235fc2f44e74b6271b96d2ca7aee764295b7ac7
D:\KiwiAvatarSystem\Library\BurstCache\Windows-Intel\Hashes\Objects\8a59da0334c371d77d67f17abcb2e793.obj	.obj	1746	2026-08-14T21:22:20.4305071+09:00	cdf01c6af768fa212298eb72ddca90840f3db79b523ee3e8c179c33baf499aa0
D:\KiwiAvatarSystem\Library\BurstCache\Windows-Intel\Hashes\Objects\8a644955a9b9c72fe6f33fb33e4f026b.obj	.obj	1720	2026-08-14T21:22:20.8030682+09:00	934992f85281d77af3df1fa7a9f447cc36b594359f3ce599ceadc4d053735926
D:\KiwiAvatarSystem\Library\BurstCache\Windows-Intel\Hashes\Objects\8a93d4289c91a88b0247dedcefa8ac19.obj	.obj	32764	2026-08-26T12:53:07.2566822+09:00	37f10bc859d995be993a4808475e144b63fb275e588bc7ec3571c1218a1c8682
D:\KiwiAvatarSystem\Library\BurstCache\Windows-Intel\Hashes\Objects\8a9777d469690679d3ac677e3aa319d7.obj	.obj	3057	2026-08-14T21:22:20.0432282+09:00	3dcb6c04dfdc25618c2b004e4433fb68eff62859dd3464fb8bb313f4b94b544a
D:\KiwiAvatarSystem\Library\BurstCache\Windows-Intel\Hashes\Objects\8b648206d1e413e467eead45a3c307eb.obj	.obj	14207	2026-08-26T12:53:06.6754694+09:00	bcdfdcdc39ee50043c632291d2bdc7e7d93ef817d09945a2453259ca9df0885d
D:\KiwiAvatarSystem\Library\BurstCache\Windows-Intel\Hashes\Objects\8c084f84564b64a6f76b4282054b9540.obj	.obj	6820	2026-08-26T12:53:03.5339742+09:00	4732ebffb398b91c91aa363995dde5091a27d5f7c28e3ad1853c281d6b8f46f7
D:\KiwiAvatarSystem\Library\BurstCache\Windows-Intel\Hashes\Objects\8cd752bea618e9a4fa35b0d14e44d001.obj	.obj	21750	2026-08-26T12:53:07.9211487+09:00	2e8de172d38bcc5f577dfaf2fc2464f8f89e62bdfc999806dbef27298d213b36
D:\KiwiAvatarSystem\Library\BurstCache\Windows-Intel\Hashes\Objects\8d33b946b0b59a25062f3e8e49bc12df.obj	.obj	11881	2026-08-26T12:53:06.5689269+09:00	d2721581e246adb2e82c0601de0d2367c9a31355be0616b302ed3cf846294091
D:\KiwiAvatarSystem\Library\BurstCache\Windows-Intel\Hashes\Objects\8d528d82c987f257ecf835033213537d.obj	.obj	2067	2026-08-14T21:22:20.7984290+09:00	cb378e6801192f8d7cea47e59d5bb089fa5665e714837fa8080cf4b78c1819eb
D:\KiwiAvatarSystem\Library\BurstCache\Windows-Intel\Hashes\Objects\8d82151a0d57ab687bd775b22b6095fe.obj	.obj	13164	2026-08-14T21:22:22.3369162+09:00	fca4b134434dd0f1f5f86caa24a6b368693d0cc8cc39d053202b860a20b8784b
D:\KiwiAvatarSystem\Library\BurstCache\Windows-Intel\Hashes\Objects\8d9ade25ad82738b72a4f326869a2220.obj	.obj	16571	2026-08-26T12:53:07.5134054+09:00	7e70fbe549fb163436a473a40d98b672a4101687b7710312ed87f679ae42929a
D:\KiwiAvatarSystem\Library\BurstCache\Windows-Intel\Hashes\Objects\8ddd618d3101d8f1311a65d3324cd327.obj	.obj	9816	2026-08-26T12:53:03.2171478+09:00	b8ef4497cb94288c4c42d30d1bd8090cec5f41726b6dce0e4e08d5ccf3009e80
D:\KiwiAvatarSystem\Library\BurstCache\Windows-Intel\Hashes\Objects\8dfe2d30383adf1e12f85fa497871cfe.obj	.obj	6889	2026-08-26T12:53:04.0403643+09:00	a2954d670925defa6b49b412641a5197e09304b47d7db21e55eb7e3f9c72c503
D:\KiwiAvatarSystem\Library\BurstCache\Windows-Intel\Hashes\Objects\8e8245e26564cccf6d9fab2157f63691.obj	.obj	6521	2026-08-26T12:53:04.2541505+09:00	95fd2d7fb01e5483b129435dccafab9004b9afb1b11bb5668d625a9c9c2c6479
D:\KiwiAvatarSystem\Library\BurstCache\Windows-Intel\Hashes\Objects\8ef43c8e600c1df4f8ad4f461cae256d.obj	.obj	2699	2026-08-14T21:22:21.3864339+09:00	651f7035729e1a7027337c72dd592fa6f4ff280e90e63ff2011e2ce6ac66ee43
D:\KiwiAvatarSystem\Library\BurstCache\Windows-Intel\Hashes\Objects\8f49d842bbba98d5670481a7b402a2f5.obj	.obj	11343	2026-08-26T12:53:06.7390456+09:00	b22c0b7f819db0ab1c33c174d7c25c3fecf86ff992c3cd33e2ce56a094501847
D:\KiwiAvatarSystem\Library\BurstCache\Windows-Intel\Hashes\Objects\8fd2e12c171f9740b6c4d4b05002d735.obj	.obj	2233	2026-08-14T21:22:20.6824445+09:00	323f783477ada4ddaf888cd20cad6e7bd2daccf7eaf4073f236d5c80a493c272
D:\KiwiAvatarSystem\Library\BurstCache\Windows-Intel\Hashes\Objects\904671cbf40179564a312d256b473b7c.obj	.obj	1652	2026-08-14T21:22:20.1990895+09:00	a456aec40859a84019bae646ca511e2780ec2ec1618fd58492cf6268ea90a67e
D:\KiwiAvatarSystem\Library\BurstCache\Windows-Intel\Hashes\Objects\90b7873416a6d2a13edecd9724e27c56.obj	.obj	8402	2026-08-26T12:53:05.8612282+09:00	92ef43be4bfecc1d84044ae9f4afb41af40ecc145d3419ae4e31a31bc90164db
D:\KiwiAvatarSystem\Library\BurstCache\Windows-Intel\Hashes\Objects\910e2ab775f8bfe5fd9696ac7fe9ec69.obj	.obj	2161	2026-08-14T21:22:21.7814700+09:00	d85f0ad928dbb77513cf1def960d6136c9fa6a41b7e703d79f9675d1d2ca2b5a
D:\KiwiAvatarSystem\Library\BurstCache\Windows-Intel\Hashes\Objects\915a92fa07effbb8c376a5ccf2bdd867.obj	.obj	2735	2026-08-14T21:22:21.9241538+09:00	992ec50e2d20cae7fbecba175ce14279f940fb75de4422ccd3a434386ecf780c
D:\KiwiAvatarSystem\Library\BurstCache\Windows-Intel\Hashes\Objects\91a1d7dc5d39c59af4da040f7911a330.obj	.obj	11566	2026-08-26T12:53:07.4173732+09:00	3b2cd467ea2036700d11282a17289d8f4096a729688c56b79ff14b77b9aeea45
D:\KiwiAvatarSystem\Library\BurstCache\Windows-Intel\Hashes\Objects\91a5b0f729b0da4eec0992e4400f1fae.obj	.obj	2701	2026-08-14T21:22:22.0432169+09:00	6c25cf28ca2378d0ba187ebd65b87332ec9fdc1be5180ca29c4a1559c33abb28
D:\KiwiAvatarSystem\Library\BurstCache\Windows-Intel\Hashes\Objects\91bbab51b85dfb89a21b8630e20295cb.obj	.obj	1224	2026-08-14T21:22:22.1764779+09:00	ca94bbc57aff3f0a57dd67b0ebe71c3ddb142586d7c340e64be5287f531967d8
D:\KiwiAvatarSystem\Library\BurstCache\Windows-Intel\Hashes\Objects\9217e9c8422f1b66a92b205de7c330ff.obj	.obj	6196	2026-08-14T21:22:20.4832410+09:00	89a374b95827c2db5f859c0268f47a54c24992a58daf4ed93c97bd5ec4c05c6c
D:\KiwiAvatarSystem\Library\BurstCache\Windows-Intel\Hashes\Objects\923acd005ece377e12e0071b93db4b69.obj	.obj	11283	2026-08-26T12:53:08.3320754+09:00	62f4e93672f048add9625f72856875b5e13b3c332f42e978e9798dd211082130
D:\KiwiAvatarSystem\Library\BurstCache\Windows-Intel\Hashes\Objects\9253fa2966c4c61ea7308eb71a49bea1.obj	.obj	7856	2026-08-26T12:53:06.5590100+09:00	eaf9b44e1d4e099809c529329a797a4a5fe0a0caa9b9021d7ccc48d7f15719c9
D:\KiwiAvatarSystem\Library\BurstCache\Windows-Intel\Hashes\Objects\925636e70d7f96db806185e212ecff76.obj	.obj	6890	2026-08-26T12:53:07.7728344+09:00	e3ddbdbc752a3f44ca9b4f9665f54af15685fcb2246752401a6eafd3f8750fac
D:\KiwiAvatarSystem\Library\BurstCache\Windows-Intel\Hashes\Objects\9281f31421b8916ab8fe9256af2326a9.obj	.obj	4083	2026-08-14T21:22:21.7205710+09:00	71b8ff00f3ee1fa439f7be8d8844a0274bb13cf92cc72ea2a10bb2907796bdd9
D:\KiwiAvatarSystem\Library\BurstCache\Windows-Intel\Hashes\Objects\92e9e4fd027be357876815c40b336aca.obj	.obj	11801	2026-08-26T12:53:07.0318583+09:00	22a0c28e7fd3c837f633348f2839a486aedd3383176cd33e29f8158d51befd90
D:\KiwiAvatarSystem\Library\BurstCache\Windows-Intel\Hashes\Objects\9306b578e4ffe05c858e1e3b8d264b6d.obj	.obj	9659	2026-08-26T12:53:03.8020615+09:00	b46e50ada25c606b325d829769ea1da70be8c57f144901c69f9eed68b88f4c8b
D:\KiwiAvatarSystem\Library\BurstCache\Windows-Intel\Hashes\Objects\932d3da5bc9c1f4bc237cd78ed12783a.obj	.obj	24059	2026-08-26T12:53:06.5205596+09:00	3f898abfe436b537149d16f425c69eceb973fccc7f1ad8aba11f6cb734860291
D:\KiwiAvatarSystem\Library\BurstCache\Windows-Intel\Hashes\Objects\934da32e310a11d604760b07096c8d3f.obj	.obj	6648	2026-08-26T12:53:06.6364961+09:00	ecbf062820415beb698fa3ce93999c58ab99b734ce309d4481b654584ecaa8c2
D:\KiwiAvatarSystem\Library\BurstCache\Windows-Intel\Hashes\Objects\937c54bb47db3a73a4bc96830ab0d129.obj	.obj	5165	2026-08-14T21:22:21.1944825+09:00	e03f3e5b8b562b34c28ecade3e4ffb4d1e7fdb8ac4fd68373e2c9f766d805f2f
D:\KiwiAvatarSystem\Library\BurstCache\Windows-Intel\Hashes\Objects\939fea615f5020a37952ecca759998b6.obj	.obj	6987	2026-08-26T12:53:03.8015539+09:00	8dbb0643161ff7c1378de69f6c8fd5198c42d99200f4eab122056a80f0a76d38
D:\KiwiAvatarSystem\Library\BurstCache\Windows-Intel\Hashes\Objects\9419c9cd5e560a01d1da24dd268aa85d.obj	.obj	3065	2026-08-14T21:22:21.8170465+09:00	934f10aa611cd277b4d365a384e3648386c59b20d197860b0624885ff7793bcb
D:\KiwiAvatarSystem\Library\BurstCache\Windows-Intel\Hashes\Objects\941df7190d683a0796ba567363331275.obj	.obj	6869	2026-08-26T12:53:04.2792850+09:00	06260342f7936d6b0eaf7db54c1b0ad679689c71cbaaf73144d31e2d051de33e
D:\KiwiAvatarSystem\Library\BurstCache\Windows-Intel\Hashes\Objects\945a9fa975d1c4d87052476862f472f6.obj	.obj	1651	2026-08-14T21:22:20.5789502+09:00	1dc4924c4b4e9d0a9708551c65316babbfcdeeac3e749c5d4477dd66d15a6a33
D:\KiwiAvatarSystem\Library\BurstCache\Windows-Intel\Hashes\Objects\9488bd52a34ee4cda483bd94f7d54856.obj	.obj	11164	2026-08-26T12:53:07.8096152+09:00	d1c4683d9330900ec5f1f57524d736263e6defae3732de56b165a70718543980
D:\KiwiAvatarSystem\Library\BurstCache\Windows-Intel\Hashes\Objects\950b8d67ce7cb440373b7a8898e9da66.obj	.obj	11507	2026-08-26T12:53:03.9875325+09:00	a89d4f0fd69387fb1f6a485cebd2c0001a17ff1048015a3890cfd4ccf012a1d8
D:\KiwiAvatarSystem\Library\BurstCache\Windows-Intel\Hashes\Objects\95322c773855f59fe9845497764323e1.obj	.obj	2148	2026-08-14T21:22:21.4946743+09:00	bbd69d6653599e7d35d107a7f1ac6fb977061068d11d6135eea18fe616b0d94c
D:\KiwiAvatarSystem\Library\BurstCache\Windows-Intel\Hashes\Objects\95a71aacc436dc757c14c51a156f5252.obj	.obj	6050	2026-08-14T21:22:20.6617986+09:00	a6c67130340b89bd4436fae4eba087ee498646953619aa6280d9c1c22c29c931
D:\KiwiAvatarSystem\Library\BurstCache\Windows-Intel\Hashes\Objects\95a8b2ba631e8ccfa286e681fda39451.obj	.obj	1846	2026-08-14T21:22:21.3874387+09:00	e8fe76f4522acecd5e17e4b1f54ff588d21c9cf2563a1e53c9651c37521c4333
D:\KiwiAvatarSystem\Library\BurstCache\Windows-Intel\Hashes\Objects\95c5d328cce0256d189d44f0e4eec60d.obj	.obj	1845	2026-08-14T21:22:21.5992388+09:00	cc647d57bd3b7ad347b95de802d9f533fc7748402e03a4ff722300c2cdd1e8a6
D:\KiwiAvatarSystem\Library\BurstCache\Windows-Intel\Hashes\Objects\960c25b882d908770c302df7fa6d9290.obj	.obj	22969	2026-08-26T12:53:03.8956901+09:00	4357e25dea0b05cd76989b17da02711cfadef65009d97cf436b406380d78de5f
D:\KiwiAvatarSystem\Library\BurstCache\Windows-Intel\Hashes\Objects\9634f026c50184bf1343e7930b5d734d.obj	.obj	40805	2026-08-26T12:53:06.5714728+09:00	e34c6c75cf931b39023b40aa899c90fb24f7754dec7fd857f4ee5a1cea8128e2
D:\KiwiAvatarSystem\Library\BurstCache\Windows-Intel\Hashes\Objects\967931b3f42a80a46d6dd76b64200bd6.obj	.obj	8803	2026-08-14T21:22:20.4618802+09:00	3af8608b9c58d26b15632af9152fa9bb5d25aa02bf0d64022cb5cedfe651a058
D:\KiwiAvatarSystem\Library\BurstCache\Windows-Intel\Hashes\Objects\96efe00bd211e56d2bb2e22897c9bc8f.obj	.obj	3247	2026-08-14T21:22:20.2997036+09:00	9d87dc6c4d3c079fe667d0b32a4c16e9f2f8a164a2c98a4a2fc2f4ade9c6939a
D:\KiwiAvatarSystem\Library\BurstCache\Windows-Intel\Hashes\Objects\9713b6a3989569ac14553bb4cac515ef.obj	.obj	4518	2026-08-26T12:53:00.9994304+09:00	1353efffd58ea48aeccef21e2c6447c8b317129d5b8f4ddc163e816e04b0ab11
D:\KiwiAvatarSystem\Library\BurstCache\Windows-Intel\Hashes\Objects\9733eacdbffd2c36dc8a8b40403c690d.obj	.obj	2219	2026-08-14T21:22:20.0858219+09:00	4ce5ebf035bd6c2fe65d306b49bafc80a8becc94ec3cf74d9d5962f2447ce9e8
D:\KiwiAvatarSystem\Library\BurstCache\Windows-Intel\Hashes\Objects\9769113a110c5d6fcf1b36dac3a867cc.obj	.obj	4151	2026-08-14T21:22:21.6879678+09:00	ad906c65c1a5e21d5fab66282eb779ca0ecac04bd14e9513101f2522286a952f
D:\KiwiAvatarSystem\Library\BurstCache\Windows-Intel\Hashes\Objects\97bbb9f3ebccbdd9304b115c12ada658.obj	.obj	6926	2026-08-26T12:53:04.1916329+09:00	bcd53e8252d584b60475001a4a0ee1815b27677d8b24242ec8795b8233ad5639
D:\KiwiAvatarSystem\Library\BurstCache\Windows-Intel\Hashes\Objects\97e4d82f227362556e5292fe009e4145.obj	.obj	6796	2026-08-26T12:53:03.2328135+09:00	e9e5505a776c8267fea26412ef6d287a195f4716b38b69f97294539c0f5d8c84
D:\KiwiAvatarSystem\Library\BurstCache\Windows-Intel\Hashes\Objects\9862ebcc819c6d8b1237115e63a6773d.obj	.obj	11769	2026-08-26T12:53:04.6254401+09:00	1c6b6eda696b808917c3a9ac90241d8f9223118479b04f63a4746f358d50b7c0
D:\KiwiAvatarSystem\Library\BurstCache\Windows-Intel\Hashes\Objects\988df3aa3874b12c243dca05b031662e.obj	.obj	5884	2026-08-26T12:53:04.5188922+09:00	228ea89044a2b4b1e89e91029c077bbb2e4aaebdc0e4e267d4556b455e2931dd
D:\KiwiAvatarSystem\Library\BurstCache\Windows-Intel\Hashes\Objects\98b25cdd976e058915e96faaf28c1fac.obj	.obj	6809	2026-08-26T12:53:04.4828674+09:00	c290bb9e54805faf510c83d02518841568f8667278105613d16013f4508a703b
D:\KiwiAvatarSystem\Library\BurstCache\Windows-Intel\Hashes\Objects\98b604315d742a406ca82f063955989f.obj	.obj	1260	2026-08-14T21:22:22.5900274+09:00	59d18543f4e63628f4440a34b4a947bdeb8b363483055467ab1b10083462acae
D:\KiwiAvatarSystem\Library\BurstCache\Windows-Intel\Hashes\Objects\9915b52158014747710146177bf91f5a.obj	.obj	18803	2026-08-26T12:53:07.4644188+09:00	c0959ff6853981462a8c8c8989c0ca63a7c809ca16b88014c11facb0bbc816f5
D:\KiwiAvatarSystem\Library\BurstCache\Windows-Intel\Hashes\Objects\9956b292d780f167674c76048c700084.obj	.obj	2013	2026-08-14T21:22:21.7276264+09:00	22700761bceba6fdba72557a5ea4d4b8ab38521abed5fe068bb0ad2e3778e5a3
D:\KiwiAvatarSystem\Library\BurstCache\Windows-Intel\Hashes\Objects\9969ea3dd944a8db6576c21f95732ccf.obj	.obj	6955	2026-08-26T12:53:03.7360370+09:00	dafcaeefbdfe7e86b0821faacd40e8a67f9b5d6d0c520d1d22cf1c3860355168
D:\KiwiAvatarSystem\Library\BurstCache\Windows-Intel\Hashes\Objects\99e34d12f822facc50caf7fc11879ead.obj	.obj	68310	2026-08-26T12:53:07.1455017+09:00	e88f93fe76ea95c5d1787f14d4a9f4c38aa1a2fc0a0021e2a0a353457bffe873
D:\KiwiAvatarSystem\Library\BurstCache\Windows-Intel\Hashes\Objects\9a05a82ff4bd4e4d97a4b30222f53c2d.obj	.obj	15877	2026-08-26T12:53:07.0445075+09:00	eb2e57f28f720f13f60dd5ffa701f52782715caa0710347e290ea6f13bdb52ed
D:\KiwiAvatarSystem\Library\BurstCache\Windows-Intel\Hashes\Objects\9a3be5602b2eb1b5d43e99f410ae4af5.obj	.obj	4654	2026-08-14T21:22:21.4736769+09:00	dc979c9c817962c7efc75a52a7673bbcd934e59adb6826a49eb2f24bb1a71154
D:\KiwiAvatarSystem\Library\BurstCache\Windows-Intel\Hashes\Objects\9a91a05cd59a09eefd445a0b94e94232.obj	.obj	9727	2026-08-14T21:22:20.1143408+09:00	ea80302507371ba301f86994d4dd337453c6f187ebbf9e09a41e0b4abc4f94ba
D:\KiwiAvatarSystem\Library\BurstCache\Windows-Intel\Hashes\Objects\9b26eb600c83e59908e392cb3e338c00.obj	.obj	3512	2026-08-14T21:22:21.7648353+09:00	ccff8c971b035cf96ebb6bf75e8a844fd7657c96a750e3d36404deb5386b91f2
D:\KiwiAvatarSystem\Library\BurstCache\Windows-Intel\Hashes\Objects\9b5369d1ae4d57e3149622cc382ee056.obj	.obj	12870	2026-08-26T12:53:08.1831931+09:00	0f698b4d3748c91b8227a5492621e138fc9be180b193d05efcf80b33fab4258b
D:\KiwiAvatarSystem\Library\BurstCache\Windows-Intel\Hashes\Objects\9bb3ab39944395d51504c018d372d7cf.obj	.obj	2237	2026-08-14T21:22:20.5935155+09:00	b8a526949fb9c493f75e01a9a00a4cbcdb46acba42f5027430cf45b5847c7d02
D:\KiwiAvatarSystem\Library\BurstCache\Windows-Intel\Hashes\Objects\9bba69c63794b6657e9b34d7c10e9de9.obj	.obj	1749	2026-08-14T21:22:22.4370134+09:00	8954702632a0b1f9f238eb7ee9b9472f770c28f90bb80412fecaa429184f466f
D:\KiwiAvatarSystem\Library\BurstCache\Windows-Intel\Hashes\Objects\9be1dd25c0814ad4c191c97b0bf171d7.obj	.obj	3482	2026-08-14T21:22:21.8023840+09:00	df63aecd65ab3166f3ce169c9bd6351397e006c770440207b2e37f5366baf73c
D:\KiwiAvatarSystem\Library\BurstCache\Windows-Intel\Hashes\Objects\9c1ffe7ca2c1243895d1ae22b2e84082.obj	.obj	16979	2026-08-26T12:53:05.7778462+09:00	aa1826d874ac77f8c739e3fb7afc3713264bd05c6e56f17e4dd9c30a1f3570fe
D:\KiwiAvatarSystem\Library\BurstCache\Windows-Intel\Hashes\Objects\9c2fc445c0b466207c08cdd34faa0318.obj	.obj	2701	2026-08-14T21:22:21.8993964+09:00	a422b55f5d1f5e9154e830412eadc597b74cf683c63c5d443e62f9836a14f4c6
D:\KiwiAvatarSystem\Library\BurstCache\Windows-Intel\Hashes\Objects\9cb7a77280030bb948105e44da88f694.obj	.obj	2089	2026-08-14T21:22:21.4706461+09:00	74f37299da3625cf14e824b7356c3f4d095445435d1902baa29520fc265f0a71
D:\KiwiAvatarSystem\Library\BurstCache\Windows-Intel\Hashes\Objects\9cc89e2c8eaec610684e3af93856f030.obj	.obj	3017	2026-08-14T21:22:22.1921444+09:00	5d88a8a167765070f11849d0eb3a7f80799852a5a6e33574decd1186d58c773f
D:\KiwiAvatarSystem\Library\BurstCache\Windows-Intel\Hashes\Objects\9cd26b15bd4280055eabbe7cbca93450.obj	.obj	2075	2026-08-14T21:22:20.7676197+09:00	1a7cca31bd2d0f390e261249258da85f5b5479588d4ccc41bfd34c373e209e18
D:\KiwiAvatarSystem\Library\BurstCache\Windows-Intel\Hashes\Objects\9cf945aabfa7e565eaf3a5b9aa54d1e8.obj	.obj	3239	2026-08-26T12:53:08.3462786+09:00	5ec807b5c6037d5b7d3d2e92ea6a67f71f9a5b901480b9fc9f13bf16614ec31a
D:\KiwiAvatarSystem\Library\BurstCache\Windows-Intel\Hashes\Objects\9d269d6e359342f2dca88cc8354e77e4.obj	.obj	19842	2026-08-26T12:53:04.1069737+09:00	fdc5be015a9273db31ba3a85c097039bd299847e30bff05bca5bfa157d7ef7a4
D:\KiwiAvatarSystem\Library\BurstCache\Windows-Intel\Hashes\Objects\9d455e698238ebdb3cb4198bcf1da301.obj	.obj	1241	2026-08-14T21:22:21.7382058+09:00	61ea5d6c0ce5c764678e6c91bb6ced70937a97da9f682a13cdeca4f83fc25079
D:\KiwiAvatarSystem\Library\BurstCache\Windows-Intel\Hashes\Objects\9e017389ad387cff16873a8b7541fe58.obj	.obj	9607	2026-08-26T12:53:07.0904991+09:00	66f2cac43c9ad0f885ad3fa7d9f136335315dd4ff6c80d6e275c52f0cc8bb6dc
D:\KiwiAvatarSystem\Library\BurstCache\Windows-Intel\Hashes\Objects\9e305d08b55ba3f1dd97ce8b7d48e3e7.obj	.obj	5099	2026-08-14T21:22:20.0120159+09:00	a5d9ebf3d23d7680ad9c72de7a89d3bc4cf432055829dc5e51ae0c77aaeb1a71
D:\KiwiAvatarSystem\Library\BurstCache\Windows-Intel\Hashes\Objects\9e7c3d8e137ad035b3520bdbf4dc7137.obj	.obj	3875	2026-08-14T21:22:22.4523690+09:00	e729e22a441caf223623f1f700eb722e4398cdde7848eae29fb4d235bf594fea
D:\KiwiAvatarSystem\Library\BurstCache\Windows-Intel\Hashes\Objects\9e7fcb7e7759556d65b0344f42ebb265.obj	.obj	2703	2026-08-14T21:22:22.1379065+09:00	97e8e2b55d272151571847207dcb952b22454f45c289893970fea94bca0988fd
D:\KiwiAvatarSystem\Library\BurstCache\Windows-Intel\Hashes\Objects\9f4270733e71176ac6dde142142dd9ea.obj	.obj	6749	2026-08-26T12:53:07.2889779+09:00	14b60ab847644bec28193f8a8c7070762d964c0502483b575937f40f701972b5
D:\KiwiAvatarSystem\Library\BurstCache\Windows-Intel\Hashes\Objects\9f6e3ca0f30164b25c34133a72fcbcfb.obj	.obj	1695	2026-08-14T21:22:20.2465192+09:00	67f89905697b6ae02b1eb7147cbb19722eb3c193c1a1023eca1fc5aba1a93c3e
D:\KiwiAvatarSystem\Library\BurstCache\Windows-Intel\Hashes\Objects\9f93a43d667669fc2d2ed1fcc1349e20.obj	.obj	2617	2026-08-14T21:22:21.7392126+09:00	01102625926365e1f5b9b78e72d4c7442f1b829cd6918df411f3d28a483d2233
D:\KiwiAvatarSystem\Library\BurstCache\Windows-Intel\Hashes\Objects\9fb751f279ffa0e41bded6d96ee660fa.obj	.obj	11077	2026-08-26T12:53:08.2280319+09:00	70695f3aada36b09abec1f0b81d30f7f4987b4552245877a5f4be3081a607cfb
D:\KiwiAvatarSystem\Library\BurstCache\Windows-Intel\Hashes\Objects\a0198ef5bae2da91cff44c3f76192eac.obj	.obj	2395	2026-08-14T21:22:21.6400368+09:00	9ea55a330ab689e298c709f186549ef1569616db0d6221e045f27dd04a93149b
D:\KiwiAvatarSystem\Library\BurstCache\Windows-Intel\Hashes\Objects\a031d4b9df30abed1bd99e011560e9f3.obj	.obj	6904	2026-08-26T12:53:03.6494221+09:00	273fcf05964812686d5f93629304d9ab35e290fd85d9c67321e82cc7735d60c7
D:\KiwiAvatarSystem\Library\BurstCache\Windows-Intel\Hashes\Objects\a04aabc5111cb846392cbb2e9a3119a5.obj	.obj	5437	2026-08-14T21:22:20.7439764+09:00	4c9fe9288ceaa32d0ffd3abf4135ba7b6fb38c0d97cddff58a2786213191230c
D:\KiwiAvatarSystem\Library\BurstCache\Windows-Intel\Hashes\Objects\a069170c33369f8f6c30b7ca3a39a707.obj	.obj	6875	2026-08-26T12:53:04.3098386+09:00	207856af1018c1d9e326ceecca30701fe8d1ec05c7e3ddf0e5af9b105e564b07
D:\KiwiAvatarSystem\Library\BurstCache\Windows-Intel\Hashes\Objects\a0bab57f27e2e1d523d66f880e2759de.obj	.obj	6769	2026-08-26T12:53:04.4128637+09:00	ef98a33a52d81a0721bb2dde059e262aed96286183a9b5429e1f5d323c1674dd
D:\KiwiAvatarSystem\Library\BurstCache\Windows-Intel\Hashes\Objects\a0f41f8e5932e00bf28b3bdcfe47b0ce.obj	.obj	9462	2026-08-26T12:53:05.9029330+09:00	486bafc39ecd4d693950a5c6bf4eb86ce10986e91cef018c398beb6635762868
D:\KiwiAvatarSystem\Library\BurstCache\Windows-Intel\Hashes\Objects\a0f5529c33b37f4e2234f997fc6d723c.obj	.obj	3833	2026-08-14T21:22:20.3943712+09:00	b02d50500186de6379fbd0c3b5dc4816b34e2c1ee7ebdae74ea078ceabcf81b7
D:\KiwiAvatarSystem\Library\BurstCache\Windows-Intel\Hashes\Objects\a16e4471297d869e1a1f04b22fd79016.obj	.obj	2719	2026-08-14T21:22:22.5497455+09:00	1efc05982bd736d9c3827e8737fe5cf61a8f4023e97d3e22d3544d6c381b72cc
D:\KiwiAvatarSystem\Library\BurstCache\Windows-Intel\Hashes\Objects\a17555ff93c1304e4f9de8501def1179.obj	.obj	4075	2026-08-14T21:22:22.1560270+09:00	5d845c9643b9795fd8d1a82561ed357d111cb7ca7cb8387d284e3332d264252a
D:\KiwiAvatarSystem\Library\BurstCache\Windows-Intel\Hashes\Objects\a1a344deba854d02470d6454c4b19bda.obj	.obj	6935	2026-08-26T12:53:03.6923528+09:00	1a176bfbf743bc32b56c8c02a082947774b2f6e5e707f490fef21674c4c40034
D:\KiwiAvatarSystem\Library\BurstCache\Windows-Intel\Hashes\Objects\a1bfb3566fb95d7fb4f0a8b5ca673dff.obj	.obj	3504	2026-08-14T21:22:22.5678587+09:00	c5b40f55dbaa251a4bf53f631bfbf45d96b085c5e17a2431c8ab20ce281aa5c2
D:\KiwiAvatarSystem\Library\BurstCache\Windows-Intel\Hashes\Objects\a1c62e29c86e06d568a99c3faae323f3.obj	.obj	2765	2026-08-14T21:22:22.1158531+09:00	490d4e4ed19f45211bad15c55a2fae0fa937c26e75f13b353a61722e83c72c06
D:\KiwiAvatarSystem\Library\BurstCache\Windows-Intel\Hashes\Objects\a27d1bd929bebdc194f200f7359ac001.obj	.obj	1789	2026-08-14T21:22:20.5749145+09:00	c620141f01a73306a1b0a7065a81aeb87dfac69aec475b507ea51f9b56f89126
D:\KiwiAvatarSystem\Library\BurstCache\Windows-Intel\Hashes\Objects\a2987e2d4b952265a115bc0b6caa3a2c.obj	.obj	2747	2026-08-14T21:22:21.4931473+09:00	ed82f3513c5d0fe3bdc6e6485beb7b43baa1f911c920c9db6974b7308608a926
D:\KiwiAvatarSystem\Library\BurstCache\Windows-Intel\Hashes\Objects\a2d13a5f111eb3e5339c4f8b775fcf35.obj	.obj	5250	2026-08-26T12:53:07.1778776+09:00	fdcf0ac642a9640f5d244b1a716c5e3432bc2899db0fe2d6d92b3d87ebcc3f81
D:\KiwiAvatarSystem\Library\BurstCache\Windows-Intel\Hashes\Objects\a2fe44743d1dd5309de963bebcb1284a.obj	.obj	1779	2026-08-14T21:22:21.2020403+09:00	7bd1982f39849f7c3846d5acdf71fccedca77a3981aca78883d3676bd2f5b4a2
D:\KiwiAvatarSystem\Library\BurstCache\Windows-Intel\Hashes\Objects\a3090ef705c3af57fa1f1f5f45ffd3f7.obj	.obj	16300	2026-08-26T12:53:07.3938291+09:00	feaaad85ad6b7141d820eacfc68fffc8bd327bede37d1edc12a5953d5b3ff46d
D:\KiwiAvatarSystem\Library\BurstCache\Windows-Intel\Hashes\Objects\a30e87b6216a847878344787b1b3384d.obj	.obj	17507	2026-08-14T21:22:21.8225591+09:00	4476e4f264f0072021cd05664e36e0327a916fc75713451e7e4144fdaf989485
D:\KiwiAvatarSystem\Library\BurstCache\Windows-Intel\Hashes\Objects\a3635985381ac740c73cae2b2f65b2fd.obj	.obj	6838	2026-08-26T12:53:02.7217431+09:00	8d0b297f04a58afc072cf22fb6895beac7fd21a4a36913b99cffee1d623e7a26
D:\KiwiAvatarSystem\Library\BurstCache\Windows-Intel\Hashes\Objects\a3a7e96e0f2304f57a071a8a337c6500.obj	.obj	2699	2026-08-14T21:22:22.0219475+09:00	c9fa7ffc281e95703646767128ff7b188c8cea72fc708341a53a2850bc0c3b21
D:\KiwiAvatarSystem\Library\BurstCache\Windows-Intel\Hashes\Objects\a3ae088d9570bbe2c4dcd2100c9db3c2.obj	.obj	8365	2026-08-26T12:53:05.7054527+09:00	d4ff991d6aecbdf8cca70be743c33875994df6c23038856b03bee22d326f7608
D:\KiwiAvatarSystem\Library\BurstCache\Windows-Intel\Hashes\Objects\a4281520a5fcf22d0598089ee5dc8560.obj	.obj	7498	2026-08-14T21:22:20.3173429+09:00	79be5183439eb1eea650fd450873bc65b1b472a2f119d7215905379758bd7ddf
D:\KiwiAvatarSystem\Library\BurstCache\Windows-Intel\Hashes\Objects\a440daeb2be5db4e37ea54d097342fe0.obj	.obj	15410	2026-08-14T21:22:20.3530497+09:00	ea7bc8a0d1e0a0bb20038628153a744b187f4f1b5b3423c91ba677dcfa7bbc80
D:\KiwiAvatarSystem\Library\BurstCache\Windows-Intel\Hashes\Objects\a4981a64c9f0104b0517e97ad11d4be5.obj	.obj	2287	2026-08-14T21:22:21.2135868+09:00	fb9befcf8d614a3be0d5d525167fe9ccfbfc3ad3dd5e637e53f19100b7ab37a8
D:\KiwiAvatarSystem\Library\BurstCache\Windows-Intel\Hashes\Objects\a4ff8c23f9f6a7be0bc0e48ca9201607.obj	.obj	1715	2026-08-14T21:22:21.9558938+09:00	8cee962165877ecd154f6e10132dccadb3da080af7c54b6e9488c9e3dfbc3fb2
D:\KiwiAvatarSystem\Library\BurstCache\Windows-Intel\Hashes\Objects\a52617102cf830074c6a3a25a7bf5d19.obj	.obj	7024	2026-08-26T12:53:04.1173679+09:00	d300d2af559ad253cd6651507d25076198c9d9b9e7e6e5f8ca1d8b64a9d9351b
D:\KiwiAvatarSystem\Library\BurstCache\Windows-Intel\Hashes\Objects\a5808268b91b5a5a5ef7e20fa4873644.obj	.obj	2061	2026-08-14T21:22:20.3258754+09:00	1bd63003e469fc5bcee390b8c5398dd4043189f91d915f8374bb987803334eeb
D:\KiwiAvatarSystem\Library\BurstCache\Windows-Intel\Hashes\Objects\a589f64b6b831e2d433e106cdd8bb05a.obj	.obj	8152	2026-08-26T12:53:04.5892563+09:00	98a6a24f7f40adf00384af72e8834c21b9ce64b6f72f3323f62f1074ef64a87b
D:\KiwiAvatarSystem\Library\BurstCache\Windows-Intel\Hashes\Objects\a5a76dc40cac418ffa84677b1410ada8.obj	.obj	14657	2026-08-26T12:53:06.6704509+09:00	afb3b96abbe12ea37f6613cd87164ccf4f8baaaab1f0dbba285d2d4d67faea5e
D:\KiwiAvatarSystem\Library\BurstCache\Windows-Intel\Hashes\Objects\a5ac15948d9f0f54875e97fe057cb7a5.obj	.obj	26277	2026-08-26T12:53:03.6999039+09:00	2b7357a923c7a82bb3136d3feb80cd8d4e78b295297e6fea4f50a907cd3387d2
D:\KiwiAvatarSystem\Library\BurstCache\Windows-Intel\Hashes\Objects\a64c5e958093e9fed531a5a6d2ebdd51.obj	.obj	6032	2026-08-26T12:53:03.8740864+09:00	4a9ca8722bcc510ec3d51c8a9444381433b7902c6b108269b6a6fc54d9c2d135
D:\KiwiAvatarSystem\Library\BurstCache\Windows-Intel\Hashes\Objects\a6c839e5e8f45414150c651f578624db.obj	.obj	11827	2026-08-26T12:53:02.9747550+09:00	d3873a9c0c97ec1ed12117eb1f1d20e179f5573ea09807b216e9dfe118be2c10
D:\KiwiAvatarSystem\Library\BurstCache\Windows-Intel\Hashes\Objects\a6e4d4284ad95a340e28008f3d9a638e.obj	.obj	15263	2026-08-26T12:53:05.9690403+09:00	77ca67d399484975df91229c96a2d4c2c4d7933d8d7f4fe02a7de56e921d1402
D:\KiwiAvatarSystem\Library\BurstCache\Windows-Intel\Hashes\Objects\a70ca4b07b6b636b44f67f801bf6ca52.obj	.obj	2111	2026-08-14T21:22:21.8580239+09:00	71c4f70f0ae936d45f470825d0a96719abc518ef15503ff0bca61f581f191897
D:\KiwiAvatarSystem\Library\BurstCache\Windows-Intel\Hashes\Objects\a775703781fe8bbffdbc32df4d3ab1db.obj	.obj	11065	2026-08-26T12:53:07.4739419+09:00	69e774e2f349d2836b1910df4956c660fa2bb83d0fe8bfa8cf5a085a31b32e84
D:\KiwiAvatarSystem\Library\BurstCache\Windows-Intel\Hashes\Objects\a7830edd84ee5b34a5469fcde58dc4a3.obj	.obj	2209	2026-08-14T21:22:21.7477607+09:00	6ee7c83d99d56d3ff75e84210ac4d16ba6fe0dba4a8972048ba23b8a953bbf93
D:\KiwiAvatarSystem\Library\BurstCache\Windows-Intel\Hashes\Objects\a7daa695b239660872bdd18153b5a245.obj	.obj	5895	2026-08-14T21:22:21.4589509+09:00	276ce71952060bc94c395f01ab0925055981e4ab0e3825d9bd7202b55e160970
D:\KiwiAvatarSystem\Library\BurstCache\Windows-Intel\Hashes\Objects\a8248d1e397598fa5b505431bc27c2f0.obj	.obj	4846	2026-08-14T21:22:21.4209873+09:00	2ad96f7a72f212ad83b99b69d4140ecc900fa90b46f3ad2650dc441c1519fbea
D:\KiwiAvatarSystem\Library\BurstCache\Windows-Intel\Hashes\Objects\a83466a802d80d31bfd63cc75786101e.obj	.obj	6772	2026-08-26T12:53:07.2612110+09:00	25ec3d7cf1f140284ceab02f256fcc363dbb26427a367c40a79ebb249c73c50f
D:\KiwiAvatarSystem\Library\BurstCache\Windows-Intel\Hashes\Objects\a8452581ea6120c8df44a9ee0bdbc6ec.obj	.obj	16949	2026-08-26T12:53:07.2971237+09:00	77497a2d58361ec40cc7bb7c761e58fe73cdcace743ef618741aef2aeac1c1e5
D:\KiwiAvatarSystem\Library\BurstCache\Windows-Intel\Hashes\Objects\a86917b43b4d7585c19b979ca58ee89a.obj	.obj	2565	2026-08-14T21:22:21.8487241+09:00	7006d9321415b573ec53597ef33a676753853901377264aa188d4fdde84c8bc9
D:\KiwiAvatarSystem\Library\BurstCache\Windows-Intel\Hashes\Objects\a8b2bf139ca928754ae78c1bfc149487.obj	.obj	6779	2026-08-26T12:53:04.4083408+09:00	211d7835b4b9660f710f0be10a9059b96dd4a349658353b473b53ad270cb8e22
D:\KiwiAvatarSystem\Library\BurstCache\Windows-Intel\Hashes\Objects\a8db616ecee193923ab1d76d23f0a6e2.obj	.obj	6733	2026-08-26T12:53:04.3611510+09:00	0c10acc47ecec49f1fb793ff61a445c7149a92f1dd30e853433063fd0c9cdb15
D:\KiwiAvatarSystem\Library\BurstCache\Windows-Intel\Hashes\Objects\a8ea2c1a9f30288ada6bb26563d287af.obj	.obj	11400	2026-08-26T12:53:07.1617231+09:00	d938a667bedb96a0d72552491c5af52fc8da350fabb6eeb71b99d54d8a261d1c
D:\KiwiAvatarSystem\Library\BurstCache\Windows-Intel\Hashes\Objects\a93650c185a1f3d9136241080286112c.obj	.obj	3217	2026-08-14T21:22:20.6221209+09:00	2c80eab62af8232569bdef98245cdba5ee4c19602371c45a4db6439c0cce97a5
D:\KiwiAvatarSystem\Library\BurstCache\Windows-Intel\Hashes\Objects\a94912ac4db37a593ca6a571f6b03a74.obj	.obj	2297	2026-08-14T21:22:21.1422618+09:00	ba7c9a511b6b6bc102c4cb09768c36748926eb9dc4f3b12ad06a88e608cb3d45
D:\KiwiAvatarSystem\Library\BurstCache\Windows-Intel\Hashes\Objects\a9571ca6eaab35a51bdad9165963bbbe.obj	.obj	1996	2026-08-14T21:22:21.7608145+09:00	bd5e8939ea520560ffd16995e0ca31f11b71e14e3ed6172326ae366d39bf175e
D:\KiwiAvatarSystem\Library\BurstCache\Windows-Intel\Hashes\Objects\a9626cb0b17ed4e0b3d74f45547f7bf3.obj	.obj	15684	2026-08-26T12:53:06.9410513+09:00	6ff45e6ca8a599854b5773168d8bf8539210f425947135db0951cc056746dc49
D:\KiwiAvatarSystem\Library\BurstCache\Windows-Intel\Hashes\Objects\a99e6bfe7655829839ab491f36dcb6d9.obj	.obj	25987	2026-08-26T12:53:03.3924867+09:00	738a86a99974ec20679904f6b519e6d669ba4b9c321a872b4bb22594a714c67c
D:\KiwiAvatarSystem\Library\BurstCache\Windows-Intel\Hashes\Objects\a9fc3d03c48cf54d3b22fe6987c657b4.obj	.obj	4039	2026-08-14T21:22:21.5341859+09:00	bf17871e3c610521e5a05e9951e2da9d6f6770a34e23b18c4d18348268de8629
D:\KiwiAvatarSystem\Library\BurstCache\Windows-Intel\Hashes\Objects\aa4c91cad201a3629329c94dcd40b658.obj	.obj	9659	2026-08-26T12:53:05.7039291+09:00	03c78373b53185872705e598358a75a2ce5433823ee76ee5051452a8b498a77a
D:\KiwiAvatarSystem\Library\BurstCache\Windows-Intel\Hashes\Objects\aa525d55bd392031f1b16e0598d84f4e.obj	.obj	11473	2026-08-14T21:22:21.4850120+09:00	6b5668d9366cbe9c82f8c1912fa83d955a3ac9516413709dd6883c994cc0c6e2
D:\KiwiAvatarSystem\Library\BurstCache\Windows-Intel\Hashes\Objects\aa8f10104f3b159aa71d62371a8c4b4b.obj	.obj	20100	2026-08-26T12:53:06.9655659+09:00	3b376d5e81122910915d976c6a6614f5b19fbb915aeb24411034bafded545e1b
D:\KiwiAvatarSystem\Library\BurstCache\Windows-Intel\Hashes\Objects\aaabe7b5fe6ac5a7bccb59b395319113.obj	.obj	9192	2026-08-14T21:22:21.3447256+09:00	24c7969cc90b7105bcbc862c4c656b3381f5ba5585e869ebb3c06dd4959aea23
D:\KiwiAvatarSystem\Library\BurstCache\Windows-Intel\Hashes\Objects\aad3189db388f2bc2869fc1aae9a00b4.obj	.obj	1388	2026-08-14T21:22:22.0784844+09:00	98ffba264186e7a20fa3630f345f50072ef9ea9ccfddb416a6eadb5ee7955316
D:\KiwiAvatarSystem\Library\BurstCache\Windows-Intel\Hashes\Objects\ab29ab692cb23a3aceee440f53eefef2.obj	.obj	7453	2026-08-26T12:53:06.6034176+09:00	e30ddeceb1ba935a7f0c22f7e05d2618545e03087a086232b8c672bb4e36f285
D:\KiwiAvatarSystem\Library\BurstCache\Windows-Intel\Hashes\Objects\ab2f91b6a4b05beaeea16c8fd2ca0865.obj	.obj	11219	2026-08-26T12:53:08.2521846+09:00	e3bc71803893ac3e70aa3420bf4f67b3155b6db23d66d462303147441f5a98df
D:\KiwiAvatarSystem\Library\BurstCache\Windows-Intel\Hashes\Objects\ab57f69d16f7ed537051117ddd392dcc.obj	.obj	2085	2026-08-14T21:22:22.1247992+09:00	2d9f9ffe7a2723196a7c839faea8eccbcfd67e01bd7b91d123809a081b8b88fa
D:\KiwiAvatarSystem\Library\BurstCache\Windows-Intel\Hashes\Objects\ab7e09b716e5e3af877a894e839281ec.obj	.obj	1977	2026-08-14T21:22:21.3718788+09:00	e165ec06cc5f0dcfb94db30dc4714ecf5a509748df0d18e1286e85727a743699
D:\KiwiAvatarSystem\Library\BurstCache\Windows-Intel\Hashes\Objects\ab8356ba8562083c7c9fa7a7aa12f7c9.obj	.obj	12527	2026-08-14T21:22:21.2309068+09:00	acc49595ec6ae86c7c8c67a01c4bca6d4db78f331035fe4207cb1ba4add9ebd0
D:\KiwiAvatarSystem\Library\BurstCache\Windows-Intel\Hashes\Objects\abafa86406cce357e34b72dba476db56.obj	.obj	17942	2026-08-26T12:53:03.0544760+09:00	6356c0b107cceba3c6472c26b7b045ee4619b0e80840537953f59c7e4721b425
D:\KiwiAvatarSystem\Library\BurstCache\Windows-Intel\Hashes\Objects\abdff98d17c28dc291d61f82fbe23e26.obj	.obj	1932	2026-08-14T21:22:20.6668673+09:00	dc5374fcc790556c678b3c76768ae4409ba0f821da356dfe234c0763ac79d88a
D:\KiwiAvatarSystem\Library\BurstCache\Windows-Intel\Hashes\Objects\abf4322f1221c8d57ab4c96b93489e34.obj	.obj	10152	2026-08-14T21:22:21.5128930+09:00	a650f56d4241aa2992dac81b5fdf9cde391e0c81b1f2cd0274392b2f344b7157
D:\KiwiAvatarSystem\Library\BurstCache\Windows-Intel\Hashes\Objects\abfd611ed9d997d7b8a6c50b4df82f04.obj	.obj	14005	2026-08-26T12:53:06.7094840+09:00	21b45de769f73c60dc9e0121e94a6274e8c0926652fd4510831a1cba622cff8a
D:\KiwiAvatarSystem\Library\BurstCache\Windows-Intel\Hashes\Objects\ac0e7b7d606168a768826677d3c1bd3a.obj	.obj	1827	2026-08-14T21:22:20.7520195+09:00	ea6ef348a8a60e3bfa3f59c56860b9d0d923f609f79d3bd614093a0d740855ef
D:\KiwiAvatarSystem\Library\BurstCache\Windows-Intel\Hashes\Objects\ac179fd13603fbc99620420a0565f24a.obj	.obj	7951	2026-08-26T12:53:03.0900119+09:00	a0e8a4997ec110b741cbd92f703c9fd0bb304c5d8c3e36a6e864ecbb3abe4fc7
D:\KiwiAvatarSystem\Library\BurstCache\Windows-Intel\Hashes\Objects\ac1fc9ba3a3096ff69b68f99ba62e431.obj	.obj	7719	2026-08-26T12:53:04.0262335+09:00	3b640690b93c100945d2d1b8a377d0f3040c553ff22e408e8a19327f5ba761fe
D:\KiwiAvatarSystem\Library\BurstCache\Windows-Intel\Hashes\Objects\ac6f32d2e450dbbff20d97f63d7bc312.obj	.obj	2573	2026-08-14T21:22:20.8689853+09:00	ab5a6f9a1660e77f848465a6534d7d126349bccd61e1523e1fbfe597bdff8b82
D:\KiwiAvatarSystem\Library\BurstCache\Windows-Intel\Hashes\Objects\ac9c4e4f969558c2543df8b1cc31ce1b.obj	.obj	2701	2026-08-14T21:22:22.2328780+09:00	5b8e370e5a32fd164c5d048e0eef7a551051a52ac33701383058343dd4b57a76
D:\KiwiAvatarSystem\Library\BurstCache\Windows-Intel\Hashes\Objects\acbccb0af1eb1ec363584846b5b7bdee.obj	.obj	1698	2026-08-14T21:22:20.8489027+09:00	ce63993e25bf0e1b8ad3d3e201a6867344b4861994c9a9a0fd3d4435fa5a9dd1
D:\KiwiAvatarSystem\Library\BurstCache\Windows-Intel\Hashes\Objects\accf57f66568ba970ff27b4b676700f9.obj	.obj	2784	2026-08-14T21:22:20.6005404+09:00	deaf6cdae8fb6988ea38c3ec101917c2dcd77ef8849a6d47fae94a30545e3e7b
D:\KiwiAvatarSystem\Library\BurstCache\Windows-Intel\Hashes\Objects\ad02019c660de2324caeaed9f345f773.obj	.obj	5986	2026-08-26T12:53:03.7879963+09:00	d750163895934775c330c0fe1ec855fed6cc9500ecf49232733d2c6d3a63bd7d
D:\KiwiAvatarSystem\Library\BurstCache\Windows-Intel\Hashes\Objects\ad29cfbf617c158f3666d1af96db9f4e.obj	.obj	8086	2026-08-26T12:53:06.4289487+09:00	f04676b3a9250af717b7db015f17ca7eb3f5372be20415eae19076649778a204
D:\KiwiAvatarSystem\Library\BurstCache\Windows-Intel\Hashes\Objects\ad4afb261a561eb8c070faac885ad740.obj	.obj	12315	2026-08-26T12:53:04.4263046+09:00	51164e6ccc94bb0995420a5ab252fd015256acdcf68a95810408ff6a60efc4cf
D:\KiwiAvatarSystem\Library\BurstCache\Windows-Intel\Hashes\Objects\adc0b0b06305635181da70c487e61844.obj	.obj	1699	2026-08-14T21:22:20.5719089+09:00	934fce7f330af9a607532993d4ed376e1e639ec09b108e3d54f6226c52e00962
D:\KiwiAvatarSystem\Library\BurstCache\Windows-Intel\Hashes\Objects\adca47df79b77537ec468a3963615d2a.obj	.obj	10007	2026-08-14T21:22:20.4024239+09:00	74416cc9c4ec97c183ba69e8491daf2bfe15df766074413e1accab2dc5cbaf44
D:\KiwiAvatarSystem\Library\BurstCache\Windows-Intel\Hashes\Objects\adf09de112a0e62e505f5ca6f46de7fe.obj	.obj	1477	2026-08-14T21:22:21.7673926+09:00	1d04d33a28541c87d0d58bdb64a855c202f5c57e9d9185348f9d0466f78364e8
D:\KiwiAvatarSystem\Library\BurstCache\Windows-Intel\Hashes\Objects\ae1100deb27c355a255a6787605ac92e.obj	.obj	5771	2026-08-26T12:53:06.3858104+09:00	26bcf7aa6c4a6d0279cad3257b6f8dabb6da78259d859873ddd5b031e05ba1ab
D:\KiwiAvatarSystem\Library\BurstCache\Windows-Intel\Hashes\Objects\ae457941d588ee0b8e62517cda70cb3c.obj	.obj	9027	2026-08-26T12:53:04.3591428+09:00	445f15cdb98a19ac311ea3c9b2a1e705eae0f88e2109a8a972b8db0396a433fd
D:\KiwiAvatarSystem\Library\BurstCache\Windows-Intel\Hashes\Objects\ae4ba44c14ce8a551c295e528c2b9291.obj	.obj	17192	2026-08-26T12:53:08.0603432+09:00	239af5c2b98b070bd44b33debc9451e27081ce934165b3b7c0eceda2dfdb1c55
D:\KiwiAvatarSystem\Library\BurstCache\Windows-Intel\Hashes\Objects\ae82d37424e5cfe12d7aec65fcdd9b48.obj	.obj	2852	2026-08-14T21:22:21.1738830+09:00	b11ac9438c11cd4fc6a3a608018ee766a05cfebbadacac97b500b210313ce0ad
D:\KiwiAvatarSystem\Library\BurstCache\Windows-Intel\Hashes\Objects\ae888199d887b898cde290cfa05ba44e.obj	.obj	8014	2026-08-26T12:53:05.7215640+09:00	5cfca001b12401674951eb30c7e483bbc86f7b0011deff1a7e85d22b1b479503
D:\KiwiAvatarSystem\Library\BurstCache\Windows-Intel\Hashes\Objects\ae9b7a4a146d8725af9219d4aac23de2.obj	.obj	1693	2026-08-14T21:22:20.8744991+09:00	82e53cfa0a476dd85aac34cf8ec7ea671705cb331c1f87fbd0652896c11dc958
D:\KiwiAvatarSystem\Library\BurstCache\Windows-Intel\Hashes\Objects\aeb08655d4196f416e4de8256b27469d.obj	.obj	2199	2026-08-14T21:22:20.1617573+09:00	368f07aef6f716f1fc9fd9173faf881e4d77ed305a74884c7a78daf2a2bb099d
D:\KiwiAvatarSystem\Library\BurstCache\Windows-Intel\Hashes\Objects\aef2d28ce4a735335f2c1ed3589570f3.obj	.obj	6756	2026-08-26T12:53:04.1198855+09:00	6c123d8779a886ad558257f0079d3b4dceadffe82be502d51b32a85f1a75e584
D:\KiwiAvatarSystem\Library\BurstCache\Windows-Intel\Hashes\Objects\af0ad5575d1aba808d569f47b645809c.obj	.obj	1667	2026-08-14T21:22:20.9320366+09:00	661f4320cf62e05b7b80a639f4b0490b95b24cceced72418c15cb1e269530b02
D:\KiwiAvatarSystem\Library\BurstCache\Windows-Intel\Hashes\Objects\af9282a4af8af1e7d4313ae0c682487a.obj	.obj	11226	2026-08-26T12:53:07.5572774+09:00	f165540fd36724d53446e8fa3875d8cdd39c8575f300412540fca7510632f16b
D:\KiwiAvatarSystem\Library\BurstCache\Windows-Intel\Hashes\Objects\afdac29a53cf97903b8a3cefa7bced73.obj	.obj	2075	2026-08-14T21:22:20.0240864+09:00	1f7569ac7fd7381f1f82fa0c855b8b7e154e72ad075c25cfdd47e6188fcd7274
D:\KiwiAvatarSystem\Library\BurstCache\Windows-Intel\Hashes\Objects\afeb62fad0d1ce65f998d00c3ee233f5.obj	.obj	7676	2026-08-26T12:53:06.7240531+09:00	dde8d83c269a17289066bf61afcdf82bd405d6bbc677cee4c853045f00a7ff84
D:\KiwiAvatarSystem\Library\BurstCache\Windows-Intel\Hashes\Objects\b00e9c13d2d88a2e4fe72c952d942be7.obj	.obj	8822	2026-08-26T12:53:03.3990161+09:00	83248de2bdc676aa2c18ebdeb0ade027e3ef8091d3e0128c9d7c1a9a7f9faf55
D:\KiwiAvatarSystem\Library\BurstCache\Windows-Intel\Hashes\Objects\b0420b503f5216f12b5e88cee5047833.obj	.obj	2105	2026-08-14T21:22:20.7897686+09:00	e001b06820873ddad6929e8280b11898f064890ee228a3e80d55068da979094a
D:\KiwiAvatarSystem\Library\BurstCache\Windows-Intel\Hashes\Objects\b0824530be88165ce100a24cd9be9d86.obj	.obj	2239	2026-08-14T21:22:22.5869472+09:00	fcc284081ee48ec806fda95fdd2d5fc94d3e2e3f8a9551e55392ce96b20824dc
D:\KiwiAvatarSystem\Library\BurstCache\Windows-Intel\Hashes\Objects\b0c9c9e7e51e92c5b7dd81c2be918808.obj	.obj	11115	2026-08-26T12:53:07.4544459+09:00	dd8018f75dd9976562a45f6298ccf0de5550e588499448fb837d7be4bbd0b27d
D:\KiwiAvatarSystem\Library\BurstCache\Windows-Intel\Hashes\Objects\b0cf73f09c5fde4d21b1f82d6a49cc14.obj	.obj	8574	2026-08-26T12:53:06.7824397+09:00	0ca4771df87051e5181188f48aab92766f2c595835e6bc0077e89e375f82fd40
D:\KiwiAvatarSystem\Library\BurstCache\Windows-Intel\Hashes\Objects\b0d8904962afc2ac05394fa9b888b623.obj	.obj	6703	2026-08-26T12:53:04.3093313+09:00	af43ed1882b781903a0f90b917840a3ca688e202720e0c0ce6cbd6be0e3d6c03
D:\KiwiAvatarSystem\Library\BurstCache\Windows-Intel\Hashes\Objects\b0f3b114da2cb19868cf93e59a324d84.obj	.obj	11705	2026-08-26T12:53:07.2449844+09:00	66d70d79f748921310e7033631a3f9d0d7ffb31c6ebac9a3a251f6b5711dba2e
D:\KiwiAvatarSystem\Library\BurstCache\Windows-Intel\Hashes\Objects\b0f8cd0bb45623e33981bab9da70c099.obj	.obj	1929	2026-08-14T21:22:20.5058883+09:00	a932f3a06c8929c394ac56ebd58a018c5f7dd87d14b3b4c9c1809f03ecf4c99b
D:\KiwiAvatarSystem\Library\BurstCache\Windows-Intel\Hashes\Objects\b1d4e90faf5f565e0dc9fb477c96b416.obj	.obj	1717	2026-08-14T21:22:20.2204949+09:00	5cf38a0be7222c458572344bb39ad0f5b43cb0964495534a6426459d53007384
D:\KiwiAvatarSystem\Library\BurstCache\Windows-Intel\Hashes\Objects\b26b3917b5440d11af18a737171280c9.obj	.obj	14193	2026-08-26T12:53:06.8133975+09:00	d29b9b473ffc17e08ae58d617a2a78b0f2b743d27ecca72d524c3af9798ee7b5
D:\KiwiAvatarSystem\Library\BurstCache\Windows-Intel\Hashes\Objects\b2e219256292554994443d6abf83611b.obj	.obj	1900	2026-08-14T21:22:21.8947565+09:00	a91c1880f4611a0e44f4ff559286c597f202575b732d1f47d4d42ad86fddf7ff
D:\KiwiAvatarSystem\Library\BurstCache\Windows-Intel\Hashes\Objects\b31abe3dba5785ae119f29085347cfec.obj	.obj	2672	2026-08-14T21:22:21.1517943+09:00	4dd00e9f4cd3d73e51b522f9a5e75772d2ee6ff587ae59569237a0e8fdaefea4
D:\KiwiAvatarSystem\Library\BurstCache\Windows-Intel\Hashes\Objects\b396542579e46dceabcf4ad978bd9e36.obj	.obj	2153	2026-08-14T21:22:21.1261515+09:00	54e8a9122112585627964acb8f96b29a01ba1d3388b8dee4a981b921beae16b9
D:\KiwiAvatarSystem\Library\BurstCache\Windows-Intel\Hashes\Objects\b3e0c9b7568aeb5223d1ef082b016c20.obj	.obj	10940	2026-08-26T12:53:06.3933389+09:00	891c69e6de99913b62e9210fe8dbcc0f6b4e5d7a9e07f46599087a122dbd47e0
D:\KiwiAvatarSystem\Library\BurstCache\Windows-Intel\Hashes\Objects\b45bec092a668d0dc1c3b7878f7eb03c.obj	.obj	7402	2026-08-14T21:22:20.9688620+09:00	6ded703480af58b6a827c3d5eb69ca262893080763c6d594a1349929beb25154
D:\KiwiAvatarSystem\Library\BurstCache\Windows-Intel\Hashes\Objects\b55145dbc25118f4ded49fddf82d2ce0.obj	.obj	9059	2026-08-26T12:53:06.6931360+09:00	95e04145a733572d863e1702970bf9790f617171ec7ea1d2ce39edcf4d6bfb51
D:\KiwiAvatarSystem\Library\BurstCache\Windows-Intel\Hashes\Objects\b5994a5b194c7b23178cfc4c0da92fbb.obj	.obj	6185	2026-08-26T12:53:06.3388737+09:00	616ec554e4033b0709b7d76c1772546e57207a4fad8a8f4959b349d48de642d2
D:\KiwiAvatarSystem\Library\BurstCache\Windows-Intel\Hashes\Objects\b59c48919498cdd11dd143dbee878f48.obj	.obj	5198	2026-08-14T21:22:21.9448213+09:00	5a9e1a828d44152c4a0c9b6342a057992878f070973642d5506324810be12fde
D:\KiwiAvatarSystem\Library\BurstCache\Windows-Intel\Hashes\Objects\b5bc46a9321eb17e164cd5afd24a0ba5.obj	.obj	1849	2026-08-14T21:22:21.9312291+09:00	6de9e19ad2e07fbdbb2aa977bcf61c3e38ae616dbd7596d91c1b4de4f6e0389c
D:\KiwiAvatarSystem\Library\BurstCache\Windows-Intel\Hashes\Objects\b5c5e7ed6ec61f988239a026740a9326.obj	.obj	35159	2026-08-14T21:22:22.4092369+09:00	7990447eb611bfa8a6c15b2fdf65de2f7a993aa8c2284370dda8fc2e72eb04cc
D:\KiwiAvatarSystem\Library\BurstCache\Windows-Intel\Hashes\Objects\b6a07a81f60420a985e1817ab6d289f6.obj	.obj	2515	2026-08-14T21:22:20.7208134+09:00	f7e33cd28108c22f9cc1a7c3d1f7baf3b5dacc81efbbafcfd065d8d5f3654b7c
D:\KiwiAvatarSystem\Library\BurstCache\Windows-Intel\Hashes\Objects\b6b36b87ec930c1ef1ee856f41beb7a0.obj	.obj	21332	2026-08-26T12:53:03.9669472+09:00	4ec8a7d7ece2106f14627fa11b1ac7b975d2aad913ebcdab67f93f54fe7de29c
D:\KiwiAvatarSystem\Library\BurstCache\Windows-Intel\Hashes\Objects\b6b811c24543eb505120e6a9ffded4dc.obj	.obj	13324	2026-08-14T21:22:21.5502484+09:00	9fa3a85f876bea1cdec13fc698a70b09a7f87f78439adb002cd292f0184d81e3
D:\KiwiAvatarSystem\Library\BurstCache\Windows-Intel\Hashes\Objects\b6d895550a3b815755df83c3a99caabc.obj	.obj	14791	2026-08-14T21:22:20.2204949+09:00	881ea3d9eb0a8eb0f0460d48c4c15124995a4f87eb9cfe6ec2fa3dc9dd89fe0c
D:\KiwiAvatarSystem\Library\BurstCache\Windows-Intel\Hashes\Objects\b71f60e3b25f952da99124c193a23a25.obj	.obj	26138	2026-08-26T12:53:07.0746800+09:00	627bfdcb2c4ed4e5c173235080cce7faab0ea4b5b9b6fbb42cdb37d70f8cda5f
D:\KiwiAvatarSystem\Library\BurstCache\Windows-Intel\Hashes\Objects\b73f27dd1132794c6415d71f11d3cc16.obj	.obj	2603	2026-08-14T21:22:21.6758247+09:00	2bd47e7d35f3b705288a655bf92c63ea06365ee5ca05cb2172235509b25548ed
D:\KiwiAvatarSystem\Library\BurstCache\Windows-Intel\Hashes\Objects\b74ca8fa354380966e4144722fadb62c.obj	.obj	5032	2026-08-14T21:22:20.7082495+09:00	84a060674cef60d606278bda9d8d20b4c6c67b474346945993108821fba1fd14
D:\KiwiAvatarSystem\Library\BurstCache\Windows-Intel\Hashes\Objects\b759894fceb10e8e01e3786872e4d61a.obj	.obj	1973	2026-08-14T21:22:21.2724757+09:00	4c07c582861e917fd479b55ce08affd1f5364876f95d9beb1d6dd74579dc5d36
D:\KiwiAvatarSystem\Library\BurstCache\Windows-Intel\Hashes\Objects\b7d397fc8924e1de9fc285eb9fdaaa1c.obj	.obj	1731	2026-08-14T21:22:20.6688675+09:00	effeda16b1bb82da74eaa25f99982941839107520949a7b6848f1e09693a8538
D:\KiwiAvatarSystem\Library\BurstCache\Windows-Intel\Hashes\Objects\b7eefaefc3b491c846887f0b1f8ce4c4.obj	.obj	8113	2026-08-26T12:53:05.7390428+09:00	2d8bb612b8c3c29c0965659a76fa1f61e8481f7ddd2d767cea60a83a603350b7
D:\KiwiAvatarSystem\Library\BurstCache\Windows-Intel\Hashes\Objects\b7f5344b9e7ea393ab3786ca7d665736.obj	.obj	11127	2026-08-26T12:53:07.1290403+09:00	04612e3f99766620384210516275fa535972469a52034815f58ead8fdeb80d87
D:\KiwiAvatarSystem\Library\BurstCache\Windows-Intel\Hashes\Objects\b7fb9012495b8a92ed4429cf3f3af8a1.obj	.obj	2047	2026-08-14T21:22:20.8176563+09:00	de1defaf4ef5ecbb228e20dedfd49df1a18b10f634cb2697b3f61bdff57f594a
D:\KiwiAvatarSystem\Library\BurstCache\Windows-Intel\Hashes\Objects\b818498cb9573a308cf2467380a529bb.obj	.obj	9280	2026-08-26T12:53:07.8206989+09:00	b71247e307fc5d1d8283bdd1942b0f2127f8b1f4591d7330c545e33f90330de7
D:\KiwiAvatarSystem\Library\BurstCache\Windows-Intel\Hashes\Objects\b82360ce8e853a022374b66841d99034.obj	.obj	1845	2026-08-14T21:22:21.6219259+09:00	1bb127f9fa2a2cf814220392938bca3edae0cd5378917df7393ba6403c560719
D:\KiwiAvatarSystem\Library\BurstCache\Windows-Intel\Hashes\Objects\b838c7723119ed303dddff3940b206b6.obj	.obj	1827	2026-08-14T21:22:21.1109142+09:00	bb573d8494a24debace80ce7200532559b9d4b0664d272ae339553041ae53acc
D:\KiwiAvatarSystem\Library\BurstCache\Windows-Intel\Hashes\Objects\b8710246487d430e9a841402c36f3675.obj	.obj	2699	2026-08-14T21:22:22.0018513+09:00	facce8fdd0f4ed12bd090b8bdd417a253f2d9855378ac30b541287adf63de65c
D:\KiwiAvatarSystem\Library\BurstCache\Windows-Intel\Hashes\Objects\b8d7080c51d66a2188221f3ba64eb68b.obj	.obj	1894	2026-08-14T21:22:20.4244421+09:00	0015c482685aedee69848c74a47ae90f474c5dacf535e062364e9730128df800
D:\KiwiAvatarSystem\Library\BurstCache\Windows-Intel\Hashes\Objects\b8e9b8dc7e8ebc5a92e4b4f2c10754fa.obj	.obj	2617	2026-08-14T21:22:22.1986988+09:00	3264b51eaf62846d419a4cb4a97d48aad6afaf4201c4b39fbd1132aa7839e3fe
D:\KiwiAvatarSystem\Library\BurstCache\Windows-Intel\Hashes\Objects\b8f06545e795e8c74ed6aa9b96628c0f.obj	.obj	9082	2026-08-26T12:53:02.8676979+09:00	72a53f41d0cc45dbd407851c6680a8bc6ce91fc870908ccc7317a82508a07bca
D:\KiwiAvatarSystem\Library\BurstCache\Windows-Intel\Hashes\Objects\b9156cfabcced49ed69747d40f80f190.obj	.obj	12864	2026-08-14T21:22:20.8246937+09:00	62468a9600468047e5580cd7faa2e9eec05578568bbc3f17662137d1cba56625
D:\KiwiAvatarSystem\Library\BurstCache\Windows-Intel\Hashes\Objects\b92d58527d885d37b2ddd6dafac33678.obj	.obj	6904	2026-08-26T12:53:04.0782253+09:00	0bac75e5e27001d69b4821f6a445ab1df32c33c8ef6eef0a7455ba3e75da1479
D:\KiwiAvatarSystem\Library\BurstCache\Windows-Intel\Hashes\Objects\b9a2be4b1aeacef460af057ce4f5d7cd.obj	.obj	1682	2026-08-14T21:22:20.9472841+09:00	5295055ffb58e90ef42e73c97250f266caa594fdce61cf1185a2a2e35e142326
D:\KiwiAvatarSystem\Library\BurstCache\Windows-Intel\Hashes\Objects\ba0f9bb9425459ec115f333d3cb8b260.obj	.obj	7165	2026-08-26T12:53:03.8608587+09:00	061c67cbda648fa39358eab8f36376390b0814f4c8dac26b7fc24801207576ad
D:\KiwiAvatarSystem\Library\BurstCache\Windows-Intel\Hashes\Objects\ba1a26f2debfa45ae2f7cb4a68df1007.obj	.obj	13615	2026-08-26T12:53:06.7505120+09:00	2df54ca396943e05c9bd2ef5b4c1034fffb78cffe50e3c4380ad15dfefec3ada
D:\KiwiAvatarSystem\Library\BurstCache\Windows-Intel\Hashes\Objects\ba2f31a8b9255c0f1fd761603be7b3b9.obj	.obj	2733	2026-08-14T21:22:22.2328780+09:00	dd27906dbceef0001ee55aa5ab656be88f30f3522733792a84554ff3876cfc03
D:\KiwiAvatarSystem\Library\BurstCache\Windows-Intel\Hashes\Objects\ba3e809c30ef548ad9093b3e7bca5f23.obj	.obj	2117	2026-08-14T21:22:21.6480759+09:00	ad5696a33511f1a5f3a4b6ca26978255b4274a8f77b05cfb0f51621e274c09d1
D:\KiwiAvatarSystem\Library\BurstCache\Windows-Intel\Hashes\Objects\babb4f19ab0e29e625c3315d676cf10c.obj	.obj	2979	2026-08-14T21:22:22.0048506+09:00	bbe9fe35d64f7a00ed857926128dcb0c254c5a8aea6aa83d78c85bf5a33dc30a
D:\KiwiAvatarSystem\Library\BurstCache\Windows-Intel\Hashes\Objects\bacf56a673c15ba512bda91313a8d73b.obj	.obj	13631	2026-08-26T12:53:06.7495052+09:00	d9bfe0eb863a2ff88b14242d70f613d0077394a3e8413dde3f4fe14f83cf9487
D:\KiwiAvatarSystem\Library\BurstCache\Windows-Intel\Hashes\Objects\bae3167488c44525ac755668fdf35fa3.obj	.obj	7109	2026-08-26T12:53:03.4156644+09:00	a3cc776fee445338d467ff9638db14619f7192be431df71aee2fb27dfa4449b7
D:\KiwiAvatarSystem\Library\BurstCache\Windows-Intel\Hashes\Objects\bb2f50be7c4584d5bf85b56bf78e6825.obj	.obj	2165	2026-08-14T21:22:22.4323462+09:00	fc44119cd8aba15c50099ce67ee3038dd067a762a0ae9f1b014eacd4c17da772
D:\KiwiAvatarSystem\Library\BurstCache\Windows-Intel\Hashes\Objects\bb42a42872b73a627cf56abb7f8501f6.obj	.obj	2069	2026-08-14T21:22:20.5320906+09:00	1898897c18e6a0cc0737515ec4a4e6b91a05633a43975f821cf4a237f5ad5f9c
D:\KiwiAvatarSystem\Library\BurstCache\Windows-Intel\Hashes\Objects\bb507b1e31b490ed6d8110206573e1cc.obj	.obj	1653	2026-08-14T21:22:20.9058349+09:00	1c29cf82d6967dc132ff40c83e73832a8f065e364ccd9972e3ef1c4560cdbc6b
D:\KiwiAvatarSystem\Library\BurstCache\Windows-Intel\Hashes\Objects\bb8eb4eb923b7a02cd9b6053b8503157.obj	.obj	9294	2026-08-26T12:53:04.5312685+09:00	1ac22d6886537be9289f669a9cbef1bea5e3193995aa8b2bbd1b0b0caf9c9775
D:\KiwiAvatarSystem\Library\BurstCache\Windows-Intel\Hashes\Objects\bba2f08deb8cdaefb07f561093642248.obj	.obj	5977	2026-08-14T21:22:20.0502700+09:00	a482599f710e7e50290f795a9bfc37a7313ae3869603b83b199ce04c15a38061
D:\KiwiAvatarSystem\Library\BurstCache\Windows-Intel\Hashes\Objects\bbfd92e7ffd014862d3baf1f07e83c41.obj	.obj	4487	2026-08-14T21:22:20.0868293+09:00	6b621128f005172ec9b05af0188dfa3cc8cd67cbb29ac41fc26b276488346e95
D:\KiwiAvatarSystem\Library\BurstCache\Windows-Intel\Hashes\Objects\bc260c632bbc7a5939808816fe346fa3.obj	.obj	6943	2026-08-26T12:53:02.8344004+09:00	ceefd04de2eb546bb7a423ed9d1a2519cb68106b31dad138b9c3f0965cc45adc
D:\KiwiAvatarSystem\Library\BurstCache\Windows-Intel\Hashes\Objects\bc3f161b4aaa8b5414c174f835452374.obj	.obj	7057	2026-08-26T12:53:04.1049670+09:00	7e61846c37429892b82fa417509b0d5317669d0141044304d022a0bd8e00d379
D:\KiwiAvatarSystem\Library\BurstCache\Windows-Intel\Hashes\Objects\bc71d088347aff506b3bc034c8d879ad.obj	.obj	10688	2026-08-26T12:53:04.3390680+09:00	9081813eff0bb43cb4a5860031634a748618fdf278caad1acecffb65d6065e75
D:\KiwiAvatarSystem\Library\BurstCache\Windows-Intel\Hashes\Objects\bca193ad9472223349f259321e50932d.obj	.obj	1747	2026-08-14T21:22:20.9882513+09:00	988180aecf7d1d0ac234edec338c463fd2e66d14906951837ee22d9129609d6b
D:\KiwiAvatarSystem\Library\BurstCache\Windows-Intel\Hashes\Objects\bcbb4fbc3946b218291a202de2041b99.obj	.obj	8138	2026-08-26T12:53:04.3827468+09:00	63792f965070cc07ebe47dfec08a748ec24447a6029214c16c109eee29d3f653
D:\KiwiAvatarSystem\Library\BurstCache\Windows-Intel\Hashes\Objects\be09af63b3219ac405ba8b096b5baaad.obj	.obj	11401	2026-08-26T12:53:07.6160039+09:00	b1f8966801aa101dec5d0bb0fd48fa4f908a3c30254d0c4f8885fd57f91a80ec
D:\KiwiAvatarSystem\Library\BurstCache\Windows-Intel\Hashes\Objects\be0fd739b4de43be04ca1ddb5f54fd91.obj	.obj	2617	2026-08-14T21:22:21.9347505+09:00	d48bddfd4f2443f4064a6be309b4859a3a24dc65d48c03aaa732b41ef90df5c4
D:\KiwiAvatarSystem\Library\BurstCache\Windows-Intel\Hashes\Objects\beb64fec0c5ff9b15f7a841a5e1f3b43.obj	.obj	1240	2026-08-14T21:22:22.1595391+09:00	46bed4d8b3b13a851d5091de2cea300e23b8ac302abaa21f94a7561d9db96592
D:\KiwiAvatarSystem\Library\BurstCache\Windows-Intel\Hashes\Objects\befe7403b9f2148b442140b35315b37e.obj	.obj	8706	2026-08-26T12:53:04.2324802+09:00	bee09c654cca759bc46319a73270a27cf6e13c2560a1f3eaaf248fd0114d6d07
D:\KiwiAvatarSystem\Library\BurstCache\Windows-Intel\Hashes\Objects\bf1bc3b8b3cc41f7bd6e5260c5a69c27.obj	.obj	2697	2026-08-14T21:22:21.5921597+09:00	267c65a609d4cda3ed7fee5c8a81db1c0899254d4b07ee175c4c3d08d51c1dc7
D:\KiwiAvatarSystem\Library\BurstCache\Windows-Intel\Hashes\Objects\bf773cbf478f9316c84c6531e3342e0a.obj	.obj	6874	2026-08-26T12:53:07.7874655+09:00	497468011da27d702cc11289456dd1712373eb265e073bc970cc676f5f76eaca
D:\KiwiAvatarSystem\Library\BurstCache\Windows-Intel\Hashes\Objects\bfda36429b00d7e2d7e178fa80e45210.obj	.obj	11325	2026-08-26T12:53:08.2954460+09:00	e86b36b698f4ec9ce9fddaaf45a6746ce5ce8553f34b2f4bb3bcddb1a47e0fe1
D:\KiwiAvatarSystem\Library\BurstCache\Windows-Intel\Hashes\Objects\bff1837281127a94f07e87288a23b75e.obj	.obj	8301	2026-08-14T21:22:20.9047628+09:00	cc19dabf83c8fcc55b64ea6f00e139578962ffec0d3c04ebc59dd27fa76e2df5
D:\KiwiAvatarSystem\Library\BurstCache\Windows-Intel\Hashes\Objects\c002e4dd1852a2a3164a5168416d2805.obj	.obj	2319	2026-08-14T21:22:20.8388377+09:00	63aa4cf60f908c076ed63b062361dbe28372f005fa6ae56b8223f758d3e9812e
D:\KiwiAvatarSystem\Library\BurstCache\Windows-Intel\Hashes\Objects\c0206bfaab29ee64ec74362f998ca40a.obj	.obj	25999	2026-08-26T12:53:08.1943018+09:00	3c83e094e6c32392b5cc673d5a13c11a5aac50e17c9385cb608e07b5f3f5bd5e
D:\KiwiAvatarSystem\Library\BurstCache\Windows-Intel\Hashes\Objects\c0d6eb0f04eb23ab1a89e96440b02fa9.obj	.obj	2105	2026-08-14T21:22:22.1045938+09:00	bbdb1e8b46c93f91f97b450baa5a260d649ff7fe00d57c61f278e6c33a173eaa
D:\KiwiAvatarSystem\Library\BurstCache\Windows-Intel\Hashes\Objects\c189847bae26e1f7767bdba580f16229.obj	.obj	2105	2026-08-14T21:22:20.9917657+09:00	6625e678e199ed9830dde338028d15892deaeb4eb2020a4b2dc6900bb4dfd73c
D:\KiwiAvatarSystem\Library\BurstCache\Windows-Intel\Hashes\Objects\c19a875592984b9be6290277627e194f.obj	.obj	2362	2026-08-14T21:22:21.1422618+09:00	2431f5b58925deacbd8e32f918bfa37d6eba403b5522d9074ac85ec76d72046d
D:\KiwiAvatarSystem\Library\BurstCache\Windows-Intel\Hashes\Objects\c1bab46e93dc0994eee56d88c0721d4c.obj	.obj	2394	2026-08-14T21:22:20.8916398+09:00	af53ea8e06dda2e52788d1ba018d45531b9749bc8cca844f7bf779c0742ec9ed
D:\KiwiAvatarSystem\Library\BurstCache\Windows-Intel\Hashes\Objects\c2123f3ad53c785279120d2eff707c56.obj	.obj	8517	2026-08-26T12:53:03.9150715+09:00	e227037a82f116bb89bf8c4db60ccd5533d4f071031f321a2c356349e257c4f5
D:\KiwiAvatarSystem\Library\BurstCache\Windows-Intel\Hashes\Objects\c245ae8ee743c8c14998d6f4a5c1bc52.obj	.obj	17296	2026-08-14T21:22:22.4912480+09:00	e805beaa205b0875c174351cc2e75a1931f8ac99cab9bd126068943f59d10cff
D:\KiwiAvatarSystem\Library\BurstCache\Windows-Intel\Hashes\Objects\c24d3d618b3964f62dad1a1d86a096e8.obj	.obj	15961	2026-08-26T12:53:07.7539984+09:00	7b25439b9261b4c1d1bc36fd7f759a25592785d5579b463ea701f1488988cbf1
D:\KiwiAvatarSystem\Library\BurstCache\Windows-Intel\Hashes\Objects\c2aa7000a697c0f3ede329bfd77d764a.obj	.obj	5959	2026-08-26T12:53:03.0226065+09:00	f50cc7f615b30743fad94a766a1550459dd91efa04d099b02d7455a9ce3e5abf
D:\KiwiAvatarSystem\Library\BurstCache\Windows-Intel\Hashes\Objects\c2b6249053d341633b2b77ef574b210a.obj	.obj	2337	2026-08-14T21:22:21.2638714+09:00	9e0922be77e248c55b9ef68acec10fcc14a722c4a85d9a9284f4680d80892861
D:\KiwiAvatarSystem\Library\BurstCache\Windows-Intel\Hashes\Objects\c314ac8cfe1ea414e479a9d5ee6023c3.obj	.obj	14918	2026-08-26T12:53:03.6075030+09:00	055f16798ec209433ba137e82ccd070d9db054d3e354fb158cbc5032eef0a1d8
D:\KiwiAvatarSystem\Library\BurstCache\Windows-Intel\Hashes\Objects\c334157892276348ce4508868c26a4ae.obj	.obj	5900	2026-08-26T12:53:04.4365301+09:00	19939f0e5a7d0db673ecce71fe8c1d32d77ddc9cfee0801cc8710ac452d60bdd
D:\KiwiAvatarSystem\Library\BurstCache\Windows-Intel\Hashes\Objects\c354790b8e83cfc868ee3ee579f4add7.obj	.obj	8302	2026-08-26T12:53:06.8497233+09:00	f5ab0fcd5ac96bc0c057e5b279d4554508b82bc89823152eb6a1ede973e1ef60
D:\KiwiAvatarSystem\Library\BurstCache\Windows-Intel\Hashes\Objects\c36528912177fec0be663db89f3f49f3.obj	.obj	10752	2026-08-26T12:53:06.9479099+09:00	b19edea638d8659ce833a8402788ba88ceaebdaf46f3419f03adb1142f8b4ccc
D:\KiwiAvatarSystem\Library\BurstCache\Windows-Intel\Hashes\Objects\c3944be87a00d6c77902e85db75cae29.obj	.obj	2981	2026-08-14T21:22:21.5782234+09:00	d6c48f9718c6e01568267fbe9ea02b4affacd98dcfae16fdcf92c2d6d1e7b7f3
D:\KiwiAvatarSystem\Library\BurstCache\Windows-Intel\Hashes\Objects\c3ac2a1c6e8a18a25ac352132c55f583.obj	.obj	2715	2026-08-14T21:22:22.2573559+09:00	19ee5f66e4cc43882730a5d805d572abcae369b313fd249ed35cbdb0df46d926
D:\KiwiAvatarSystem\Library\BurstCache\Windows-Intel\Hashes\Objects\c3af40e536a2b62d1dc5852c4b12646a.obj	.obj	6053	2026-08-26T12:53:04.4616934+09:00	0ea250b4684dba44fe4543d4ea828d0da381ac43f0894aedcb0c1840a0718aa0
D:\KiwiAvatarSystem\Library\BurstCache\Windows-Intel\Hashes\Objects\c3bb6abe37a63e6ac66cc8db5454257a.obj	.obj	11311	2026-08-26T12:53:05.8260371+09:00	155b78bb2c7300850c113d4d6751b5b0c6adf7ea3e2ac85900847557769cf8c5
D:\KiwiAvatarSystem\Library\BurstCache\Windows-Intel\Hashes\Objects\c3cf1b4c35b1f23bc6e6b8350679b08e.obj	.obj	9008	2026-08-26T12:53:04.3158729+09:00	f68ff63e3022529bbc15b4645c95fb07078e42be5307d72ec971df5f273f0cb5
D:\KiwiAvatarSystem\Library\BurstCache\Windows-Intel\Hashes\Objects\c3f085dff9e078e3e8f2907bb3c2b4f9.obj	.obj	7120	2026-08-26T12:53:03.2717723+09:00	4f9993ece6f503ddfb2d0e731757a30e1fffee1e229c0daabb7916f8f14c58c8
D:\KiwiAvatarSystem\Library\BurstCache\Windows-Intel\Hashes\Objects\c3fbd4b3b333762030d9ddcadb5bae33.obj	.obj	2926	2026-08-14T21:22:21.8630398+09:00	46dd3c8247ddca895095e3d9b9c25379d366c0a2061c436e0cdbdb26ebb1872d
D:\KiwiAvatarSystem\Library\BurstCache\Windows-Intel\Hashes\Objects\c4262af7319b5f59b3357176375b9a99.obj	.obj	6032	2026-08-26T12:53:03.8277232+09:00	f34602c26c0a037ab0ccf96db0ca14d4a640000a6c91133155255b065692838b
D:\KiwiAvatarSystem\Library\BurstCache\Windows-Intel\Hashes\Objects\c46c685f127491f771495d37fb88d6c5.obj	.obj	4434	2026-08-14T21:22:20.5593396+09:00	f2dbc1f2768d56264c39680155e1749074e48609768c2741e33fa671f9e4ee30
D:\KiwiAvatarSystem\Library\BurstCache\Windows-Intel\Hashes\Objects\c4d1c0d70b6cb358455434726a9d2d83.obj	.obj	8060	2026-08-26T12:53:06.9219805+09:00	fc1d718a42128046c72a903ee3061e0dbb3ecf36f72419dca7f8bf031963b492
D:\KiwiAvatarSystem\Library\BurstCache\Windows-Intel\Hashes\Objects\c532dd33dbdc4efdc8c2fbff737d6e73.obj	.obj	3509	2026-08-14T21:22:20.7022160+09:00	6ce79a7c2da7f6b7d0516ff7d40aed86bcbdd213868a7e4e6117f7ceb301e0fc
D:\KiwiAvatarSystem\Library\BurstCache\Windows-Intel\Hashes\Objects\c57e5c3452393bee501f97ab77b919a1.obj	.obj	2069	2026-08-14T21:22:20.5149821+09:00	cefbc1a0a60bc874c19d364fc78fd8ecb41554a236f91ccb49468e39ed97bcd7
D:\KiwiAvatarSystem\Library\BurstCache\Windows-Intel\Hashes\Objects\c66b58f55f78605b6b5ab56e5df9ba5a.obj	.obj	5811	2026-08-26T12:53:06.8933637+09:00	c106d4cf9e1a71170ede11c1e36cf73f988e5778f0a056df29b3fd93ef4cc05d
D:\KiwiAvatarSystem\Library\BurstCache\Windows-Intel\Hashes\Objects\c6c2495a3dca012af07c0c910586abe8.obj	.obj	6823	2026-08-26T12:53:04.5751628+09:00	630b59669483c8179bc35291bce6b2d0f31c24d81b41ddb82ef40db3d849e836
D:\KiwiAvatarSystem\Library\BurstCache\Windows-Intel\Hashes\Objects\c6e6e3e967d9e88fa06d1504b11e644f.obj	.obj	6596	2026-08-26T12:53:02.9908768+09:00	25c7cb390e0eca5e681afdea4df444c83cf3d24aee877d22d383cf3c18eaec16
D:\KiwiAvatarSystem\Library\BurstCache\Windows-Intel\Hashes\Objects\c6e9da5de03de44cd2ce9d87736ff544.obj	.obj	18691	2026-08-14T21:22:21.1352138+09:00	10ec23bc6199272cbb8173b2cb1b907a039e28ac91f0dbcda1b9ae0ce0bcaabe
D:\KiwiAvatarSystem\Library\BurstCache\Windows-Intel\Hashes\Objects\c6ea32256069604c685e1f992c5c349c.obj	.obj	6766	2026-08-26T12:53:03.3078119+09:00	0f35ca07c9539ceece0f01bb2f5e35232eb1e554ccebeb13d4cfa73dd797c4a7
D:\KiwiAvatarSystem\Library\BurstCache\Windows-Intel\Hashes\Objects\c705177ac396511588c940d78ce9f00a.obj	.obj	2640	2026-08-14T21:22:20.5441419+09:00	4f095564876d0cc47e20d6f23317d7827137885ade393aa13cfa9c0f5c3c743f
D:\KiwiAvatarSystem\Library\BurstCache\Windows-Intel\Hashes\Objects\c740ef8b1d7e934350415d51b7f1cbed.obj	.obj	6934	2026-08-26T12:53:04.1049670+09:00	d1d34606b2a1ffdd0ec87513c825508ce6fb2edf2404160cb6d53ddc049a16ff
D:\KiwiAvatarSystem\Library\BurstCache\Windows-Intel\Hashes\Objects\c776e1b75967bcf880ec801a55871adc.obj	.obj	12589	2026-08-26T12:53:03.2567407+09:00	52d92d63b0434a8447d34f685e466696d604e7a1e4cae4914cbb8c5e4da199ef
D:\KiwiAvatarSystem\Library\BurstCache\Windows-Intel\Hashes\Objects\c7fed2865895711d954c014ccbb80a5b.obj	.obj	2085	2026-08-14T21:22:21.9282034+09:00	63b53ee3a214490e0d1194c9532821bc6f347fedfd131ba9136f199f84f7ca81
D:\KiwiAvatarSystem\Library\BurstCache\Windows-Intel\Hashes\Objects\c80507cc3dd6792c148b14ccff21504e.obj	.obj	11187	2026-08-26T12:53:06.4299544+09:00	97e3b691fb900204bbaa3d739ae7e8bfe476e1d351dd97d4c08c4ca2a24cd036
D:\KiwiAvatarSystem\Library\BurstCache\Windows-Intel\Hashes\Objects\c8841fa91a988a853ae49a080b4d73b7.obj	.obj	3309	2026-08-26T12:53:06.8716478+09:00	0bc4c8566c479d9e6a9c9e3b9037e2bf358075facca82754324db04f1c7a6bc0
D:\KiwiAvatarSystem\Library\BurstCache\Windows-Intel\Hashes\Objects\c89c5dfcbcd45a55a960e1675ddeec91.obj	.obj	12018	2026-08-26T12:53:07.6576544+09:00	27cf2d9c4aed0e07ea137920c345d21099663e714c47187251f8f1e4a35890ea
D:\KiwiAvatarSystem\Library\BurstCache\Windows-Intel\Hashes\Objects\c8f52a738df39af3a9a8bbbe9189236c.obj	.obj	3224	2026-08-26T12:53:08.2954460+09:00	022da5cf43c4426497823a05a2f42c9184d95a2b2453235d0d0a3ea9ed33e844
D:\KiwiAvatarSystem\Library\BurstCache\Windows-Intel\Hashes\Objects\c90a59eb81cf572abaac9711a561ed55.obj	.obj	15551	2026-08-26T12:53:05.7980911+09:00	2535e43cc5ffb9dffac52fa257f33d7a06b11849ca6ad6744c880fdb5ddefbf8
D:\KiwiAvatarSystem\Library\BurstCache\Windows-Intel\Hashes\Objects\c966f133de2512d3e43de5d3d6c906c3.obj	.obj	8536	2026-08-14T21:22:20.1461412+09:00	1998d406f872a1a8d03441213ef6ab38fa39a27ac4c151868a7a6fb261cdc5fd
D:\KiwiAvatarSystem\Library\BurstCache\Windows-Intel\Hashes\Objects\ca14dae79cb321029228f0d64053469a.obj	.obj	14408	2026-08-14T21:22:20.5280729+09:00	26ac12ad7dd55b37e7c675268696f9b4a7f6387cdde96af435da7d79358f0edc
D:\KiwiAvatarSystem\Library\BurstCache\Windows-Intel\Hashes\Objects\ca429cca78e694ca28cb71205b664f24.obj	.obj	2033	2026-08-14T21:22:22.2384079+09:00	ae3a60678828d6d4388c77268cee0f827ebae55ed616b908a5a0986730418dd5
D:\KiwiAvatarSystem\Library\BurstCache\Windows-Intel\Hashes\Objects\ca5143306b2c7eb6b739bfa421b2b644.obj	.obj	1786	2026-08-14T21:22:22.4370134+09:00	0c828167f421e5d411c1be37097f2ea26897e8d35c1672494a8f404ed29741bb
D:\KiwiAvatarSystem\Library\BurstCache\Windows-Intel\Hashes\Objects\ca9e720d14ea3d25870a515c6cc7db71.obj	.obj	3537	2026-08-14T21:22:20.6426465+09:00	4ad19adaa39cca344974964b9e3b2dda6de770cc23fc8e5f7e8115b702675135
D:\KiwiAvatarSystem\Library\BurstCache\Windows-Intel\Hashes\Objects\caacec9d617cc05da6e87db2d079e434.obj	.obj	7267	2026-08-14T21:22:20.8423418+09:00	85e9b16fe75528599df26994155ae2f8eadd4b997da16407921a2a0fe578f9b4
D:\KiwiAvatarSystem\Library\BurstCache\Windows-Intel\Hashes\Objects\cab842b433a9efb4513066ad4f1fdc3d.obj	.obj	1701	2026-08-14T21:22:20.0762804+09:00	515449237df71928971d7defc06c1b4ef8855c04aa93335753e1d522892e4bd7
D:\KiwiAvatarSystem\Library\BurstCache\Windows-Intel\Hashes\Objects\cae64fe2953374df8196973d3b6b4d1d.obj	.obj	8215	2026-08-14T21:22:21.1377413+09:00	df49701ec155a2e0f23e7f5230480a6b3cd073e9e892984d285bb2de5c9407c1
D:\KiwiAvatarSystem\Library\BurstCache\Windows-Intel\Hashes\Objects\caed43f89c6de60c1e4649a42028a92e.obj	.obj	13038	2026-08-14T21:22:21.3081143+09:00	80d52705816c2fb11d480f487a5996d74c3228322334bc8ccab37b44548b0d17
D:\KiwiAvatarSystem\Library\BurstCache\Windows-Intel\Hashes\Objects\cb48f9f12271201bdd980b2903563431.obj	.obj	9420	2026-08-26T12:53:02.8213178+09:00	3d2c5913bf21a9ca809d3f54079c4b88f2551dda254b69180cffad9e5a6356c6
D:\KiwiAvatarSystem\Library\BurstCache\Windows-Intel\Hashes\Objects\cbe15b59fbca3e5ad7e74314b4f500fd.obj	.obj	8309	2026-08-26T12:53:05.7566782+09:00	24b4136389c82e39c8e667d6ab1260ffedf99cf513bd290934dbbeead070c5cf
D:\KiwiAvatarSystem\Library\BurstCache\Windows-Intel\Hashes\Objects\cc611a0c273192f7e46800d109af79cf.obj	.obj	7989	2026-08-26T12:53:04.4038329+09:00	c77fb55f30be002156e4728db486165c15c19e93f98fce89732b22cc9c40752e
D:\KiwiAvatarSystem\Library\BurstCache\Windows-Intel\Hashes\Objects\cc7f3d586bb40a4098086cb09a457200.obj	.obj	2701	2026-08-14T21:22:22.5587971+09:00	4692d73e8211c4afd623bf4d47ee41cdc6215d92c1870c5eaaea444fa2df4ce3
D:\KiwiAvatarSystem\Library\BurstCache\Windows-Intel\Hashes\Objects\cd1cfea11397fe7f20f45f098ccc0d4f.obj	.obj	2385	2026-08-14T21:22:21.5718672+09:00	093192b3a42e1044bd1a712e51eba6787c91d818a00c95d11b1cb38db877e50c
D:\KiwiAvatarSystem\Library\BurstCache\Windows-Intel\Hashes\Objects\cd26cee2f52b6cb4e2d14e7c1c80965c.obj	.obj	9591	2026-08-26T12:53:07.1199146+09:00	6ac87d8afb8743d8a2c95fb7712ea99a43b06dbb49eab5be5e20e09498b8ba50
D:\KiwiAvatarSystem\Library\BurstCache\Windows-Intel\Hashes\Objects\cd6e4ab06b4cccc8f6045844c03986a7.obj	.obj	13521	2026-08-26T12:53:03.6260895+09:00	1e0bcf5f35bf4b994991bea2c1b5ffac5ae5e45474c7682098fef12bcfd3852c
D:\KiwiAvatarSystem\Library\BurstCache\Windows-Intel\Hashes\Objects\cd7c328fc01dd867ae2fe57b4344ba0a.obj	.obj	1693	2026-08-14T21:22:21.1119144+09:00	3d0dae3a1c35e077dbf76ce969545758669147aa9bd844df0f7a2fdbceaf29d4
D:\KiwiAvatarSystem\Library\BurstCache\Windows-Intel\Hashes\Objects\cdd9db43b02fd5ea24d02d32f7dbf958.obj	.obj	5788	2026-08-26T12:53:06.4014477+09:00	66a1f3b72dd25ad93005701066f66b4cf70f7300ccc8ef62f492137f358bf538
D:\KiwiAvatarSystem\Library\BurstCache\Windows-Intel\Hashes\Objects\ce00021877d78311de119bf5d6f1fa32.obj	.obj	9199	2026-08-26T12:53:05.8406267+09:00	206b7ae4a12a7e8514631878ece83826152ae95b1e355fa7b75164ea510fe97f
D:\KiwiAvatarSystem\Library\BurstCache\Windows-Intel\Hashes\Objects\ce167393bb83baae26f3c950403c9e44.obj	.obj	2239	2026-08-14T21:22:21.6622589+09:00	3df9d0466145cf610ab927a7544b14c1e4e4caf505f3bc1192111a60b863e102
D:\KiwiAvatarSystem\Library\BurstCache\Windows-Intel\Hashes\Objects\ce38fcf5291f573a80c734065961abf0.obj	.obj	5882	2026-08-26T12:53:07.5753528+09:00	41feb2c78803d3603f121a7deb1dac2e8d4952c4157dbc3dd4bcfa0decd6448e
D:\KiwiAvatarSystem\Library\BurstCache\Windows-Intel\Hashes\Objects\ce486e0e0a33ef31fa691d609c582a88.obj	.obj	1973	2026-08-14T21:22:21.2389855+09:00	875f1896c15d36fd945bd234309d4ea46ad137b1ad7384f6301c469092731fa4
D:\KiwiAvatarSystem\Library\BurstCache\Windows-Intel\Hashes\Objects\ce801ec32c4311a5f004999bcbf1b555.obj	.obj	2538	2026-08-14T21:22:20.6880926+09:00	bb2f3218d8f3fef5ccadeac5fc5c7ddbcd92a48b99ed22c39a2af60bf2d8ce76
D:\KiwiAvatarSystem\Library\BurstCache\Windows-Intel\Hashes\Objects\cedddab5108fadaaf3818897ce196ea9.obj	.obj	3869	2026-08-14T21:22:21.5397040+09:00	e829b6fbd926e8845d16c6d88a7ecb01ee638a1e88611580d88d20da9c091842
D:\KiwiAvatarSystem\Library\BurstCache\Windows-Intel\Hashes\Objects\cf5001c47af766fc7fabc24acf135584.obj	.obj	1870	2026-08-14T21:22:20.6804380+09:00	c3df3bdd352f668f4d8490be95d36f0d31baf7fd97f4ae6e19abdceb5278c87a
D:\KiwiAvatarSystem\Library\BurstCache\Windows-Intel\Hashes\Objects\cf8dcdb37a26e6346f8ca731ee709deb.obj	.obj	7109	2026-08-26T12:53:04.0903003+09:00	bfd69e084a7635749bde62159f99d849bf6ecf3fd6c753bb7d1ff4cca1e026fb
D:\KiwiAvatarSystem\Library\BurstCache\Windows-Intel\Hashes\Objects\cfa2966ac2762f7aa836b07bc3fa13fa.obj	.obj	13981	2026-08-26T12:53:06.5469384+09:00	dcd5f76cf1013790847514732188234622aad7f9a88c265c7f6b8c793646bf5a
D:\KiwiAvatarSystem\Library\BurstCache\Windows-Intel\Hashes\Objects\cfc4a498e4830ed1d4b46666fe676886.obj	.obj	8983	2026-08-26T12:53:07.1692739+09:00	efa191eacca4349c904531beba094fba5dbb96dce2713cd7919800cc99ccb589
D:\KiwiAvatarSystem\Library\BurstCache\Windows-Intel\Hashes\Objects\cff2ca83e8a3a35e66ae6b275e7e0f68.obj	.obj	11522	2026-08-26T12:53:04.5045233+09:00	d2f1e170541b9a3a97b19d5f6749b08910ba904c529fdbafd99ab8bff3803829
D:\KiwiAvatarSystem\Library\BurstCache\Windows-Intel\Hashes\Objects\d07bda85316d8d6d80d9be85e741f01f.obj	.obj	7577	2026-08-26T12:53:04.5383571+09:00	f2242f7b064ee9ff0ed36b2a75e137c81a3ff784348ed7dff1b4f5b9f882338e
D:\KiwiAvatarSystem\Library\BurstCache\Windows-Intel\Hashes\Objects\d09e9d81701d5bcb70863f049d6d6481.obj	.obj	21875	2026-08-26T12:53:07.9211487+09:00	bda970a8cc270867683158b032962af0b5048e981f11d264ee4d56c45a6fc817
D:\KiwiAvatarSystem\Library\BurstCache\Windows-Intel\Hashes\Objects\d0a22fbcf1c92ec357372c99ca5d6214.obj	.obj	2947	2026-08-14T21:22:21.8887168+09:00	4b2050036df18a195122692ba4c76ee69d4ee06d7ca3bc2e41999490ab94fb7b
D:\KiwiAvatarSystem\Library\BurstCache\Windows-Intel\Hashes\Objects\d0c1719bd02664e871909547a83b5c0c.obj	.obj	7644	2026-08-14T21:22:21.1392506+09:00	6ab28e8f31abdb60b370e6181ab41b94f7a69f7cc1aaee96967fdc06fbb3809a
D:\KiwiAvatarSystem\Library\BurstCache\Windows-Intel\Hashes\Objects\d0f691869ef2e743ffc79d76a635a464.obj	.obj	5973	2026-08-26T12:53:04.3847557+09:00	db4e1fcc5b520f53a177971d7d5783f5a3321e04e136a5975c820337cc53a473
D:\KiwiAvatarSystem\Library\BurstCache\Windows-Intel\Hashes\Objects\d135373c04b98716451ad7c4c1cd2fce.obj	.obj	2001	2026-08-14T21:22:22.2651001+09:00	6e3e2e7b98197dbea430c00ed1418ecf279600dc184f86bf9bfc9d134eb03b23
D:\KiwiAvatarSystem\Library\BurstCache\Windows-Intel\Hashes\Objects\d1a43059930ed52879b4e43b70ec79ba.obj	.obj	7067	2026-08-26T12:53:06.8513354+09:00	2b455882945082d689c4b509d34ee55f059d1f8e684e3785d28f95c7206d3e1f
D:\KiwiAvatarSystem\Library\BurstCache\Windows-Intel\Hashes\Objects\d21fae9996bf862eda3415c07ec84062.obj	.obj	2440	2026-08-14T21:22:20.8574329+09:00	87caed6eeec8807768753b8f1b391fb48ebb2b81e43a5cd620c02cb28d8df4a1
D:\KiwiAvatarSystem\Library\BurstCache\Windows-Intel\Hashes\Objects\d2cad66f4baca19b62570e843fdda17e.obj	.obj	10481	2026-08-14T21:22:21.3026025+09:00	39cdc4f61e07892bf843f59584254063af0cb54b6e5458cc766a1fe29450bee5
D:\KiwiAvatarSystem\Library\BurstCache\Windows-Intel\Hashes\Objects\d3029a863a9316f3cbbbe3bc9a504b35.obj	.obj	7349	2026-08-26T12:53:02.8505935+09:00	8fd64a03e32e32745ca38304b088e301eb5cf64308401132dd095bf8c76cad4b
D:\KiwiAvatarSystem\Library\BurstCache\Windows-Intel\Hashes\Objects\d3074c0600c264d158e84a1470be66dc.obj	.obj	4023	2026-08-14T21:22:21.5562937+09:00	afb1c1bd110e6394f85ba315bc4279439472d74e3463a7fbe9e92220781a4412
D:\KiwiAvatarSystem\Library\BurstCache\Windows-Intel\Hashes\Objects\d319fc4d6c86e5a363dc6ba563ad305f.obj	.obj	8362	2026-08-26T12:53:06.3762088+09:00	ce5425c7e820707b099d36b7cd5c6e9f81c7c99653464c204d1caf6e94a961d9
D:\KiwiAvatarSystem\Library\BurstCache\Windows-Intel\Hashes\Objects\d348f3524499ac89047a15717cd5a4b9.obj	.obj	14670	2026-08-26T12:53:06.3516986+09:00	1037fc0e56d35b5b1e1ebc90acc9a3a57b6e45df6b7e853d9d8fcc3afb93d2da
D:\KiwiAvatarSystem\Library\BurstCache\Windows-Intel\Hashes\Objects\d369279d964c5392087e8da9f5dc31aa.obj	.obj	9257	2026-08-26T12:53:04.6028616+09:00	b2836b609c1ad1fd65e80f8a055c13bd5bf264a8742f2b1075c7ec79b0b6352d
D:\KiwiAvatarSystem\Library\BurstCache\Windows-Intel\Hashes\Objects\d39ba530a6f7077b73a45d8fd73e6a16.obj	.obj	16477	2026-08-26T12:53:06.7069780+09:00	87fd933c692e4d0e6f519cc66920c5eb74df5b8353002c79c22614d1957f61f1
D:\KiwiAvatarSystem\Library\BurstCache\Windows-Intel\Hashes\Objects\d3b8b2b622dca8144e2696f965d5ec44.obj	.obj	11730	2026-08-26T12:53:03.0100065+09:00	492094b2f279017ef87a5b76049981b9fae13cf6a8f069badb12584f479774fa
D:\KiwiAvatarSystem\Library\BurstCache\Windows-Intel\Hashes\Objects\d3fd6b60b3a585e88212e9c97a70e10b.obj	.obj	10878	2026-08-26T12:53:03.0802830+09:00	f4cf2179f5ae79314492a37558af111420cb5c69b869ad212bc166c868af82bd
D:\KiwiAvatarSystem\Library\BurstCache\Windows-Intel\Hashes\Objects\d408f720f60747c8ba76d211f260c210.obj	.obj	17394	2026-08-14T21:22:21.5281513+09:00	865b7c06cf48a39d9dcce0be0c69e63aedf4b948dfa35104b715d2abdbfd7afb
D:\KiwiAvatarSystem\Library\BurstCache\Windows-Intel\Hashes\Objects\d44ecf28a5ca69460da69bc9686cbf9f.obj	.obj	1533	2026-08-14T21:22:20.4983543+09:00	0cda0748f6904df780a8c67db678764671bf7de2e4d75b1666b3beaaaad999e8
D:\KiwiAvatarSystem\Library\BurstCache\Windows-Intel\Hashes\Objects\d4896a8b33d41a0618965c7bdd42b8c4.obj	.obj	4537	2026-08-26T12:53:07.6716726+09:00	34a1654e44d1664af8362636970fd5319d175e64e8bbac722945f9998958b9e6
D:\KiwiAvatarSystem\Library\BurstCache\Windows-Intel\Hashes\Objects\d490651e9fea164b6c80921c36c49c44.obj	.obj	8379	2026-08-26T12:53:04.4969190+09:00	358340cbe14136ab9d0c27efc67fd8f06b0c580427f925192efffb0256a87b81
D:\KiwiAvatarSystem\Library\BurstCache\Windows-Intel\Hashes\Objects\d4bae745e7a282859ad70210bc823371.obj	.obj	6838	2026-08-26T12:53:03.2171478+09:00	66f7aecc9a7a19765d73795446006f926cd45bfc46364e1149a6d016a9a2c4d1
D:\KiwiAvatarSystem\Library\BurstCache\Windows-Intel\Hashes\Objects\d4f7707b4939254358c48db7d1871960.obj	.obj	11191	2026-08-26T12:53:07.6523566+09:00	6f778167903d06b4acda22bc6db0f08693a1c3689961542278bc64ea7eff00b3
D:\KiwiAvatarSystem\Library\BurstCache\Windows-Intel\Hashes\Objects\d51aac5259728b5b31b50a84115af4c1.obj	.obj	11612	2026-08-26T12:53:07.6968077+09:00	64bff44f5f2febea9d3ab38946cfcd25626fed0136fbebb3220ab5decedd53cd
D:\KiwiAvatarSystem\Library\BurstCache\Windows-Intel\Hashes\Objects\d57d2b04debe81f2f2c74f3ad3e17a8c.obj	.obj	2067	2026-08-14T21:22:21.1472810+09:00	bd2a2c638d5971357b2e38ee94639f74431512a0848226bb5f611f53e08943dc
D:\KiwiAvatarSystem\Library\BurstCache\Windows-Intel\Hashes\Objects\d586a2fe764bbbb35d279f45df6145c4.obj	.obj	3813	2026-08-14T21:22:21.7205710+09:00	86c3d23aca3377a9745bfd776ca9c9b5969390af4d5a5a17b060a1ce36cac648
D:\KiwiAvatarSystem\Library\BurstCache\Windows-Intel\Hashes\Objects\d59fae0f1f3a6108dd44634018a7811d.obj	.obj	5487	2026-08-14T21:22:20.2304153+09:00	da3d340ecbc05909114dc11750984034faca3767dddcc67fc059627d1a6f35f2
D:\KiwiAvatarSystem\Library\BurstCache\Windows-Intel\Hashes\Objects\d5b27dac8b13417de428ee2c73d11e5c.obj	.obj	6915	2026-08-26T12:53:03.9426205+09:00	014aafbd1ebaf92b3c4f6f5cfe4a143a66c244410091b1b7b3d3862f353004ad
D:\KiwiAvatarSystem\Library\BurstCache\Windows-Intel\Hashes\Objects\d673557ea56563b0d56ceb62e35ff5c1.obj	.obj	1969	2026-08-14T21:22:20.9289775+09:00	2fb88b61e6065cbe81a929b67bcae16a45f9cd403e61a3eebbc2e01616d5d4d1
D:\KiwiAvatarSystem\Library\BurstCache\Windows-Intel\Hashes\Objects\d6bdf4906ae40b887db4baf8e782c9f5.obj	.obj	15972	2026-08-26T12:53:07.7357288+09:00	09cc2683a2d2b0462a75cf04cb6cbafc2c180e0dcf9f4402bcec8ceb31833671
D:\KiwiAvatarSystem\Library\BurstCache\Windows-Intel\Hashes\Objects\d6dd805c6fcecd855c567d088076b50a.obj	.obj	7369	2026-08-26T12:53:03.7667542+09:00	983be27a62c4054d986035633827cc010676344d00e4b4d67d9952e842dc413f
D:\KiwiAvatarSystem\Library\BurstCache\Windows-Intel\Hashes\Objects\d6fa1786b9ace20b0a54285830e5e535.obj	.obj	2981	2026-08-14T21:22:21.9745143+09:00	799ab8548ba0f7f6e1d2936a21818a4f93849449bbf83760643cca7f77dc4f62
D:\KiwiAvatarSystem\Library\BurstCache\Windows-Intel\Hashes\Objects\d700ff1168eb7bd199245c07195707ed.obj	.obj	3903	2026-08-14T21:22:22.4523690+09:00	bc07623f0d38f1950f18fec22f6ab5a6460a2094118638bd3d778de4c2420b7b
D:\KiwiAvatarSystem\Library\BurstCache\Windows-Intel\Hashes\Objects\d74a87efc43897098e0f9d61045ec6de.obj	.obj	3001	2026-08-14T21:22:21.7346732+09:00	3ea4133b2ec94694725094e40bcc70f466aa945109752ef29d21a9d23240ea22
D:\KiwiAvatarSystem\Library\BurstCache\Windows-Intel\Hashes\Objects\d754f4d6cd3aaec043f80dcf6bd37a22.obj	.obj	2263	2026-08-14T21:22:20.8065838+09:00	d37df51a094bf9d933b249e1eebe7f56d8426da455154bffcba04dd56ade72af
D:\KiwiAvatarSystem\Library\BurstCache\Windows-Intel\Hashes\Objects\d79014b7ff73a7122e01a2cda8611f57.obj	.obj	1737	2026-08-14T21:22:20.6769316+09:00	f806f5fc129e7a9442fb6ab03da736ead23b0737195bd047c1b178480abe6dfe
D:\KiwiAvatarSystem\Library\BurstCache\Windows-Intel\Hashes\Objects\d7ba8553f5177cd66e3ec8f8411a11d7.obj	.obj	18303	2026-08-26T12:53:03.5792379+09:00	8ea8410b5722b09cd87223de6f388701a5f8ce42798a5f41f0a3edba43ac03b8
D:\KiwiAvatarSystem\Library\BurstCache\Windows-Intel\Hashes\Objects\d7e0e1d8c3ad9e50dce6f5a60e6b020b.obj	.obj	12468	2026-08-26T12:53:02.6964136+09:00	2fa5ddd0651f91d6d2bde1eabbec69977d056417b354482c9617dc08de76ed0f
D:\KiwiAvatarSystem\Library\BurstCache\Windows-Intel\Hashes\Objects\d82f40e37c24a9d923521207c777f55c.obj	.obj	11002	2026-08-26T12:53:07.1586650+09:00	8c0906f03261112d352ece5ef36130a05cc3eb107568418e59ae009832980f4f
D:\KiwiAvatarSystem\Library\BurstCache\Windows-Intel\Hashes\Objects\d84d5591e7da7ce85f6eb49e8dee4ad1.obj	.obj	1256	2026-08-14T21:22:21.7050555+09:00	3c69d7aca03861464028c676aaae4b3ceb24a5c74b0a26803b9f4d609ec8c234
D:\KiwiAvatarSystem\Library\BurstCache\Windows-Intel\Hashes\Objects\d8bb4c35fac5f2aed02612cc69a85615.obj	.obj	9665	2026-08-26T12:53:06.9570959+09:00	5b2f4080367d4ea25aee19c55c77a1b254039936306af3c01111d751a18716fb
D:\KiwiAvatarSystem\Library\BurstCache\Windows-Intel\Hashes\Objects\d8f9f003277ac737ee8a0634af609ff4.obj	.obj	1913	2026-08-14T21:22:20.6890933+09:00	4fc277552552f12978dfb829262e1bf9be6c828700987aa6382c30c7846776bb
D:\KiwiAvatarSystem\Library\BurstCache\Windows-Intel\Hashes\Objects\d9089cb69d2c72267bfd55875fad1056.obj	.obj	1488	2026-08-14T21:22:21.5748751+09:00	ade36c26a3f9f565391cc0a9f6b3f91f84e9458e0a83ac9275d91869982dd167
D:\KiwiAvatarSystem\Library\BurstCache\Windows-Intel\Hashes\Objects\d909d6a5b923cc1a64d4e55e6cc49dd5.obj	.obj	2872	2026-08-26T12:53:05.7390428+09:00	19b73ef31fab22993acfa019de5860b64f92eaa1ee3eed7c1e03b453601f7069
D:\KiwiAvatarSystem\Library\BurstCache\Windows-Intel\Hashes\Objects\d92a3f549d92b0eba8642587ceb05350.obj	.obj	6823	2026-08-26T12:53:04.2648367+09:00	e81be0591d1401f07dfe80c5ed3efbdccd2367597f31ace24b8e783d20f4d9a3
D:\KiwiAvatarSystem\Library\BurstCache\Windows-Intel\Hashes\Objects\d9e339090efb0f14e2891e86da2106c7.obj	.obj	6736	2026-08-26T12:53:06.3235328+09:00	412f6689d53aea41f961c85118faf1dd721f366266d4b9e0d9b701764422bcc9
D:\KiwiAvatarSystem\Library\BurstCache\Windows-Intel\Hashes\Objects\d9f07b23c5146ce857b82743acdbbd09.obj	.obj	2701	2026-08-14T21:22:22.5346484+09:00	f0702ece2c79025517e84255b5e8156a6746eccbb85c7f532e53291efa689fb4
D:\KiwiAvatarSystem\Library\BurstCache\Windows-Intel\Hashes\Objects\da643fedbdf016cc8f052465d4123d71.obj	.obj	2447	2026-08-14T21:22:21.9866143+09:00	4e3c85646783818055e1e86760d303bcf3adaea99ed90c0eecff3b0f2c261fae
D:\KiwiAvatarSystem\Library\BurstCache\Windows-Intel\Hashes\Objects\daa306fab08241e4be8e81e7cf6eb5bb.obj	.obj	10701	2026-08-26T12:53:07.7122709+09:00	447c2ae3311206f5ceed5a6790f2aa01666be11ae423221a6bd6e52e63c0b185
D:\KiwiAvatarSystem\Library\BurstCache\Windows-Intel\Hashes\Objects\dac875a678ac6c47b13778b974e468cf.obj	.obj	2472	2026-08-14T21:22:20.9017602+09:00	90e2d4a9fc52f9b8fabd400c0c739d69dd548f4b965db1fa7ab75f0302b34160
D:\KiwiAvatarSystem\Library\BurstCache\Windows-Intel\Hashes\Objects\daf5814d5b72b58204b86fde23d26f9f.obj	.obj	1917	2026-08-14T21:22:21.8695942+09:00	55c1e9dae1484869f51121983d4282c903ec94e8f9ca17246f0c919115b4f12e
D:\KiwiAvatarSystem\Library\BurstCache\Windows-Intel\Hashes\Objects\db64e9c15478334f747b21d37ccf7997.obj	.obj	11391	2026-08-26T12:53:07.6318384+09:00	41c8eca416a9da5a832d70c937093f83b89687ab8d49189bf14bd05343d1cbd8
D:\KiwiAvatarSystem\Library\BurstCache\Windows-Intel\Hashes\Objects\dbd33b3f8596f40e6e05414c1c49a428.obj	.obj	1240	2026-08-14T21:22:19.1401741+09:00	09dec94a9268b45f98e8994ec04eb7f3b3acf285c0f1381692fa14f41cfcc4b4
D:\KiwiAvatarSystem\Library\BurstCache\Windows-Intel\Hashes\Objects\dc08e2503dfd10a8dc0deedff7421a49.obj	.obj	2918	2026-08-14T21:22:22.6122450+09:00	38118ccf2d2ba0f3a65a37d67e28d67dbb36ddab0881485335fd102c4b084a4f
D:\KiwiAvatarSystem\Library\BurstCache\Windows-Intel\Hashes\Objects\dc0f0a7a656ce043d20bd5d54774e347.obj	.obj	7362	2026-08-26T12:53:04.5519593+09:00	f3f05fa2b8f5f25e440b89966e2b535de03708ea2f5b7d61605ab0d502717610
D:\KiwiAvatarSystem\Library\BurstCache\Windows-Intel\Hashes\Objects\dc46441e68b6a9dafde12d7c1ef9268b.obj	.obj	6039	2026-08-26T12:53:03.0226065+09:00	056af2b68b57e3be917ee3a766bf3c38fb93219caf7e08b6e5c0777efbe1b4a1
D:\KiwiAvatarSystem\Library\BurstCache\Windows-Intel\Hashes\Objects\dc735f7cd51d0838f48f90c6600006c3.obj	.obj	3157	2026-08-14T21:22:21.4352535+09:00	01fea9e8b3a9f918ddd9eb054e05a84006afaea9d2e7cb7684659c84f64444d2
D:\KiwiAvatarSystem\Library\BurstCache\Windows-Intel\Hashes\Objects\dc9eb1a026f2eaf4bf2591fafdb38bd7.obj	.obj	16407	2026-08-26T12:53:07.1041585+09:00	222fcaa6d02503452f703fe250d7a441d63d8a59be769389c660723831a20b01
D:\KiwiAvatarSystem\Library\BurstCache\Windows-Intel\Hashes\Objects\dcb058cef458d2ec07d80542720718b3.obj	.obj	1687	2026-08-14T21:22:20.8327428+09:00	5b02f563bda8c2bce4a8b817668a5b1d4a3c7b696b37b5e846151291cfdc6e74
D:\KiwiAvatarSystem\Library\BurstCache\Windows-Intel\Hashes\Objects\dcd6f4113c0630ec86ab456683225c16.obj	.obj	2057	2026-08-14T21:22:20.7439764+09:00	3c9ff531d838fc2c1297b28a7e86b9d50794746db6f9481b0a26a320ad893830
D:\KiwiAvatarSystem\Library\BurstCache\Windows-Intel\Hashes\Objects\dd04875a8d2a5a6146c97630785cd35b.obj	.obj	7553	2026-08-14T21:22:19.9765365+09:00	fc1ef28b2c68d92cb3bf721a0897e457170796d845277e2bb117e7ffee60b33e
D:\KiwiAvatarSystem\Library\BurstCache\Windows-Intel\Hashes\Objects\ddc6c9cbbec9ea54106c56d07dd9ad01.obj	.obj	5031	2026-08-14T21:22:22.5150305+09:00	5b6f82de71e77b8045a7b15c96e59cd3263a962c2652807e8c69fefac92d3efd
D:\KiwiAvatarSystem\Library\BurstCache\Windows-Intel\Hashes\Objects\ddda2bcf4db816a68f3dcd73600eeb8c.obj	.obj	1827	2026-08-14T21:22:20.9189221+09:00	3b9e39ed29eb9d66a49d43d94eecdc6e9d9656e053e1b8f6fe7b8859f3ee0f91
D:\KiwiAvatarSystem\Library\BurstCache\Windows-Intel\Hashes\Objects\ddea5fc49de1a4df519d8985b8f71040.obj	.obj	6870	2026-08-26T12:53:04.3546285+09:00	f8a1c3c0b5915ff9db8510e32f7d1793ec0bc284c05bfc5324da73911f095b26
D:\KiwiAvatarSystem\Library\BurstCache\Windows-Intel\Hashes\Objects\ddf51f6de12b2a765fa7ccbbaae721e0.obj	.obj	27269	2026-08-26T12:53:03.6351568+09:00	8ebc0b2813930e71859f734c8523b59ffaadde491fb7797f94dd283657718712
D:\KiwiAvatarSystem\Library\BurstCache\Windows-Intel\Hashes\Objects\de3c6fe27907aab2a816ab36e8303bfd.obj	.obj	1625	2026-08-14T21:22:21.5840957+09:00	6fd74d7a4c511ec47c822d84f4032bfac5790eb10acf48f0c5867573b63383f3
D:\KiwiAvatarSystem\Library\BurstCache\Windows-Intel\Hashes\Objects\deabf1b2426bea454900b30dd0efb05c.obj	.obj	8351	2026-08-26T12:53:04.1367307+09:00	5cdfde700aec5c1a1d1a897e516a19a0283077300001e3db8db504949ff9bf8e
D:\KiwiAvatarSystem\Library\BurstCache\Windows-Intel\Hashes\Objects\df1b3b905b767e9d63f6b28bccd9976a.obj	.obj	7241	2026-08-26T12:53:03.8509101+09:00	454dfc9b635da4fa212c4f40ca54fdd544e6ff2809553a6c1e2274d530ba06f4
D:\KiwiAvatarSystem\Library\BurstCache\Windows-Intel\Hashes\Objects\dfee1c354264339bbea6ac3d1080c144.obj	.obj	6905	2026-08-14T21:22:20.0979280+09:00	62f96d1e2b4b57d0e149ff07d5d90daf3301f8a4b6c06145d8a5bd14ae72662d
D:\KiwiAvatarSystem\Library\BurstCache\Windows-Intel\Hashes\Objects\e03b929c63ebbe6f97da11e0390728b8.obj	.obj	17279	2026-08-14T21:22:20.2658356+09:00	f5187c5d2f08f2c54b6d480bf60b99452ddf1810abb4f51fd370d4628bbf5985
D:\KiwiAvatarSystem\Library\BurstCache\Windows-Intel\Hashes\Objects\e0ff6f5983164023e11ff25445421d27.obj	.obj	8991	2026-08-26T12:53:04.1793998+09:00	ce97d3ab80c6b1d627f1f513ce7e288d310d67ee848769fdc059bff3fa18dec9
D:\KiwiAvatarSystem\Library\BurstCache\Windows-Intel\Hashes\Objects\e10cc523c9faabe64d3e85af9b9272a2.obj	.obj	5006	2026-08-14T21:22:22.2766520+09:00	6af91e50673d4a204e91a869f76ca5f4c7cf35b3a3df0b56fc5ca59f29d50de6
D:\KiwiAvatarSystem\Library\BurstCache\Windows-Intel\Hashes\Objects\e20662c9130540c7ddbab22aad245552.obj	.obj	2440	2026-08-14T21:22:20.7369205+09:00	41e53636bce2db68122df6a7615d5ac67d2dbc45c4524dbd7db830e686cd14f4
D:\KiwiAvatarSystem\Library\BurstCache\Windows-Intel\Hashes\Objects\e25bbff68293929f1620eae1d60fd5c0.obj	.obj	1687	2026-08-14T21:22:20.0626953+09:00	c5699a2c9fefb3f31f1231bbc6b4b3e33c2971e9eeb7936b75613e8c90303936
D:\KiwiAvatarSystem\Library\BurstCache\Windows-Intel\Hashes\Objects\e27f1f6d0d3e73bb5bae3bbf6ce5ceac.obj	.obj	16108	2026-08-26T12:53:08.3076751+09:00	aaf1e6e79b3ae92e2ad019a2bff6a09c65d7d79098a448f16692dc034c7a446d
D:\KiwiAvatarSystem\Library\BurstCache\Windows-Intel\Hashes\Objects\e28ac431f8fed72295a8e2e56c7c2ce9.obj	.obj	17265	2026-08-26T12:53:02.9205587+09:00	4ae2f8d980d81938152afd3223a29fc3b4e40b2b0b1caefc688aab5969d8fcf6
D:\KiwiAvatarSystem\Library\BurstCache\Windows-Intel\Hashes\Objects\e2bd6e4cc197d4d0470c153263f62c6b.obj	.obj	6278	2026-08-26T12:53:04.3747089+09:00	84b548b6d65afaa19a2ebcccdcd24103856e873337f393aa9bf0d441c12750f5
D:\KiwiAvatarSystem\Library\BurstCache\Windows-Intel\Hashes\Objects\e2e0762b58fc8f9004445affcf177047.obj	.obj	6781	2026-08-26T12:53:04.3435928+09:00	c8174f8b2d6307121eb708479323cdae57c38134c74e456db5dceb2447c97727
D:\KiwiAvatarSystem\Library\BurstCache\Windows-Intel\Hashes\Objects\e2e90849372e06e4c6ee109d896e2cdf.obj	.obj	10030	2026-08-26T12:53:02.7821584+09:00	47a0006f6a085cef944daec758625b46908e145c83451286a2de62d929baf089
D:\KiwiAvatarSystem\Library\BurstCache\Windows-Intel\Hashes\Objects\e31c039e7d8eb50d7aa9e9516cc5939f.obj	.obj	2856	2026-08-26T12:53:05.7390428+09:00	0d0d504894c58798ffe188bdf5c153f203c12057dc5457e4c8901346d5cc6ddb
D:\KiwiAvatarSystem\Library\BurstCache\Windows-Intel\Hashes\Objects\e3a81ed1421fd7fc71641c30432381af.obj	.obj	2839	2026-08-14T21:22:21.6748230+09:00	9ff94ae058eb62fa7bcb64ea662d7f43a52036a3eb00e675855a1c762e3cc9b4
D:\KiwiAvatarSystem\Library\BurstCache\Windows-Intel\Hashes\Objects\e435f2259493a51832a546a53a4a2d14.obj	.obj	6085	2026-08-26T12:53:04.1342243+09:00	d0ba5a4f63205fd4405889d64087b08c29672d6d4d25eee84a3ebe9bf415732e
D:\KiwiAvatarSystem\Library\BurstCache\Windows-Intel\Hashes\Objects\e4e292253aa01cb1d9614619584e1e92.obj	.obj	2917	2026-08-14T21:22:20.1567182+09:00	2b9f222e6a365fb671c252db9c5ea83590cde816976537f9aff5d4e095dc105f
D:\KiwiAvatarSystem\Library\BurstCache\Windows-Intel\Hashes\Objects\e4ef26e3df2eb631d6c74556ad2d087d.obj	.obj	6896	2026-08-26T12:53:02.8042374+09:00	db02087cfb35c9bb346273c2fabaa72571220e4ef67a7600f1bf4a12ed751fd4
D:\KiwiAvatarSystem\Library\BurstCache\Windows-Intel\Hashes\Objects\e54f48168e3938540ee5950d48103738.obj	.obj	6820	2026-08-26T12:53:03.1036145+09:00	8594356320bf17aa02fd44a77325455faee5d9605a0887b38e004f9a4b8ca6af
D:\KiwiAvatarSystem\Library\BurstCache\Windows-Intel\Hashes\Objects\e5857024ecdcd8ab0eca9ddf132891c2.obj	.obj	9795	2026-08-26T12:53:05.6868345+09:00	35bca3c77c9940007e2cad5502f2f7fcc156aa0ffc57c675ad612a528652424e
D:\KiwiAvatarSystem\Library\BurstCache\Windows-Intel\Hashes\Objects\e59aabf0c6e383f438f35a7b200acc98.obj	.obj	8033	2026-08-26T12:53:04.1493089+09:00	c0e18e81cd96a946c1dcb8e4ecf24f173ec273ed1220f04a84f3e7441833a1b5
D:\KiwiAvatarSystem\Library\BurstCache\Windows-Intel\Hashes\Objects\e5f3555d8a945dafebfd78cdea1eeea9.obj	.obj	1877	2026-08-14T21:22:21.7447305+09:00	e3414a43ebb5a809dd383c929edb3515ebb0f5d513b013c2ffe58195f3cf35be
D:\KiwiAvatarSystem\Library\BurstCache\Windows-Intel\Hashes\Objects\e607d4fd0adca296c1f42263186c6a94.obj	.obj	8662	2026-08-14T21:22:20.5910056+09:00	d2e94575dbe8c13de92e860e682f82277197c7ccb465f6c8f25bab748126b4a4
D:\KiwiAvatarSystem\Library\BurstCache\Windows-Intel\Hashes\Objects\e6800f8384ae672f5a8392d384161a7c.obj	.obj	8877	2026-08-26T12:53:04.4253043+09:00	f05f5dcba90743947989dde373aa13cdafb2b9725e96bafa9e0f3237d3ec05d3
D:\KiwiAvatarSystem\Library\BurstCache\Windows-Intel\Hashes\Objects\e6f0f4e1541ce7b68b51b87c9ab8a4a3.obj	.obj	7342	2026-08-26T12:53:01.1917916+09:00	790ed655c8884cfdab9e2e2e30f581f2bac3feb4c7dd746b958ecce00d4c94f1
D:\KiwiAvatarSystem\Library\BurstCache\Windows-Intel\Hashes\Objects\e7faf1d26a375a7a883e2632dc74975f.obj	.obj	24065	2026-08-26T12:53:06.6523586+09:00	d6a09fdfd1fd25c846c34da1b1790f3201f4721c2e56b136ed2fbafe347e72b6
D:\KiwiAvatarSystem\Library\BurstCache\Windows-Intel\Hashes\Objects\e8108cf5ef08e7ad92ce201e85a8dcd8.obj	.obj	7409	2026-08-26T12:53:07.6101902+09:00	c4eb68ec6af07d452ee0c0d826b807ba8c7f93ee74bdfbbde3f5206b03d70ea9
D:\KiwiAvatarSystem\Library\BurstCache\Windows-Intel\Hashes\Objects\e8330cb530621f1ff5fe0a373efbe3f3.obj	.obj	8693	2026-08-14T21:22:21.3572822+09:00	498374b12781a586d3aa8e4e843446cce0a84532b16f9db2bcc873e4ea966383
D:\KiwiAvatarSystem\Library\BurstCache\Windows-Intel\Hashes\Objects\e83a6b34f3091136db8cf511a60a2587.obj	.obj	17674	2026-08-26T12:53:06.6438023+09:00	ac91583bcc21e0e1da873cb08576738e92c61a2915d7a96da2d7ce00bb487d64
D:\KiwiAvatarSystem\Library\BurstCache\Windows-Intel\Hashes\Objects\e864b9e582c6bf3be1de4773e20c9a71.obj	.obj	11365	2026-08-26T12:53:07.2469900+09:00	6efa4d1de3a37f666bafcb9079e9427d9757119bcf9a1a7ba5bb02181797916a
D:\KiwiAvatarSystem\Library\BurstCache\Windows-Intel\Hashes\Objects\e8ca97a2d2d8d492b54c47c691e1cc27.obj	.obj	6780	2026-08-26T12:53:05.6988882+09:00	a275cd75c435ac1f58cc27c6581e2e9be68979300f9e4159278b47d582f70952
D:\KiwiAvatarSystem\Library\BurstCache\Windows-Intel\Hashes\Objects\e8dd66f92d26da2104b6b49ddba00cd8.obj	.obj	9216	2026-08-26T12:53:05.6988882+09:00	ad8e1c9f2526ca8c1c340419eb69eedc3bf84839e0d75d6020c982b2e5f10350
D:\KiwiAvatarSystem\Library\BurstCache\Windows-Intel\Hashes\Objects\e95faa6f70e58c0a78b21e0146f1c32f.obj	.obj	6814	2026-08-26T12:53:05.7476322+09:00	51d9b8b908eb8f8b52b8568ce4f0406fd566ac376cf91c86950fa8e6cf35a1bf
D:\KiwiAvatarSystem\Library\BurstCache\Windows-Intel\Hashes\Objects\e97c902000d038cdbeeae45d26dd8e82.obj	.obj	2121	2026-08-14T21:22:20.8100997+09:00	152b3e63ee2d5d76f88b7ca871a0a2ea9c306c3200ddda61d10371543f7cd9d8
D:\KiwiAvatarSystem\Library\BurstCache\Windows-Intel\Hashes\Objects\e9a0049a894ca99bdb51c898a6db12ee.obj	.obj	3017	2026-08-14T21:22:21.9088347+09:00	99dcfc6e203d5d9810e97b8886396a82537da8d1a5093a81576e7948b5467e99
D:\KiwiAvatarSystem\Library\BurstCache\Windows-Intel\Hashes\Objects\e9c6c03e9861d9c33ef61e41507ee4e4.obj	.obj	6992	2026-08-14T21:22:21.2434955+09:00	2af81f97cb9a1d2faad14cfc901fdc50b3fbcaf0862a1700f620d54c353ff75e
D:\KiwiAvatarSystem\Library\BurstCache\Windows-Intel\Hashes\Objects\ea02d4c884f61c53ca15f5497c6e4006.obj	.obj	35533	2026-08-26T12:53:03.3874260+09:00	2f9b738f3135175bba0f15aaae5b3ff05ea41af1699c65d84d0c3c777bd1d0c2
D:\KiwiAvatarSystem\Library\BurstCache\Windows-Intel\Hashes\Objects\ea1809095fdcd4ccbdb69ce6958159ae.obj	.obj	11225	2026-08-26T12:53:07.5966021+09:00	3455f2aac07cce6d0afa6d467c7f355478cfa4158eefe9a905f0b3f3124554f7
D:\KiwiAvatarSystem\Library\BurstCache\Windows-Intel\Hashes\Objects\ea58a27e583b5b7832bef3210100bd6b.obj	.obj	8042	2026-08-14T21:22:20.4108605+09:00	4fc9ffa8a6f339076dcc349d46041c59af48d4511eb762d313d180ef7a312771
D:\KiwiAvatarSystem\Library\BurstCache\Windows-Intel\Hashes\Objects\ea70692cb083e35e688e0a28ed203d20.obj	.obj	1326	2026-08-14T21:22:20.7570463+09:00	33d39c0f98b2c9da6ac239bb9e6a4eb4ae3faeaf7e64b8475341c5e528f17432
D:\KiwiAvatarSystem\Library\BurstCache\Windows-Intel\Hashes\Objects\ea8f5e29fd4e2b74471902ef011387b7.obj	.obj	19437	2026-08-26T12:53:08.1083948+09:00	f717b1ab686eaf4ec7ad78c6b7ac205bb07470c87fc3af8b8134a4f21c627623
D:\KiwiAvatarSystem\Library\BurstCache\Windows-Intel\Hashes\Objects\eb928a418e7aca05d60b296a1ad73486.obj	.obj	1833	2026-08-14T21:22:20.5658829+09:00	5859b1638fd63c2409b09b57a2c42297bf9e408c9980073073a448bb0503ec13
D:\KiwiAvatarSystem\Library\BurstCache\Windows-Intel\Hashes\Objects\ebae6fca7d60091575ee8d7c6da8fc10.obj	.obj	8917	2026-08-26T12:53:07.0659351+09:00	e4402476072240cf991256a1e35d7cd67389926f744301e8224805d4533d95d7
D:\KiwiAvatarSystem\Library\BurstCache\Windows-Intel\Hashes\Objects\ebbaa77a33bd7cb967e487636eaafef4.obj	.obj	1240	2026-08-14T21:22:19.1411759+09:00	a4f77df74fc312540a68d1d85b0b4b3c5a7f7c916793e8360aa1ab29f687f776
D:\KiwiAvatarSystem\Library\BurstCache\Windows-Intel\Hashes\Objects\ebf1160ca7e8960a4119d98fd10c7070.obj	.obj	5460	2026-08-26T12:53:08.1224782+09:00	040649ece1fe5e3eeec24bf85f06f92a8bc881b5f606e0ab9192cd7ec9054b20
D:\KiwiAvatarSystem\Library\BurstCache\Windows-Intel\Hashes\Objects\ec13c27b0bf605b5b7eed2d95ac1e523.obj	.obj	8365	2026-08-26T12:53:04.3983001+09:00	cfcdc284e02525eda550413c94590dc932ff023ff47a83b0699225ea5586604e
D:\KiwiAvatarSystem\Library\BurstCache\Windows-Intel\Hashes\Objects\ec24d2929038ad12db8a33c6c8e4c154.obj	.obj	6026	2026-08-26T12:53:03.8323195+09:00	ee8a3093d77b606fc0e5473091f296593293ed418b94a4c77549bfe3de1f0552
D:\KiwiAvatarSystem\Library\BurstCache\Windows-Intel\Hashes\Objects\ec38ff1c7fc466f9dd642a89ae850743.obj	.obj	5429	2026-08-14T21:22:21.1231252+09:00	7f517bf84ab7986b96516ace3c3f996172d57376cc4838d32fb9896c7d4f0034
D:\KiwiAvatarSystem\Library\BurstCache\Windows-Intel\Hashes\Objects\ec8466aad45c0308d8e8af85b918ade0.obj	.obj	9037	2026-08-26T12:53:05.7662314+09:00	c89ecebd90c3cf6d3f7120f7edbb3937192e92f83b8372cc8c76d58d0a6c3355
D:\KiwiAvatarSystem\Library\BurstCache\Windows-Intel\Hashes\Objects\ecfdd3a2ca17e1879d1f8bcd63e52ce8.obj	.obj	2367	2026-08-14T21:22:20.9229586+09:00	956447c4486dd41558041ef8605269f53cbdbd1d819f9d0b835a77630acdd6b5
D:\KiwiAvatarSystem\Library\BurstCache\Windows-Intel\Hashes\Objects\ed1cd3c27571feb22b5710f5815ae349.obj	.obj	10312	2026-08-26T12:53:04.5837403+09:00	ae654b7c2005a8af925b55e98fa12e2b155b12b3b6f65bcf3bea40405c58942c
D:\KiwiAvatarSystem\Library\BurstCache\Windows-Intel\Hashes\Objects\ed27cb46201c31629eb992b0c7494211.obj	.obj	7155	2026-08-26T12:53:06.7458476+09:00	8f8e6401f756c650828174d10e2cb843141ba227172a41bd22d903aacb36d02b
D:\KiwiAvatarSystem\Library\BurstCache\Windows-Intel\Hashes\Objects\ed47860849c7905f4ab36608dbeb7465.obj	.obj	2477	2026-08-14T21:22:20.6072333+09:00	30db67e27d13cb2d41474baaf6997527675fd8b159ba36903eb0932747e3a955
D:\KiwiAvatarSystem\Library\BurstCache\Windows-Intel\Hashes\Objects\ed64d8eb42ce7c519fc72a6a6faa22d7.obj	.obj	2043	2026-08-14T21:22:21.4462971+09:00	4b7cf7b1a0ce69500cd51f3c0d91920b32874d2a0a194c7b8076cf41e37c7c58
D:\KiwiAvatarSystem\Library\BurstCache\Windows-Intel\Hashes\Objects\ed65cf01f3a3d2cc0094048871b7abb0.obj	.obj	9257	2026-08-26T12:53:04.2541505+09:00	6c8e0645cefedc0ab2afdc17e95ec40d092bd963cbdd2ebffc58e20789c4109b
D:\KiwiAvatarSystem\Library\BurstCache\Windows-Intel\Hashes\Objects\edb2661b723792ac50b788ab82432901.obj	.obj	9008	2026-08-26T12:53:04.4068339+09:00	129a246955797e0522a8dd1068e532ff933d50d95a33e571c3d8a92a23f3dd03
D:\KiwiAvatarSystem\Library\BurstCache\Windows-Intel\Hashes\Objects\ee50c6b6952ca6df91d9e5f2ce49a25f.obj	.obj	2617	2026-08-14T21:22:22.5975926+09:00	b353de602c722d3a49191de9f6b585fc6b74f2b38f10cfae26c6120a1ea65302
D:\KiwiAvatarSystem\Library\BurstCache\Windows-Intel\Hashes\Objects\eee90214e0bcdcc1670541ec04eaf5be.obj	.obj	2151	2026-08-14T21:22:20.8775204+09:00	4bf101b95c13c10dc8965a6dbe84609c16357fca91ffa470e56c9965f7141a13
D:\KiwiAvatarSystem\Library\BurstCache\Windows-Intel\Hashes\Objects\ef1d032737eff5c577c90420d406ad66.obj	.obj	2304	2026-08-14T21:22:20.1713065+09:00	c619c64a1feb8b7e727449e2fc23e24792211d4019b7a3ade6e818480c6225d9
D:\KiwiAvatarSystem\Library\BurstCache\Windows-Intel\Hashes\Objects\ef25da856daa905312c019c91969dd1f.obj	.obj	2912	2026-08-14T21:22:21.7804719+09:00	fafca7419ea94282deebdab6257efcd6764d7c440190fa56f4da02c1dce9a554
D:\KiwiAvatarSystem\Library\BurstCache\Windows-Intel\Hashes\Objects\ef4aa3e14067cdc3f38a844bf6d315a7.obj	.obj	1699	2026-08-14T21:22:19.9820644+09:00	566ce546ce594253ca85d82b2840a9a353144244f6cdb7ab17aea7ded7664e96
D:\KiwiAvatarSystem\Library\BurstCache\Windows-Intel\Hashes\Objects\ef65decb8895fd567f0f7ad029301662.obj	.obj	15110	2026-08-26T12:53:06.3703762+09:00	ae26505e859c8e3ba39c768e857c12c30dbba60cf0a93ade8bfbde99d516b38d
D:\KiwiAvatarSystem\Library\BurstCache\Windows-Intel\Hashes\Objects\ef7b7a8b3e6c1a4776fa12531b492ce7.obj	.obj	13519	2026-08-26T12:53:08.2899359+09:00	44b8271f506d6364329b8cabde02891942c7647b3fd676082d2c8677b2ad39a9
D:\KiwiAvatarSystem\Library\BurstCache\Windows-Intel\Hashes\Objects\efcce25331362b9239808ccad1b4ba82.obj	.obj	10735	2026-08-26T12:53:08.3940344+09:00	b12a87d4502e8ab7d9836ea59ea157942d1dcd951fcab616a4df56ae13e6cb16
D:\KiwiAvatarSystem\Library\BurstCache\Windows-Intel\Hashes\Objects\efec8ce59e2e59abcc15b6a0bd054e45.obj	.obj	12224	2026-08-14T21:22:20.0682383+09:00	5a5e99a722f2bb0dbeda32797ee9c1800675f5a7eaaa11821d1bd5f4d3fa5bd8
D:\KiwiAvatarSystem\Library\BurstCache\Windows-Intel\Hashes\Objects\f06dfe55667976ed2197b6d12b932766.obj	.obj	2577	2026-08-14T21:22:21.9108417+09:00	efb89b9e75340643ffd899c039bdbda5d7eacb817e020bf247b96d851644aacf
D:\KiwiAvatarSystem\Library\BurstCache\Windows-Intel\Hashes\Objects\f06f7480861bdb102ba6bad5e02af0a0.obj	.obj	6731	2026-08-14T21:22:20.0512703+09:00	27d45d3d748ebeb5cec6d878e98846c9b61888222c7e2f9520b5d01440f3de58
D:\KiwiAvatarSystem\Library\BurstCache\Windows-Intel\Hashes\Objects\f0cf1995cc5c1605bddaca0c48eb335e.obj	.obj	16233	2026-08-26T12:53:07.4244664+09:00	ec8b79bbc91091ef7e2fc79d33db50288b5394fc9f393c24010b5e8d08495e9f
D:\KiwiAvatarSystem\Library\BurstCache\Windows-Intel\Hashes\Objects\f114570e7080df3cea5dbd0334084d57.obj	.obj	7866	2026-08-26T12:53:03.9749816+09:00	275ca70c1c37d089443dfa44b00547ebbbf3861aa88807ad37e4b5b4c5b1cc44
D:\KiwiAvatarSystem\Library\BurstCache\Windows-Intel\Hashes\Objects\f11d0424a96490cd6e10322b896e706d.obj	.obj	2123	2026-08-14T21:22:20.6532335+09:00	78e210fdfbc064e4888d307d7f0ab5e67813381608d44f6dac00c8c875f90e48
D:\KiwiAvatarSystem\Library\BurstCache\Windows-Intel\Hashes\Objects\f14298d283061b5ebf09d3305c23266e.obj	.obj	7945	2026-08-26T12:53:04.6198640+09:00	4513a67867eb75d4e5ef2fb82a7098fd2a6e04175be596abcc3db55493851405
D:\KiwiAvatarSystem\Library\BurstCache\Windows-Intel\Hashes\Objects\f142d6810e583bb67b5a674001224ef1.obj	.obj	2372	2026-08-14T21:22:20.7510194+09:00	12cbe0550a5f82c708f197fc0803b6daf1ec598fe29d329d8eb150f79875e74d
D:\KiwiAvatarSystem\Library\BurstCache\Windows-Intel\Hashes\Objects\f19a38e32ef68614b109337ed0f957dc.obj	.obj	2356	2026-08-14T21:22:21.1608488+09:00	9747e07698063edfbeda9e7425e96d56dcb2380e514e3b282b186a348986455b
D:\KiwiAvatarSystem\Library\BurstCache\Windows-Intel\Hashes\Objects\f20f6b050f6ea44c98a529b518309d79.obj	.obj	12011	2026-08-26T12:53:05.8612282+09:00	c1727391f80812e5c48c278abf4af467c9532952bf1322785b1dc96e0e8e420a
D:\KiwiAvatarSystem\Library\BurstCache\Windows-Intel\Hashes\Objects\f2321619a3e2acde081e8522de1570e5.obj	.obj	10518	2026-08-26T12:53:06.3792738+09:00	05e5ff46ca1daf8b5567077890f10a3b25ae0864281f1011105b0fc4b97e2db2
D:\KiwiAvatarSystem\Library\BurstCache\Windows-Intel\Hashes\Objects\f243d9a36cac6523bc85580f23efeaae.obj	.obj	7729	2026-08-26T12:53:06.5836191+09:00	876fb455eac63f445ff1bee68b6de50dc5ec853fd97bbcb82c195bd91acfabf9
D:\KiwiAvatarSystem\Library\BurstCache\Windows-Intel\Hashes\Objects\f268ed3ba1a389fed459abdc97d177cb.obj	.obj	2699	2026-08-14T21:22:22.2122792+09:00	c3924819de5a99d80167c6d56bae10f871a471c825b29b988e081794ef1c8f3c
D:\KiwiAvatarSystem\Library\BurstCache\Windows-Intel\Hashes\Objects\f297ec3095fcb1cc5767147ded1a2226.obj	.obj	6823	2026-08-26T12:53:05.7140126+09:00	5a9b11e680e906d06ac6d5f1743a30d259f837a1892733ef2ce65bd3977f6330
D:\KiwiAvatarSystem\Library\BurstCache\Windows-Intel\Hashes\Objects\f2eb7ba8e9753f961b3b4ee53d725fd9.obj	.obj	34189	2026-08-14T21:22:20.9688620+09:00	11bd06541379847301bcc0d13e35f8f39091106fa7614f30ee9aa61ebc9143e6
D:\KiwiAvatarSystem\Library\BurstCache\Windows-Intel\Hashes\Objects\f2ed2d28151ade702f8ebae7a98dd862.obj	.obj	2223	2026-08-14T21:22:21.6803844+09:00	52af9480e177bd50d1e5528ae18bcba202f9b736bc2db1a704d137fa1970abbe
D:\KiwiAvatarSystem\Library\BurstCache\Windows-Intel\Hashes\Objects\f38554fdc3c9a03dbf62e3f3a4f1842c.obj	.obj	1757	2026-08-14T21:22:20.3062493+09:00	9154a4f3bfe03d64ca149a94824c70722680ed4f3aa8083d1aed979058ebb6a5
D:\KiwiAvatarSystem\Library\BurstCache\Windows-Intel\Hashes\Objects\f39b30681ab09ed6e215d2db4a3dd0f5.obj	.obj	1893	2026-08-14T21:22:22.2188090+09:00	0bf12eaceffca1d8295a2972e4d928e601673bf4758964d364f37e412402dd95
D:\KiwiAvatarSystem\Library\BurstCache\Windows-Intel\Hashes\Objects\f3db4a3251a049a5733b126ea53bcf39.obj	.obj	7630	2026-08-26T12:53:08.0756073+09:00	dd1fbef31a209a5822737e642c3f5b4f32ea8355a1e4804b21c5875f9eda989e
D:\KiwiAvatarSystem\Library\BurstCache\Windows-Intel\Hashes\Objects\f4063c96d906545f672f010f02717ab5.obj	.obj	11966	2026-08-26T12:53:07.2900915+09:00	dd162849852260b0c2c86a1b835d44c105c1ce268055ce3ff189ae0392e50858
D:\KiwiAvatarSystem\Library\BurstCache\Windows-Intel\Hashes\Objects\f4265a95a7e5ac95559c0fc14e89f8ae.obj	.obj	3474	2026-08-14T21:22:22.5577970+09:00	0d1f0ec972fdc4e284d6c7bccb0ce12c9b8ea3987a9742b597475b267cea3aa1
D:\KiwiAvatarSystem\Library\BurstCache\Windows-Intel\Hashes\Objects\f46b2ae2edf4ed7b87eb3739f8657f55.obj	.obj	3241	2026-08-14T21:22:21.4322264+09:00	0e4d6f0df417ef436b5c03809497f6bb1ce7f0535feba9e869c24c38472e5dab
D:\KiwiAvatarSystem\Library\BurstCache\Windows-Intel\Hashes\Objects\f4a28d4f5cb00938ed533deb9f2b33c6.obj	.obj	16644	2026-08-26T12:53:06.7894669+09:00	dbece4356fc7a4bc81f71198aac1f3e3d41ab812149d0f6e028f6fd9503433bf
D:\KiwiAvatarSystem\Library\BurstCache\Windows-Intel\Hashes\Objects\f55131c85ef3fc52023896057f59ec4f.obj	.obj	2711	2026-08-14T21:22:21.6153294+09:00	58f1acf87acabad72001dbbaf74ea52ae19d84c8a5dd794890bc3d1668db0394
D:\KiwiAvatarSystem\Library\BurstCache\Windows-Intel\Hashes\Objects\f559083cf633adc7ece1a8b9c1b6b39e.obj	.obj	1687	2026-08-14T21:22:20.8302291+09:00	6810e14c448b9a16cdac05c145ff896bbfc9a0437d242fd75560c3b3b907f052
D:\KiwiAvatarSystem\Library\BurstCache\Windows-Intel\Hashes\Objects\f5b52130e68f36a8b6823348177408b8.obj	.obj	6880	2026-08-26T12:53:02.7625993+09:00	7fee8ef8bb93c4710661f8addd3b3588afc17218552437d7bdab6b7455d9bcfe
D:\KiwiAvatarSystem\Library\BurstCache\Windows-Intel\Hashes\Objects\f5f8d1b34eb10a004240788345cb1479.obj	.obj	2699	2026-08-14T21:22:22.5442335+09:00	29bff8cf6db1f8b11bc16c5a1aaa0756a00ad1732a460f31281ad70de54c335c
D:\KiwiAvatarSystem\Library\BurstCache\Windows-Intel\Hashes\Objects\f60f26fc3f1f22e7246ec636138aae6a.obj	.obj	7594	2026-08-26T12:53:04.4546662+09:00	3186f5e1b2798f0338144917d46e6c763886001590bc1adfa35bcd476da5e9c1
D:\KiwiAvatarSystem\Library\BurstCache\Windows-Intel\Hashes\Objects\f64015a2af1b4151d4f67774d0bfd34f.obj	.obj	11559	2026-08-26T12:53:06.5921503+09:00	635def41df81fec2411cc56c0a583bf9bc796607a6cf46be4eebc92f5e85487e
D:\KiwiAvatarSystem\Library\BurstCache\Windows-Intel\Hashes\Objects\f731a29d9e11b3f629c08e6eeec89d3f.obj	.obj	9291	2026-08-26T12:53:04.3892671+09:00	5a4904a9861d62fe6d2b20e478940d961ba50bfb94d4518659b67383aab82870
D:\KiwiAvatarSystem\Library\BurstCache\Windows-Intel\Hashes\Objects\f774f25e5b30834c8eaed408d3d70e45.obj	.obj	1244	2026-08-14T21:22:22.5794159+09:00	d562ee6576fd4fe1ad3b4513be7c4c91f262f0600f95b19c5f352d018921443d
D:\KiwiAvatarSystem\Library\BurstCache\Windows-Intel\Hashes\Objects\f77f4057a9b2f83a9659c02135429085.obj	.obj	6690	2026-08-26T12:53:03.7799265+09:00	8eb14fd966a02d01892766e35dfd43a372f4c146b9b70b8d914f77070f703c6a
D:\KiwiAvatarSystem\Library\BurstCache\Windows-Intel\Hashes\Objects\f85de2a4aa98c3c0fdabb8c774e32269.obj	.obj	9194	2026-08-14T21:22:21.2409835+09:00	1b47c67570bfe65639662c5fee5288d675ed1c3af55f8698a0a990ba3415b6eb
D:\KiwiAvatarSystem\Library\BurstCache\Windows-Intel\Hashes\Objects\f86b65fac1d213f170eb678f79397f9d.obj	.obj	16148	2026-08-26T12:53:03.2434979+09:00	72b827f5248d571834d59034392faa58a06d5ef2ae22716f4b905f8ac682bf06
D:\KiwiAvatarSystem\Library\BurstCache\Windows-Intel\Hashes\Objects\f8da97db8b6ae1e47e5034bae060ef0f.obj	.obj	12533	2026-08-26T12:53:07.8724338+09:00	c0a19b88bc9b1ecd5ad98d93a3ecce7f084250e08efcae1517f649969fe4c841
D:\KiwiAvatarSystem\Library\BurstCache\Windows-Intel\Hashes\Objects\f8fb089cd2d3c9a2d992b7743aaa7178.obj	.obj	2376	2026-08-14T21:22:20.8795344+09:00	3ee200b68a73d6848dfe5151fb3a14c195fa0e88c0269cce5215df75b6fcae66
D:\KiwiAvatarSystem\Library\BurstCache\Windows-Intel\Hashes\Objects\f91db5a6d294970c85e86ed9fe548bd6.obj	.obj	22306	2026-08-26T12:53:03.1582686+09:00	612d7b5f8b33aab09ce7b9141ecf573834532062ac525d9d990d8dc0545e5b9b
D:\KiwiAvatarSystem\Library\BurstCache\Windows-Intel\Hashes\Objects\f9783da24e5f604e495d9b03d14ebc68.obj	.obj	1813	2026-08-14T21:22:20.8936700+09:00	e1cb738be98a281c8f39b740fb4b9bc1558f2b4b6ea1c1b21baee212a7983cd5
D:\KiwiAvatarSystem\Library\BurstCache\Windows-Intel\Hashes\Objects\f98ff403867db0cb85b4c1d3d5e10b65.obj	.obj	2926	2026-08-14T21:22:21.9815719+09:00	b8c42dfb62884977881fbfff572cdbae884280e912102e225eb2e40aa55ecfed
D:\KiwiAvatarSystem\Library\BurstCache\Windows-Intel\Hashes\Objects\f99f1bb93c511f6c57e937c7c9b82eae.obj	.obj	9232	2026-08-26T12:53:05.6988882+09:00	6a072cf907332dae247d0718a401b40d88dd82d10d018f810eb4acbeba7d3715
D:\KiwiAvatarSystem\Library\BurstCache\Windows-Intel\Hashes\Objects\fa03ef8d02b21c55dc0864d400fa41e1.obj	.obj	23211	2026-08-26T12:53:05.7576844+09:00	0bccc0ba8d4eff99fba3a57a661df7813ef02e042917b052288bbe31f5ab10ad
D:\KiwiAvatarSystem\Library\BurstCache\Windows-Intel\Hashes\Objects\faeffd65ac6dfe419d4378f55e612342.obj	.obj	4097	2026-08-14T21:22:21.9674694+09:00	e0a3d65e393c5f1c44ba6fecb7de413449b95ae3b476cc4bef9acc87a04c53cc
D:\KiwiAvatarSystem\Library\BurstCache\Windows-Intel\Hashes\Objects\fb3ae1816e3ef973d726bac413a853a8.obj	.obj	3232	2026-08-14T21:22:20.2141726+09:00	7331235d7b21d665313759835738c6fa6b6b45303f0f5b39e813a50035e9447f
D:\KiwiAvatarSystem\Library\BurstCache\Windows-Intel\Hashes\Objects\fb483d88a0453ff451abe9c16a775f13.obj	.obj	11352	2026-08-26T12:53:04.2375075+09:00	f886696043bb50087fa23b8edf0349fdbb42cc98337a025dc0cbd98b6ff33dce
D:\KiwiAvatarSystem\Library\BurstCache\Windows-Intel\Hashes\Objects\fbab4c2dada28e71b0e37f282c4a8eef.obj	.obj	11095	2026-08-26T12:53:08.2718517+09:00	bfe3dfe4ce73b87f33c4086b96f977661fabc7f4fd9976aabc3dff13b8b3f08e
D:\KiwiAvatarSystem\Library\BurstCache\Windows-Intel\Hashes\Objects\fc484eaf68cfcbd63ec99dd74a73d332.obj	.obj	7041	2026-08-26T12:53:06.8836959+09:00	e30a6762efa9cae2ac3a3b4f50c559b8c6a9784594baa0fbd09bd6100f043978
D:\KiwiAvatarSystem\Library\BurstCache\Windows-Intel\Hashes\Objects\fc94876dd3c855ee8ba6d2e91a2f510b.obj	.obj	14539	2026-08-26T12:53:06.8144894+09:00	7eab6b619d5b90d16e9286d64ea633305c92f7dd955790ed9619dc84d9edad05
D:\KiwiAvatarSystem\Library\BurstCache\Windows-Intel\Hashes\Objects\fd1904651eee499c969b9f0ca9f0abff.obj	.obj	2278	2026-08-14T21:22:20.7419630+09:00	685dfe0597aa45f205e20dd25694e53df39aca5c9f45f9218ec8a989ee0b2fa1
D:\KiwiAvatarSystem\Library\BurstCache\Windows-Intel\Hashes\Objects\fd37a40c71fa49456bcd18d77717d3cf.obj	.obj	1494	2026-08-14T21:22:21.7326649+09:00	35862035515683b6a22d3ae9bbf426958044292ed5185ab83f6910d7148f8da7
D:\KiwiAvatarSystem\Library\BurstCache\Windows-Intel\Hashes\Objects\fd613288b6664be846a21e2c9629ac26.obj	.obj	17779	2026-08-26T12:53:04.5453988+09:00	200cfffded24dbd0b99d2ba8243bf5918cf79b4deda706708759067569565814
D:\KiwiAvatarSystem\Library\BurstCache\Windows-Intel\Hashes\Objects\fdc19e12a6db07d60e8145e77072f7c0.obj	.obj	6744	2026-08-26T12:53:04.0011751+09:00	25512e0f889f498711fe91e3789e032c543ee7b892242b88a66e6769ccec3391
D:\KiwiAvatarSystem\Library\BurstCache\Windows-Intel\Hashes\Objects\fde9279d59d4e14e6c2d1c03a99fabaa.obj	.obj	4418	2026-08-14T21:22:22.4237969+09:00	b15b3e765ae67de5f34819f63d4888efe0f0244341bd688565628ef31ecc4868
D:\KiwiAvatarSystem\Library\BurstCache\Windows-Intel\Hashes\Objects\fdf8487cb192de079451c354ee8f4e91.obj	.obj	9739	2026-08-26T12:53:06.8691136+09:00	c230726e3842ddde97a92916e349c994a0dd5eca6c39c740a82128faf5e5a6c8
D:\KiwiAvatarSystem\Library\BurstCache\Windows-Intel\Hashes\Objects\fe26cb2ff5de097ca3292efe1f5a7e2e.obj	.obj	16461	2026-08-26T12:53:06.7017362+09:00	fd1125a83cdb91704a57c6f07f7f89e1138ecda9ae879f6ef3ea9b6a43be0e95
D:\KiwiAvatarSystem\Library\BurstCache\Windows-Intel\Hashes\Objects\fe52c92b7021c8f2d738ee7f167722bc.obj	.obj	2719	2026-08-14T21:22:21.4544210+09:00	b261c4f16eb91b5074a35e21ecaf10f656e9046fb769a3a194a721504c52858b
D:\KiwiAvatarSystem\Library\BurstCache\Windows-Intel\Hashes\Objects\fe8f23eb79b1db9bdc89c49cc8ea674f.obj	.obj	50731	2026-08-26T12:53:06.9326085+09:00	ec6e94583292c5bec98b4cc922723d1359e2b56e5182bb67727120fac5528ad5
D:\KiwiAvatarSystem\Library\BurstCache\Windows-Intel\Hashes\Objects\feac22a900214602803c66e2b5a5349a.obj	.obj	15313	2026-08-26T12:53:07.3142565+09:00	1b6093ec585fc7f69281bf09cbf3f7805781e4623206563ac400a5e707da3e0f
D:\KiwiAvatarSystem\Library\BurstCache\Windows-Intel\Hashes\Objects\ffcfb31b825dc030691553eecec1d616.obj	.obj	10486	2026-08-26T12:53:04.5075247+09:00	7d1fb8688448ff6e3ff7129fc41aeef17a703fac547ee42f1bc2289f08fe74e0
D:\KiwiAvatarSystem\Tools\Research\sentis-samples\BoardGameAISample\Assets\3D Models\Cat Mask.fbx	.fbx	244348	2026-08-14T21:06:46.6896985+09:00	2982b8ba91e61b1346f88aa220f6cd9042fbfea28090db255ede113ac7cac9a4
D:\KiwiAvatarSystem\Tools\Research\sentis-samples\BoardGameAISample\Assets\3D Models\Fox Mask.fbx	.fbx	133324	2026-08-14T21:06:46.6906987+09:00	7fbe553457b3032cdde1adb0b40c2b8e444d73662902d1b0ce8f96172943c02a
D:\KiwiAvatarSystem\Tools\Research\sentis-samples\BoardGameAISample\Assets\3D Models\Go board.fbx	.fbx	75887532	2026-08-14T21:06:47.0018412+09:00	c4f8dbadcfca6fd2097022a48c9938811bffbdfc362845cbcd4ef6e5a9b1d8a8
D:\KiwiAvatarSystem\Tools\Research\sentis-samples\BoardGameAISample\Assets\3D Models\Kitsune mask.fbx	.fbx	258348	2026-08-14T21:06:47.0052525+09:00	cdc571a763cff94ef3780d5ee4a0de7f96b421c7d8d31b6f5f3ab5faaf069106
D:\KiwiAvatarSystem\Tools\Research\sentis-samples\BoardGameAISample\Assets\Scenes\Garden\Art\Architecture\Meshes\BeamWooden_13x16x215_01_Mesh.fbx	.fbx	63202	2026-08-14T21:06:47.3892921+09:00	49cfc64da28acb16f527879b8eea0b9fbfbaf4574c054eb55b0cb3184ebccd0a
D:\KiwiAvatarSystem\Tools\Research\sentis-samples\BoardGameAISample\Assets\Scenes\Garden\Art\Architecture\Meshes\BeamWooden_13x16x380_01_Mesh.fbx	.fbx	450028	2026-08-14T21:06:47.3912920+09:00	8518b9bc26ca72d356a920cbe29dd8a7e4f049809914fb7ff178badd29e2f90c
D:\KiwiAvatarSystem\Tools\Research\sentis-samples\BoardGameAISample\Assets\Scenes\Garden\Art\Architecture\Meshes\BeamWooden_13x16x380_03_Mesh.fbx	.fbx	87804	2026-08-14T21:06:47.3922916+09:00	9a1929ff6665808814c69dd7642ee1341add05c6a50db72d3bae9bb7d091fccf
D:\KiwiAvatarSystem\Tools\Research\sentis-samples\BoardGameAISample\Assets\Scenes\Garden\Art\Architecture\Meshes\BeamWooden_20x100_01_Mesh.fbx	.fbx	61666	2026-08-14T21:06:47.3932932+09:00	ee7fb4d199e1c63098d06ec894172fe50e173fc4f8e9aec9999698ad4469fb18
D:\KiwiAvatarSystem\Tools\Research\sentis-samples\BoardGameAISample\Assets\Scenes\Garden\Art\Architecture\Meshes\BeamWooden_20x330_01_Mesh.fbx	.fbx	442322	2026-08-14T21:06:47.3952912+09:00	3d8505b53fab8d2d67a2717c4203b329fb376ad1910fbea50acd0be1c9b6f54d
D:\KiwiAvatarSystem\Tools\Research\sentis-samples\BoardGameAISample\Assets\Scenes\Garden\Art\Architecture\Meshes\Ceiling_300x600_01_Mesh.fbx	.fbx	51536	2026-08-14T21:06:47.3962920+09:00	617387c263eb83694ae6b834e2352797d92dfccf45d5e5c450627a603a046b49
D:\KiwiAvatarSystem\Tools\Research\sentis-samples\BoardGameAISample\Assets\Scenes\Garden\Art\Architecture\Meshes\Ceiling_600x600_01_Mesh.fbx	.fbx	68464	2026-08-14T21:06:47.3962920+09:00	75e26110e225df23c6a5edb3cfb0c4328b30317998bc1d5e492b3bb02b01546c
D:\KiwiAvatarSystem\Tools\Research\sentis-samples\BoardGameAISample\Assets\Scenes\Garden\Art\Architecture\Meshes\Cupboard_200x50x100_01_Mesh.fbx	.fbx	136560	2026-08-14T21:06:47.3982906+09:00	6cfefdf71b9eff06f8220b9421c3eec09f938e3e5a1b426e181174af5fa29013
D:\KiwiAvatarSystem\Tools\Research\sentis-samples\BoardGameAISample\Assets\Scenes\Garden\Art\Architecture\Meshes\Cupboard_200x50x100_02_Mesh.fbx	.fbx	75568	2026-08-14T21:06:47.3992903+09:00	7750a5723e7294f6806b1347be465d1b55397e59c945a3184f76bfd859e07b2a
D:\KiwiAvatarSystem\Tools\Research\sentis-samples\BoardGameAISample\Assets\Scenes\Garden\Art\Architecture\Meshes\Cupboard_300x50x100_01_Mesh.fbx	.fbx	160496	2026-08-14T21:06:47.4002906+09:00	7ec41c5c5bbaa18c48658dd08327489ed4f8967dcfe634f852c0488f8c8dceec
D:\KiwiAvatarSystem\Tools\Research\sentis-samples\BoardGameAISample\Assets\Scenes\Garden\Art\Architecture\Meshes\DoorFusuma_100x200_01_Mesh.fbx	.fbx	83888	2026-08-14T21:06:47.4012906+09:00	d90f915081779f4a0fbfbbd3ed90e74e9fb0764be21d9ed2fad5a52553164af9
D:\KiwiAvatarSystem\Tools\Research\sentis-samples\BoardGameAISample\Assets\Scenes\Garden\Art\Architecture\Meshes\DoorGlass_100x200_01_Mesh.fbx	.fbx	79856	2026-08-14T21:06:47.4022903+09:00	b34d986373d96226d375825f2fb7797a8c70b83cb4e77b7c6af25e73345b9cfc
D:\KiwiAvatarSystem\Tools\Research\sentis-samples\BoardGameAISample\Assets\Scenes\Garden\Art\Architecture\Meshes\DoorGlass_100x200_02_Mesh.fbx	.fbx	70016	2026-08-14T21:06:47.4022903+09:00	ac47950b246cfc0ec8d689e26f62e75b04e9665fa5520a149b170b614c65d955
D:\KiwiAvatarSystem\Tools\Research\sentis-samples\BoardGameAISample\Assets\Scenes\Garden\Art\Architecture\Meshes\Door_100x200_01_Mesh.fbx	.fbx	65376	2026-08-14T21:06:47.4032919+09:00	979e10e77491bc67e0039101fa41be9c38d77efae246f00a5b562720a22a0c4b
D:\KiwiAvatarSystem\Tools\Research\sentis-samples\BoardGameAISample\Assets\Scenes\Garden\Art\Architecture\Meshes\Door_100x200_01_WashiLight_Mesh.fbx	.fbx	29212	2026-08-14T21:06:47.4042918+09:00	54ddaa1eb4d88f11dffae9ae798fd9c54b6f7f1466726cc31a58cc3fa10dc2e6
D:\KiwiAvatarSystem\Tools\Research\sentis-samples\BoardGameAISample\Assets\Scenes\Garden\Art\Architecture\Meshes\Door_SlidingRails_200x200_01_Mesh.fbx	.fbx	52496	2026-08-14T21:06:47.4052925+09:00	75f516cea53a05f422e84b64ab07aa176086cca2dbd54db7e9353b731acae8bf
D:\KiwiAvatarSystem\Tools\Research\sentis-samples\BoardGameAISample\Assets\Scenes\Garden\Art\Architecture\Meshes\Door_SlidingRails_300x215_01_Mesh.fbx	.fbx	35408	2026-08-14T21:06:47.4062929+09:00	c26b7b8a82204549a3621276951875f33e55387a78c6a376629507a1158e5720
D:\KiwiAvatarSystem\Tools\Research\sentis-samples\BoardGameAISample\Assets\Scenes\Garden\Art\Architecture\Meshes\Door_SlidingRails_400x200_01_Mesh.fbx	.fbx	54656	2026-08-14T21:06:47.4062929+09:00	74edcdb7cb16016e1a639505a93d7cdfd6c15548d13a160bd3f5eadef6e56cc0
D:\KiwiAvatarSystem\Tools\Research\sentis-samples\BoardGameAISample\Assets\Scenes\Garden\Art\Architecture\Meshes\Fence_200_01_Mesh.fbx	.fbx	137520	2026-08-14T21:06:47.4072926+09:00	df6093e8d9aeb61ebf0ad502a1045682aa2d6822c0f878be690345a6341e7b3d
D:\KiwiAvatarSystem\Tools\Research\sentis-samples\BoardGameAISample\Assets\Scenes\Garden\Art\Architecture\Meshes\Nakabashira_01_Mesh.fbx	.fbx	77872	2026-08-14T21:06:47.4082923+09:00	557a389e56f9ec8f1309a7a453a00006d6654dfe8689b2bd06ff971f7c50ab36
D:\KiwiAvatarSystem\Tools\Research\sentis-samples\BoardGameAISample\Assets\Scenes\Garden\Art\Architecture\Meshes\Roof_Edge_100x100_01_Mesh.fbx	.fbx	63312	2026-08-14T21:06:47.4092923+09:00	7f88593dc57bf058333d01bebf68e9541a58659245583b11ba140830782554d8
D:\KiwiAvatarSystem\Tools\Research\sentis-samples\BoardGameAISample\Assets\Scenes\Garden\Art\Architecture\Meshes\Roof_Edge_100x50x50_01_Mesh.fbx	.fbx	60800	2026-08-14T21:06:47.4102934+09:00	154821c4ea4c1c4e9354fb036bfdd1f14a698fb53990793e017d8a4094ef468c
D:\KiwiAvatarSystem\Tools\Research\sentis-samples\BoardGameAISample\Assets\Scenes\Garden\Art\Architecture\Meshes\Roof_Edge_200x50x50_01_Mesh.fbx	.fbx	66608	2026-08-14T21:06:47.4112954+09:00	851d1e448fd5607c96b7185a72eb11d74244c0fb045b7871e2a3de8bbc7ed282
D:\KiwiAvatarSystem\Tools\Research\sentis-samples\BoardGameAISample\Assets\Scenes\Garden\Art\Architecture\Meshes\Roof_Ornament_200_01_Mesh.fbx	.fbx	48288	2026-08-14T21:06:47.4122931+09:00	fc3c9bfd7c599af350bb3a3d70214fa5dd7fd3cacc8f15f107c1d0d91bf1363d
D:\KiwiAvatarSystem\Tools\Research\sentis-samples\BoardGameAISample\Assets\Scenes\Garden\Art\Architecture\Meshes\Roof_Ornament_400_01_Mesh.fbx	.fbx	53440	2026-08-14T21:06:47.4122931+09:00	371108df3e4a413e77da292d25cdf0a24f39193810151983a04583acd2868895
D:\KiwiAvatarSystem\Tools\Research\sentis-samples\BoardGameAISample\Assets\Scenes\Garden\Art\Architecture\Meshes\Roof_Ornament_400_02_Mesh.fbx	.fbx	53664	2026-08-14T21:06:47.4132929+09:00	0ed639ad8ad0bcb67d05bee12f5990e1bff17bc7c52dc2dca5b25a665867a9a6
D:\KiwiAvatarSystem\Tools\Research\sentis-samples\BoardGameAISample\Assets\Scenes\Garden\Art\Architecture\Meshes\Roof_Ornament_400_03_Mesh.fbx	.fbx	95024	2026-08-14T21:06:47.4142920+09:00	7dbf3481ffdd84ed4ef528c125198ba751ce80bd2dce0f20ca87ce562b38212f
D:\KiwiAvatarSystem\Tools\Research\sentis-samples\BoardGameAISample\Assets\Scenes\Garden\Art\Architecture\Meshes\Roof_Ornament_c90i_400_01_Mesh.fbx	.fbx	85504	2026-08-14T21:06:47.4152943+09:00	80009404fb5a5d9bde6666cd636e1f19f7617c032d61c53549f733bba9061e4a
D:\KiwiAvatarSystem\Tools\Research\sentis-samples\BoardGameAISample\Assets\Scenes\Garden\Art\Architecture\Meshes\Roof_Ornament_c90o_400_02_Mesh.fbx	.fbx	59504	2026-08-14T21:06:47.4162992+09:00	2519bafd9de3b3745e52007a12dd4f5fcf617a5278667ad95823cb6729526e3a
D:\KiwiAvatarSystem\Tools\Research\sentis-samples\BoardGameAISample\Assets\Scenes\Garden\Art\Architecture\Meshes\roof_tile_200x800_01_Mesh.fbx	.fbx	221424	2026-08-14T21:06:47.4568866+09:00	83bb95fd2bec9d8c1ab94dc185c6ffc1a251d6c32bdbde992ab803c625181cef
D:\KiwiAvatarSystem\Tools\Research\sentis-samples\BoardGameAISample\Assets\Scenes\Garden\Art\Architecture\Meshes\roof_tile_400x800_01_Mesh.fbx	.fbx	1285376	2026-08-14T21:06:47.4638863+09:00	b1a5c69d6c3313aaa1ab1896340ce4ddf5b67aa0329149bc7a537c00c878bb3f
D:\KiwiAvatarSystem\Tools\Research\sentis-samples\BoardGameAISample\Assets\Scenes\Garden\Art\Architecture\Meshes\roof_tile_800x800_01_Mesh.fbx	.fbx	308720	2026-08-14T21:06:47.4658854+09:00	8c5f5d0fff1892b16d59096898fb2f86aec20dd897633f8fa904f2c8ed8d47ea
D:\KiwiAvatarSystem\Tools\Research\sentis-samples\BoardGameAISample\Assets\Scenes\Garden\Art\Architecture\Meshes\roof_tile_c90i_800x800_01_Mesh.fbx	.fbx	731760	2026-08-14T21:06:47.4698866+09:00	3e56cd6adb09812dfc825de901b385d7226871b2ed0723f6796194da86f896fe
D:\KiwiAvatarSystem\Tools\Research\sentis-samples\BoardGameAISample\Assets\Scenes\Garden\Art\Architecture\Meshes\roof_tile_c90o_800x800_01_Mesh.fbx	.fbx	992112	2026-08-14T21:06:47.4748894+09:00	471ed575b75e2cf9431029cc0d12f36fdbddd8190a1c5863581ceb0e3df24b66
D:\KiwiAvatarSystem\Tools\Research\sentis-samples\BoardGameAISample\Assets\Scenes\Garden\Art\Architecture\Meshes\StoneSlab_01_Mesh.fbx	.fbx	46576	2026-08-14T21:06:47.4172996+09:00	7270c9116c04b11ca388663832e39e782750518ce070028faa572cbf0e6cf25a
D:\KiwiAvatarSystem\Tools\Research\sentis-samples\BoardGameAISample\Assets\Scenes\Garden\Art\Architecture\Meshes\Tatami_200x100_01_Mesh.fbx	.fbx	26784	2026-08-14T21:06:47.4182993+09:00	e8a8e93851fbc9304b66c8e4aa210fdd3b59ab88e6e5ebec0268a7ede2f9ee16
D:\KiwiAvatarSystem\Tools\Research\sentis-samples\BoardGameAISample\Assets\Scenes\Garden\Art\Architecture\Meshes\Tatami_200x100_02_Mesh.fbx	.fbx	26784	2026-08-14T21:06:47.4193022+09:00	f204d07399fecaa18cf769aea6917e83c0a551bfe6a6af96aa48876d06bfa853
D:\KiwiAvatarSystem\Tools\Research\sentis-samples\BoardGameAISample\Assets\Scenes\Garden\Art\Architecture\Meshes\Tobukuro_01_Mesh.fbx	.fbx	107936	2026-08-14T21:06:47.4203018+09:00	ab220362c935a0b79617fc293ead97854d5fccfebb7d34582d929e9bb5605b90
D:\KiwiAvatarSystem\Tools\Research\sentis-samples\BoardGameAISample\Assets\Scenes\Garden\Art\Architecture\Meshes\Tokonoma_Step_200x100_01_Mesh.fbx	.fbx	37392	2026-08-14T21:06:47.4203018+09:00	32437241d73cb4ede8acb1b1e660fc8705178c6b10081a887962fdef6a94b4b2
D:\KiwiAvatarSystem\Tools\Research\sentis-samples\BoardGameAISample\Assets\Scenes\Garden\Art\Architecture\Meshes\Wall_100x170_01_Mesh.fbx	.fbx	80687	2026-08-14T21:06:47.4212993+09:00	6be04f92c136666ec613261575dd4e9fe583a6d0ea816c5e5313c193ec96fcb0
D:\KiwiAvatarSystem\Tools\Research\sentis-samples\BoardGameAISample\Assets\Scenes\Garden\Art\Architecture\Meshes\Wall_100x200_01_Mesh.fbx	.fbx	78677	2026-08-14T21:06:47.4222993+09:00	6836d939894d17b0071f91c8e1fd3f7dd5a255acb370a64c59b70a0c4b0a51ed
D:\KiwiAvatarSystem\Tools\Research\sentis-samples\BoardGameAISample\Assets\Scenes\Garden\Art\Architecture\Meshes\Wall_200x170_01_Mesh.fbx	.fbx	124557	2026-08-14T21:06:47.4242985+09:00	ee0673a5fbfb6d704eb95bceff0313828bb94088bc7f94ccb011c1749f0996c7
D:\KiwiAvatarSystem\Tools\Research\sentis-samples\BoardGameAISample\Assets\Scenes\Garden\Art\Architecture\Meshes\Wall_200x170_02_Mesh.fbx	.fbx	72955	2026-08-14T21:06:47.4242985+09:00	f45f23fa3891e72a87a2fad288303772a05e7be7196b046bcca9fa3c86effba3
D:\KiwiAvatarSystem\Tools\Research\sentis-samples\BoardGameAISample\Assets\Scenes\Garden\Art\Architecture\Meshes\Wall_200x200_01_Mesh.fbx	.fbx	108572	2026-08-14T21:06:47.4252994+09:00	b2c05d6a5bb35834e8fa9ceb6734fe3d4787fedfd64193b2005e2e479f323330
D:\KiwiAvatarSystem\Tools\Research\sentis-samples\BoardGameAISample\Assets\Scenes\Garden\Art\Architecture\Meshes\Wall_200x55_01_Mesh.fbx	.fbx	109610	2026-08-14T21:06:47.4262990+09:00	379c29b1df5e49c312f4ed50efdec74bcd4195fdd0f7bf30bde63da8d25ae16a
D:\KiwiAvatarSystem\Tools\Research\sentis-samples\BoardGameAISample\Assets\Scenes\Garden\Art\Architecture\Meshes\Wall_200x55_02_Mesh.fbx	.fbx	206251	2026-08-14T21:06:47.4272994+09:00	18ac6bae0914d44291aaa07b22abefb040552d5dbb6879decd54d511e9a326d2
D:\KiwiAvatarSystem\Tools\Research\sentis-samples\BoardGameAISample\Assets\Scenes\Garden\Art\Architecture\Meshes\Wall_300x170_01_Mesh.fbx	.fbx	137885	2026-08-14T21:06:47.4282985+09:00	1d9a0bb871493c76b5713738d3dbaaef0eb1b2a89cad2b3852179cfe78b9fc69
D:\KiwiAvatarSystem\Tools\Research\sentis-samples\BoardGameAISample\Assets\Scenes\Garden\Art\Architecture\Meshes\Wall_300x200_01_Mesh.fbx	.fbx	109737	2026-08-14T21:06:47.4292995+09:00	b41e7e5f2d534a9f11d99db179656305e1ad2e8b0233a9b3c28b4a9c523876df
D:\KiwiAvatarSystem\Tools\Research\sentis-samples\BoardGameAISample\Assets\Scenes\Garden\Art\Architecture\Meshes\Wall_Window_200x200_01_Mesh.fbx	.fbx	72784	2026-08-14T21:06:47.4308046+09:00	f92acb2a249b4a9208d0d3be981eb80f225c69cdb7b2bfd1b6b92ec2969404d9
D:\KiwiAvatarSystem\Tools\Research\sentis-samples\BoardGameAISample\Assets\Scenes\Garden\Art\Architecture\Meshes\Window_100x200_01_Mesh.fbx	.fbx	98944	2026-08-14T21:06:47.4318105+09:00	df3cfa533e8371088cdd580bff75db75ca4c8117cf912db6690a1ad815d63b3a
D:\KiwiAvatarSystem\Tools\Research\sentis-samples\BoardGameAISample\Assets\Scenes\Garden\Art\Architecture\Meshes\Window_100x200_01_WashiLight_Mesh.fbx	.fbx	16172	2026-08-14T21:06:47.4328093+09:00	b93fe44e7ece4b2298f2c32ffac83b9e087ca3cd45039123b395bf41a508adfc
D:\KiwiAvatarSystem\Tools\Research\sentis-samples\BoardGameAISample\Assets\Scenes\Garden\Art\Architecture\Meshes\Window_96x50_01_Mesh.fbx	.fbx	92624	2026-08-14T21:06:47.4328093+09:00	65fbc02e5be5f8ea620ede68cb23667945983d0e2b7b8b3eb311935e381df087
D:\KiwiAvatarSystem\Tools\Research\sentis-samples\BoardGameAISample\Assets\Scenes\Garden\Art\Architecture\Meshes\Window_96x50_01_WashiLight_Mesh.fbx	.fbx	16556	2026-08-14T21:06:47.4338103+09:00	731027a0e7ab83538a5b4e761c582b40fb5fbd185124fb9a5eaff61723c8b9bc
D:\KiwiAvatarSystem\Tools\Research\sentis-samples\BoardGameAISample\Assets\Scenes\Garden\Art\Architecture\Meshes\Window_Upper_200x100_01_Mesh.fbx	.fbx	317004	2026-08-14T21:06:47.4348107+09:00	8c726cc7251a2d0db836fafe28cba45ed69d92ca1594ed0d6b4cf01c43ec5553
D:\KiwiAvatarSystem\Tools\Research\sentis-samples\BoardGameAISample\Assets\Scenes\Garden\Art\Architecture\Meshes\Window_Upper_300x170_03_Mesh.fbx	.fbx	711683	2026-08-14T21:06:47.4389163+09:00	c06768b36e79f3ac888b6d05350533d3d0d5e3b9940a15e67fc7d14d09db4102
D:\KiwiAvatarSystem\Tools\Research\sentis-samples\BoardGameAISample\Assets\Scenes\Garden\Art\Architecture\Meshes\Window_Upper_400x100_01_Mesh.fbx	.fbx	134000	2026-08-14T21:06:47.4399404+09:00	c92a5d1f38d0a520852838a588ae806ed04ba52441400e8a1728aa2805c9172c
D:\KiwiAvatarSystem\Tools\Research\sentis-samples\BoardGameAISample\Assets\Scenes\Garden\Art\Architecture\Meshes\Window_Upper_400x100_02_Mesh.fbx	.fbx	179296	2026-08-14T21:06:47.4409404+09:00	6567964efbd16d12fc58b7670ac83e0b0c3b3d9064388378caa115a68be39094
D:\KiwiAvatarSystem\Tools\Research\sentis-samples\BoardGameAISample\Assets\Scenes\Garden\Art\Architecture\Meshes\Window_Upper_400x170_02_Mesh.fbx	.fbx	109120	2026-08-14T21:06:47.4419401+09:00	c30d0cb28fd4cfc27c10aada2e5eee20e5327b483a1810a4e060620cd7a6a168
D:\KiwiAvatarSystem\Tools\Research\sentis-samples\BoardGameAISample\Assets\Scenes\Garden\Art\Architecture\Meshes\Window_Upper_400x170_03_Mesh.fbx	.fbx	393740	2026-08-14T21:06:47.4449400+09:00	e51f13b51e771930fe364d9494445391ec5b3db75fb37dac9ed406df951f69d0
D:\KiwiAvatarSystem\Tools\Research\sentis-samples\BoardGameAISample\Assets\Scenes\Garden\Art\Architecture\Meshes\WoodenPlatform_InteriorAngle_200x200_01_Mesh.fbx	.fbx	51168	2026-08-14T21:06:47.4449400+09:00	1def012024de65cc2a501b379bdcc41fe598fff40ff8d0f3edbede9a7f368ff5
D:\KiwiAvatarSystem\Tools\Research\sentis-samples\BoardGameAISample\Assets\Scenes\Garden\Art\Architecture\Meshes\WoodenSupport_15x80_01_Mesh.fbx	.fbx	40320	2026-08-14T21:06:47.4459399+09:00	7cd0cac5b9ea8de3daccdab1d864ca6d516fc3c46b2331ced1c979c88869a9de
D:\KiwiAvatarSystem\Tools\Research\sentis-samples\BoardGameAISample\Assets\Scenes\Garden\Art\Architecture\Meshes\Wooden_Fence_200x80_Mesh.fbx	.fbx	178826	2026-08-14T21:06:47.4478868+09:00	b3bfde42f026d805d4166b05739fcbbda3ad9db8e703a2333f079ed424c1df14
D:\KiwiAvatarSystem\Tools\Research\sentis-samples\BoardGameAISample\Assets\Scenes\Garden\Art\Architecture\Meshes\Wooden_Fence_400x80_Mesh.fbx	.fbx	317960	2026-08-14T21:06:47.4488866+09:00	6abec7026b929c8b8f4bbd2f567e4ce4b4f8c5633e42b1395fe6eae3b83020f4
D:\KiwiAvatarSystem\Tools\Research\sentis-samples\BoardGameAISample\Assets\Scenes\Garden\Art\Architecture\Meshes\Wooden_Fence_ExternalAngle_200x200_Mesh.fbx	.fbx	475107	2026-08-14T21:06:47.4508867+09:00	2a0e6e09c05b96a765501428c6dd969ecc3d3c1e7353995343ac44019aed880c
D:\KiwiAvatarSystem\Tools\Research\sentis-samples\BoardGameAISample\Assets\Scenes\Garden\Art\Architecture\Meshes\Wooden_Platform_200x100_01_Mesh.fbx	.fbx	64299	2026-08-14T21:06:47.4518865+09:00	fa1d83aa706eb1a6e984871d44c17700b1698a3a85b3a2da9dcd02fa6549fa50
D:\KiwiAvatarSystem\Tools\Research\sentis-samples\BoardGameAISample\Assets\Scenes\Garden\Art\Architecture\Meshes\Wooden_Platform_200x200_01_Mesh.fbx	.fbx	93273	2026-08-14T21:06:47.4518865+09:00	1ff0d8e3342a4802f61ae5e92d3afadc78811d7f8b35c3abfed9e8fa8fbc2273
D:\KiwiAvatarSystem\Tools\Research\sentis-samples\BoardGameAISample\Assets\Scenes\Garden\Art\Architecture\Meshes\Wooden_Platform_400x100_01_Mesh.fbx	.fbx	147169	2026-08-14T21:06:47.4528867+09:00	5d65eab70ee37724f6d78ca08cb5391787a2f21b342e32bde6387025b0d0a654
D:\KiwiAvatarSystem\Tools\Research\sentis-samples\BoardGameAISample\Assets\Scenes\Garden\Art\Architecture\Meshes\Wooden_Platform_ExternalAngle_100x200_01_Mesh.fbx	.fbx	229018	2026-08-14T21:06:47.4538865+09:00	b6607237008f6c37f7abae980c6045661c7ac55dc893ffbd8c991d79383ad52e
D:\KiwiAvatarSystem\Tools\Research\sentis-samples\BoardGameAISample\Assets\Scenes\Garden\Art\Architecture\Meshes\Wooden_Platform_ExternalAngle_400x400_01_Mesh.fbx	.fbx	236004	2026-08-14T21:06:47.4558864+09:00	85655764b599b6f283ba159901fc860c2ed24b0c82ce66b52559333c5f6f6eee
D:\KiwiAvatarSystem\Tools\Research\sentis-samples\BoardGameAISample\Assets\Scenes\Garden\Art\Props\Meshes\CeilingTubeLight_01_Mesh.fbx	.fbx	39696	2026-08-14T21:06:47.6517166+09:00	0170d1fb6a158283717c5e6851a6eef8d44e9867185221e888355b345fbe3931
D:\KiwiAvatarSystem\Tools\Research\sentis-samples\BoardGameAISample\Assets\Scenes\Garden\Art\Props\Meshes\DecorationSet_Fan_01_Mesh.fbx	.fbx	48624	2026-08-14T21:06:47.6527164+09:00	b161345bf6733b1c16375a0579dc093a25dfbd2a8ddbee651d4accc2b57b794a
D:\KiwiAvatarSystem\Tools\Research\sentis-samples\BoardGameAISample\Assets\Scenes\Garden\Art\Props\Meshes\DecorationSet_Plates_01_Mesh.fbx	.fbx	55680	2026-08-14T21:06:47.6537159+09:00	c7ef124744500d9a5b2887caab0fcb082471db085758fd1f9d2706bfc4a1d641
D:\KiwiAvatarSystem\Tools\Research\sentis-samples\BoardGameAISample\Assets\Scenes\Garden\Art\Props\Meshes\DecorationSet_Vase_01_Mesh.fbx	.fbx	49232	2026-08-14T21:06:47.6547167+09:00	a956e269d206441cc724ddba4882798bb2fcb46235c63624c417edcc1e124df1
D:\KiwiAvatarSystem\Tools\Research\sentis-samples\BoardGameAISample\Assets\Scenes\Garden\Art\Props\Meshes\DecorationSet_Vase_02_Mesh.fbx	.fbx	52864	2026-08-14T21:06:47.6547167+09:00	7ff844604d9ddc66b01c35cf6800ab4077b9593bc50960534d6d7801d2e6aa8b
D:\KiwiAvatarSystem\Tools\Research\sentis-samples\BoardGameAISample\Assets\Scenes\Garden\Art\Props\Meshes\Lantern_BigCeiling_01_Mesh.fbx	.fbx	328470	2026-08-14T21:06:47.6567165+09:00	60e0bf8d3277342c4160199df7d32622be487a2f3b46a5b38247e6de264b7210
D:\KiwiAvatarSystem\Tools\Research\sentis-samples\BoardGameAISample\Assets\Scenes\Garden\Art\Props\Meshes\Lantern_MediumHanging_01_Mesh.FBX	.FBX	77280	2026-08-14T21:06:47.6577177+09:00	7cfadecdb2a04d7d9866fbaf1df14d36b27a16f4384653676f943d6bd40d9f5a
D:\KiwiAvatarSystem\Tools\Research\sentis-samples\BoardGameAISample\Assets\Scenes\Garden\Art\Props\Meshes\Lantern_Medium_01_Mesh.FBX	.FBX	57168	2026-08-14T21:06:47.6587162+09:00	01762f1f005d07ae8ae4df0886f8462599d49ad58a6c1427a6f1ea384619c3e1
D:\KiwiAvatarSystem\Tools\Research\sentis-samples\BoardGameAISample\Assets\Scenes\Garden\Art\Props\Meshes\Lantern_Paper_01_Mesh.FBX	.FBX	73040	2026-08-14T21:06:47.6597190+09:00	662bb14cc2604f01343798d864cba8c2d5ddf17d11518bfa46107f3e315b38b2
D:\KiwiAvatarSystem\Tools\Research\sentis-samples\BoardGameAISample\Assets\Scenes\Garden\Art\Props\Meshes\PictureScroll_01_Mesh.fbx	.fbx	51040	2026-08-14T21:06:47.6607177+09:00	5fa7de011950b9135bee5786275b93c678ccc46c7ef56e3738b53854bd641302
D:\KiwiAvatarSystem\Tools\Research\sentis-samples\BoardGameAISample\Assets\Scenes\Garden\Art\Props\Meshes\Plant_01_Mesh.fbx	.fbx	805056	2026-08-14T21:06:47.6647156+09:00	0e3562e355e26a56ef363c666f907bff9778678b76a369bbd2e5f3ce69744467
D:\KiwiAvatarSystem\Tools\Research\sentis-samples\BoardGameAISample\Assets\Scenes\Garden\Art\Terrain\Meshes\StoneStep_01_Mesh.fbx	.fbx	69088	2026-08-14T21:06:47.7097164+09:00	ca0d87a2545c5d5520bceb560f66ec03aabd82b123a33377b43cb6bdc4496543
D:\KiwiAvatarSystem\Tools\Research\sentis-samples\BoardGameAISample\Assets\Scenes\Garden\Art\Terrain\Meshes\Stone_01_Mesh.fbx	.fbx	72656	2026-08-14T21:06:47.7097164+09:00	ea74f8faacfb509dbc0a185b802ac08907ae49e2404ecd4b786edff05edda2bf
D:\KiwiAvatarSystem\Tools\Research\sentis-samples\BoardGameAISample\Assets\Scenes\Garden\Art\Terrain\Meshes\Stone_02_Mesh.fbx	.fbx	68992	2026-08-14T21:06:47.7107167+09:00	738811dd0ca5141540c1dfd5643e2b2d4d3933c43ac1b7fd000931a5af3a032e
D:\KiwiAvatarSystem\Tools\Research\sentis-samples\BoardGameAISample\Assets\Scenes\Garden\Art\Terrain\Meshes\Stone_04_Mesh.fbx	.fbx	98352	2026-08-14T21:06:47.7117181+09:00	3f8ea9601fefb3817aca403f05fae702aaac59755da1b89fa621e1b93121bb3a
D:\KiwiAvatarSystem\Tools\Research\sentis-samples\BoardGameAISample\Assets\Scenes\Garden\Art\Terrain\Meshes\Stone_Walkway_01_Mesh.fbx	.fbx	58896	2026-08-14T21:06:47.7127199+09:00	06eac1276f9920941caeb24f336b338264c087cbfb0a7fbd700d3a4812243420
D:\KiwiAvatarSystem\Tools\Research\sentis-samples\BoardGameAISample\Assets\Scenes\Garden\Art\Vegetation\Meshes\BambooSeedling_Mat.fbx	.fbx	39004	2026-08-14T21:06:47.7482722+09:00	77fc46f6139d53b31a00d5dd8887ceeb0bef00a88d523be19585018abe461444
D:\KiwiAvatarSystem\Tools\Research\sentis-samples\BoardGameAISample\Assets\Scenes\Garden\Art\Vegetation\Meshes\HollyShrub_Mesh.fbx	.fbx	125548	2026-08-14T21:06:47.7492733+09:00	5ba2d762182495e79af32887d528b892ca572e730b3fd346f127fa2a4afe6577
D:\KiwiAvatarSystem\Tools\Research\sentis-samples\BoardGameAISample\Assets\Scenes\Garden\Art\Vegetation\Meshes\JapaneseSpurgeCluster_Mesh.fbx	.fbx	98892	2026-08-14T21:06:47.7512720+09:00	312ecb5440721360fede2194377c969a84f6ba689373a9e77499ee6a4028eb7c
D:\KiwiAvatarSystem\Tools\Research\sentis-samples\BoardGameAISample\Assets\Scenes\Garden\Art\Vegetation\Meshes\JapaneseSpurgeSmall_Mesh.fbx	.fbx	45228	2026-08-14T21:06:47.7522719+09:00	564aefa235e393381e69223029e5c9baa68c3a1a5670fb990f4be81d0dbcdca7
D:\KiwiAvatarSystem\Tools\Research\sentis-samples\BoardGameAISample\Assets\Scenes\Garden\Art\Vegetation\Meshes\LilyPadLeaves_Mesh.fbx	.fbx	30604	2026-08-14T21:06:47.7522719+09:00	524d27b2c034c1a7a0d86cf9a0b069c3269dc1680a5509cc7f5213a68e53e24c
D:\KiwiAvatarSystem\Tools\Research\sentis-samples\BoardGameAISample\Assets\Scenes\Garden\Art\Vegetation\Meshes\LiriopeCluster_Mesh.fbx	.fbx	108572	2026-08-14T21:06:47.7532741+09:00	3be22498b6fec850b4efe4a0a7d8d2a1042fc9237d4a807aa23f39ee830c6916
D:\KiwiAvatarSystem\Tools\Research\sentis-samples\BoardGameAISample\Assets\Scenes\Garden\Art\Vegetation\Meshes\LiriopeLeaves_Mesh.fbx	.fbx	53036	2026-08-14T21:06:47.7542718+09:00	6f4d82b692cc28293f063cfbc35fdf0a5d35b772567397de3d3b2769133a40e1
D:\KiwiAvatarSystem\Tools\Research\sentis-samples\DigitRecognitionSample\Assets\3D Models\Apartment\Geometry\RaytracingScene.fbx	.fbx	3150348	2026-08-14T21:06:48.2706215+09:00	92b65c0a9508ee1cc8813e2414d6b01dde8b2ed2f3ac1ba9eac4a78865c10bda
D:\KiwiAvatarSystem\Tools\Research\sentis-samples\DigitRecognitionSample\Assets\3D Models\Environment\Doors\SlidingDoor\SlidingDoor.fbx	.fbx	311343	2026-08-14T21:06:48.2776213+09:00	8f5929313a3c9f651109bf90be097ca707505e60bf05d0617fd16b6a74d8be32
D:\KiwiAvatarSystem\Tools\Research\sentis-samples\DigitRecognitionSample\Assets\3D Models\Environment\Doors\SlidingDoor\SlidingDoorFrame.fbx	.fbx	497524	2026-08-14T21:06:48.2796215+09:00	b9d8250fb1044d2cd4bea3b33afbcba1aa47ced8bbe42da340ab936f0393579a
D:\KiwiAvatarSystem\Tools\Research\sentis-samples\DigitRecognitionSample\Assets\3D Models\Environment\LightFittings\FloodLight_A.fbx	.fbx	495911	2026-08-14T21:06:48.3426727+09:00	490cccbe4dd5d6a900ba6039783191ecde20d5f62de981038d29e1b829e46b1a
D:\KiwiAvatarSystem\Tools\Research\sentis-samples\DigitRecognitionSample\Assets\3D Models\Environment\LightFittings\FloodLight_A_Shard.fbx	.fbx	20128	2026-08-14T21:06:48.3436749+09:00	59ca099229dc7625b640821a1647eb6387f9513d9b0ab354b3ca045ccf8a0cd4
D:\KiwiAvatarSystem\Tools\Research\sentis-samples\DigitRecognitionSample\Assets\3D Models\Environment\Props\CompanyHologram\CompanyHologramProjector.fbx	.fbx	34928	2026-08-14T21:06:48.3446740+09:00	25b32d4a6f4a7c796cd06834aac6214b38843030feeaa4050a140fef663cc83a
D:\KiwiAvatarSystem\Tools\Research\sentis-samples\DigitRecognitionSample\Assets\3D Models\Environment\Props\CompanyHologram\Plane.fbx	.fbx	15984	2026-08-14T21:06:48.3476735+09:00	6f994eed458558b1ea54831346396431682822082ed3c3a38ca2d292e59daa20
D:\KiwiAvatarSystem\Tools\Research\sentis-samples\DigitRecognitionSample\Assets\3D Models\Environment\Props\Crates\CrateLarge.fbx	.fbx	316704	2026-08-14T21:06:48.3996736+09:00	1aa66cd5a7e250b63ff4ce190633defed1e7b57a91febc4d4766f32bcdcd9604
D:\KiwiAvatarSystem\Tools\Research\sentis-samples\DigitRecognitionSample\Assets\3D Models\Environment\Props\Crates\CrateSmall.fbx	.fbx	162384	2026-08-14T21:06:48.3996736+09:00	0d350544a09621caf6a40bdccfd6f78c0943cff9333a5073e4ebc4d71fcdbb57
D:\KiwiAvatarSystem\Tools\Research\sentis-samples\DigitRecognitionSample\Assets\3D Models\Environment\Props\Plants\Plant_A.fbx	.fbx	265360	2026-08-14T21:06:48.4411876+09:00	c7fde138c4afe3e62d398b357b735bca3a6eeff20b43384611f006d66b86ce92
D:\KiwiAvatarSystem\Tools\Research\sentis-samples\DigitRecognitionSample\Assets\3D Models\Environment\Props\Screens\WallScreen.fbx	.fbx	263802	2026-08-14T21:06:48.5507035+09:00	091d0c2cf50e4fb83a9e8ab0e9a3b00e3812bee1e01fa3929f3db1030a74216c
D:\Kiwi3D_Maker\Output\kiwi.vrm	.vrm	97661032	2026-08-09T11:52:02.2381024+09:00	9e09c960fad5efdfc1528649bafd318ac37fe7fac926b5ee66b204aa6fb23538
D:\Kiwi3D_Maker\Output\kiwi_ready.glb	.glb	24413592	2026-08-07T14:29:44.0514695+09:00	5e88dfa050267590bb1ad0b8596ba0eb155a72f141d866828427898b29131f7d
D:\Kiwi3D_Maker\Output\kiwi_rigged.glb	.glb	24414864	2026-08-07T15:43:55.9591980+09:00	e4c979f2757e99f96dd44843a8fd6988de3e36b56fe0b7885166313590f6fe43
D:\Kiwi3D_Maker\Output\kiwi_vrm_ready.glb	.glb	54933724	2026-08-07T15:45:16.5625346+09:00	a8c7a73ba67dc7a00162abcdaf107d8b2fda142278199af76016d435cc191daf
D:\Kiwi3D_Maker\Output\uni_kiwi.vrm	.vrm	101730488	2026-08-09T11:53:49.1530399+09:00	c6279b645faf12a32a741f767515009117a5936892fc806af8935e796550e927
D:\Kiwi3D_Maker\Output\uni_kiwi_textured_rigged.vrm	.vrm	103472384	2026-08-09T15:36:59.9170293+09:00	c48ec33088f855c090a6f46886e7a6c47195da8b6318e36cc5fc92b54dddfe23
D:\Kiwi3D_Maker\AI\Hunyuan3D\output\kiwi.glb	.glb	18310268	2026-08-07T14:28:31.9801300+09:00	e694866666010b60e9336c1bf2f8881a52d43b10c2bd7764eb82524d87ba7cf4
